6,,,,,,,,,,,,,,,,,
6,,"∙ 인터넷  원서접수  :  2025.  12.  29.(월)  10:00  ~  2025.  12.  31.(수)  18:00
∙ 수시모집의  최종합격자(최초  및  충원합격자)는  등록  여부와  상관없이  정시  및  추가모집에 
지원할  수  없습니다.
∙ 본 모집요강의 일부  내용이 수정될  수 있으므로 원서접수 전 입학처 홈페이지의 공지사항을 
반드시  확인하시기  바랍니다.
http://go.hanyang.ac.kr",,,,,,,,,,,,,,,
6,,,,,,,,,,,,,,,,,
8,"일  자
'25.  12.  29.(월)  ~  12.  31.(수)","일  정
∙  인터넷  원서접수",,,,,,,,,,,,,,,
8,'25.  12.  29.(월)  ~  '26.  1.  2.(금),"∙  제출서류  접수(제출서류가  있는  전형  지원자에  한함,  방문접수  불가)
  -  '26.  1.  2.(금)  우체국  소인분까지  유효",,,,,,,,,,,,,,,
8,1.  5.(월)  ~  1.  12.(월),"∙  <가>군  예능계열  실기고사
  -  실기/실적<가>군  :  성악과,  작곡과,  피아노과,  관현악과 
  -  수능<가>군  :  연극영화학과(연출및스탭,  연기)",,,,,,,,,,,,,,,
8,1.  9.(금)  예정,"∙  1단계  합격자  발표
  -  실기/실적<가>군  :  성악과,  피아노과",,,,,,,,,,,,,,,
8,1.  14.(수),"∙  <나>군  체능계열  실기고사
  -  수능<나>군  :  스포츠산업과학부(스포츠사이언스전공)",,,,,,,,,,,,,,,
8,2.  2.(월)  이전,"∙  최종합격자  발표
  -  <가>군  일반전형,  특별전형
  -  <나>군  일반전형,  특별전형
  -  <다>군  일반전형",,,,,,,,,,,,,,,
8,2.  3.(화)  ~  2.  5.(목),∙  합격자  등록,,,,,,,,,,,,,,,
8,"2.  6.(금)  ~  2.  12.(목)
※  12일  18:00까지",∙  미등록  충원,,,,,,,,,,,,,,,
8,"2.  6.(금)  ~  2.  13.(금)
※  13일  22:00까지",∙  미등록  충원  등록,,,,,,,,,,,,,,,
9,"대  학
공과","선 발
계 열
자연","모집단위
(학과/부)
건축학부(5년제)","전체
모집
인원
39",<가>군,,,,,,"<나>군
<다>군",,,,,,
9,,,,,일반전형,,특별전형,,,,일반전형,,"특별전형
일반전형",,,,
9,,,,,정원  내,,정원  외,,,,,정원 내 정원 외,"정원  외
정원 내",,,,
9,,,,,"수능
18","실기
/실적","농어촌
학생
2","기회
균형
선발
1","특성화
고교
졸업자
2","특수
교육
대상자
자연  5
인문  2
상경  1",수능,수능,"농어촌
학생","기회
균형
선발","특성화
고교
졸업자","특수
교육
수능
대상자
자연  2
인문  1
상경  2",
9,,자연,건축공학부,37,16,,2,1,2,,,,,,,,
9,,자연,건설환경공학과,47,23,,2,1,2,,,,,,,,
9,,자연,도시공학과,36,16,,2,1,1,,,,,,,,
9,,자연,자원환경공학과,28,14,,2,1,1,,,,,,,,
9,,자연,융합전자공학부,159,,,,,,,79,,,,,,
9,,자연,컴퓨터소프트웨어학부,130,,,,,,,69,,,,,,
9,,상경,정보시스템학과(상경),34,,,,,,,17,,2,1,1,,
9,,자연,"전기·생체공학부
(전기공학전공)",58,,,,,,,28,,2,1,1,,
9,,자연,"전기·생체공학부
(바이오메디컬공학전공)",24,15,,2,,1,,,,,,,,
9,,자연,신소재공학부,79,,,,,,,42,,4,2,2,,
9,,자연,화학공학과,50,,,,,,,25,,3,2,2,,
9,,자연,생명공학과,23,,,,,,,11,,2,1,1,,
9,,자연,유기나노공학과,28,14,,2,1,1,,,,,,,,
9,,자연,에너지공학과,30,,,,,,,14,,,,,,
9,,자연,기계공학부,135,65,,6,3,3,,,,,,,,
9,,자연,원자력공학과,33,17,,1,1,1,,,,,,,,
9,,자연,산업공학과,39,20,,2,1,2,,,,,,,,
9,,자연,미래자동차공학과,60,,,,,,,29,,1,,1,,
9,,자연,데이터사이언스학부,60,,,,,,,30,,,,,,
9,,자연,반도체공학과,(40),,,,,,,,(10),,,,,
9,의과,자연,의예과,110,,,,,,,44,,,,,,
9,간호,자연,간호학과,38,13,,2,1,2,,,,,,,,
9,"인문
과학",인문,국어국문학과,29,12,,2,1,,,,,,,,,
9,,인문,중어중문학과,40,19,,2,1,,,,,,,,,
9,,인문,영어영문학과,49,25,,2,1,,,,,,,,,
9,,인문,독어독문학과,17,,,1,1,,,,,,,,,
9,,인문,사학과,22,10,,1,1,,,,,,,,,
9,,인문,철학과,17,7,,1,1,,,,,,,,,
9,"사회
과학",인문,정치외교학과,30,14,,2,1,,,,,,,,,
9,,인문,사회학과,29,13,,1,1,,,,,,,,,
9,,인문,미디어커뮤니케이션학과,41,,,,,,,16,,2,1,,,
9,,인문,관광학부,34,,,,,,,14,,2,1,2,,
10,"대  학
자연
과학","선 발
계 열
자연","모집단위
(학과/부)
수학과","전체
모집
인원
40",<가>군,,,,,,"<나>군
<다>군",,,,,,
10,,,,,일반전형,,특별전형,,,,일반전형,,"특별전형
일반전형",,,,
10,,,,,정원 내,,정원  외,,,,,정원 내 정원 외,"정원  외
정원  내",,,,
10,,,,,수능,"실기
/실적","농어촌
학생","기회
균형
선발","특성화
고교
졸업자","특수
교육
대상자
자연  5
인문  2
상경  1","수능
15",수능,"농어촌
학생
2","기회
균형
선발
1","특성화
고교
졸업자","특수
교육
수능
대상자
자연  2
인문  1
상경  2
60",
10,,자연,물리학과,36,14,,2,1,,,,,,,,,
10,,자연,화학과,47,20,,2,1,,,,,,,,,
10,,자연,생명과학과,44,,,,,,,17,,2,1,,,
10,"정책
과학",인문,정책학과,83,,,,,,,33,,,,,,
10,,인문,행정학과,36,,,,,,,17,,,,,,
10,"경제
금융",상경,경제금융학부,100,53,,4,3,3,,,,,,,,
10,경영,상경,경영학부,192,,,,,,,72,,6,3,3,,
10,,상경,파이낸스경영학과,45,,,,,,,22,,,,,,
10,사범,인문,교육학과,20,9,,,,,,,,,,,,
10,,인문,교육공학과,20,9,,,,,,,,,,,,
10,,인문,국어교육과,23,11,,,,,,,,,,,,
10,,인문,영어교육과,23,12,,,,,,,,,,,,
10,,자연,수학교육과,19,8,,,,,,,,,,,,
10,,예체능,응용미술교육과,22,,,,,,,,,,,,,
10,"생활
과학","인문/
자연",의류학과,31,8,,2,1,1,,,,,,,,
10,,자연,식품영양학과,33,8,,1,1,1,,,,,,,,
10,,"인문/
자연",실내건축디자인학과,33,8,,1,1,1,,,,,,,,
10,음악,예체능,성악과,25,,25,,,,,,,,,,,
10,,예체능,작곡과,14,,14,,,,,,,,,,,
10,,예체능,피아노과,19,,19,,,,,,,,,,,
10,,예체능,관현악과,38,,28,,,,,,,,,,,
10,,예체능,국악과,31,,,,,,,,,,,,,
10,"예술
체육",예체능,"스포츠산업과학부
(스포츠매니지먼트전공)",30,17,,,,,,,,,,,,
10,,예체능,"스포츠산업과학부
(스포츠사이언스전공)",30,,,,,,,18,,,,,,
10,,인문,"연극영화학과
(영화)",21,10,,,,,,,,,,,,
10,,예체능,"연극영화학과
(연출및스탭)",7,7,,,,,,,,,,,,
10,,예체능,연극영화학과(연기),15,14,,,,,,,,,,,,
10,,예체능,무용학과,31,,,,,,,,,,,,,
10,국제,인문,국제학부,45,9,,,,,,,,,,,,
10,"한양 
인터
칼리지","자연/
인문",한양인터칼리지학부,250,,,,,,,,,,,,,
10,합      계,,,"2,988
(40)",548,86,49,28,24,8,612,(10),28,14,13,"5
60",
11,"대  학
공과","모집단위
(학과/부)
건축학부",<가>군,,,,<나>군,,,,,,,,,,
11,,,일반전형,특별전형,,,일반전형,,특별전형,,,,,,,,
11,,,정원  내,정원  외,,,정원  내,정원  외,정원  외,,,,,,,,
11,,,"수능
18","농어촌
학생
2","기회
균형
선발
1","특성화
고교
졸업자
2",수능,수능,"농어촌
학생","기회
균형
선발","특성화
고교
졸업자",,,,,,
11,,건축공학부,16,2,1,2,,,,,,,,,,,
11,,건설환경공학과,23,2,1,2,,,,,,,,,,,
11,,도시공학과,16,2,1,1,,,,,,,,,,,
11,,자원환경공학과,14,2,1,1,,,,,,,,,,,
11,,융합전자공학부,,,,,79,,,,,,,,,,
11,,컴퓨터소프트웨어학부,,,,,69,,,,,,,,,,
11,,"전기･생체공학부
(전기공학전공)",,,,,28,,2,1,1,,,,,,
11,,"전기･생체공학부
(바이오메디컬공학전공)",15,2,,1,,,,,,,,,,,
11,,신소재공학부,,,,,42,,4,2,2,,,,,,
11,,화학공학과,,,,,25,,3,2,2,,,,,,
11,,생명공학과,,,,,11,,2,1,1,,,,,,
11,,유기나노공학과,14,2,1,1,,,,,,,,,,,
11,,에너지공학과,,,,,14,,,,,,,,,,
11,,기계공학부,65,6,3,3,,,,,,,,,,,
11,,원자력공학과,17,1,1,1,,,,,,,,,,,
11,,산업공학과,20,2,1,2,,,,,,,,,,,
11,,미래자동차공학과,,,,,29,,1,,1,,,,,,
11,,데이터사이언스학부,,,,,30,,,,,,,,,,
11,,반도체공학과,,,,,,(10),,,,,,,,,
11,의과,의예과,,,,,44,,,,,,,,,,
11,간호,간호학과,13,2,1,2,,,,,,,,,,,
11,자연과학,수학과,,,,,15,,2,1,,,,,,,
11,,물리학과,14,2,1,,,,,,,,,,,,
11,,화학과,20,2,1,,,,,,,,,,,,
11,,생명과학과,,,,,17,,2,1,,,,,,,
11,사범,수학교육과,8,,,,,,,,,,,,,,
11,생활과학,식품영양학과,8,1,1,1,,,,,,,,,,,
11,합      계,,281,30,15,19,403,(10),16,8,7,,,,,,
12,"대  학
인문과학","모집단위
(학과/부)",<가>군,,,,<나>군,,,,,,,,,,
12,,,일반전형,특별전형,,,일반전형,특별전형,,,,,,,,,
12,,,정원  내,정원  외,,,정원  내,정원  외,,,,,,,,,
12,,,수능,"농어촌
학생","기회
균형
선발","특성화
고교
졸업자",수능,"농어촌
학생","기회
균형
선발","특성화
고교
졸업자",,,,,,,
12,,국어국문학과,12,2,1,,,,,,,,,,,,
12,,중어중문학과,19,2,1,,,,,,,,,,,,
12,,영어영문학과,25,2,1,,,,,,,,,,,,
12,,독어독문학과,,1,1,,,,,,,,,,,,
12,,사학과,10,1,1,,,,,,,,,,,,
12,,철학과,7,1,1,,,,,,,,,,,,
12,사회과학,정치외교학과,14,2,1,,,,,,,,,,,,
12,,사회학과,13,1,1,,,,,,,,,,,,
12,,미디어커뮤니케이션학과,,,,,16,2,1,,,,,,,,
12,,관광학부,,,,,14,2,1,2,,,,,,,
12,정책과학,정책학과,,,,,33,,,,,,,,,,
12,,행정학과,,,,,17,,,,,,,,,,
12,사범,교육학과,9,,,,,,,,,,,,,,
12,,교육공학과,9,,,,,,,,,,,,,,
12,,국어교육과,11,,,,,,,,,,,,,,
12,,영어교육과,12,,,,,,,,,,,,,,
12,예술체육,연극영화학과(영화),10,,,,,,,,,,,,,,
12,국제,국제학부,9,,,,,,,,,,,,,,
12,합      계,,160,12,8,,80,4,2,2,,,,,,,
13,"대  학
공과","모집단위
(학과/부)",<가>군,,,,<나>군,,,,,,,,,,
13,,,일반전형,특별전형,,,일반전형,특별전형,,,,,,,,,
13,,,정원  내,정원  외,,,정원  내,정원  외,,,,,,,,,
13,,,수능,"농어촌
학생","기회
균형
선발","특성화
고교
졸업자",수능,"농어촌
학생","기회
균형
선발","특성화
고교
졸업자",,,,,,,
13,,정보시스템학과(상경),,,,,17,2,1,1,,,,,,,
13,경제금융,경제금융학부,53,4,3,3,,,,,,,,,,,
13,경영,경영학부,,,,,72,6,3,3,,,,,,,
13,,파이낸스경영학과,,,,,22,,,,,,,,,,
13,합      계,,53,4,3,3,111,8,4,4,,,,,,,
13,"대  학
생활과학","모집단위
(학과/부)",<가>군,,,,<나>군,,,,,,,,,,
13,,,일반전형,특별전형,,,일반전형,특별전형,,,,,,,,,
13,,,정원  내,정원  외,,,정원  내,정원  외,,,,,,,,,
13,,,수능,"농어촌
학생","기회
균형
선발","특성화
고교
졸업자",수능,"농어촌
학생","기회
균형
선발","특성화
고교
졸업자",,,,,,,
13,,의류학과,8,2,1,1,,,,,,,,,,,
13,,실내건축디자인학과,8,1,1,1,,,,,,,,,,,
13,합      계,,16,3,2,2,,,,,,,,,,,
13,"대  학
한양
인터칼리지","모집단위
(학과/부)",<다>군,,,,,,,,,,,,,,
13,,,일반전형,,,,,,,,,,,,,,
13,,,정원  내,,,,,,,,,,,,,,
13,,,수능,,,,,,,,,,,,,,
13,,한양인터칼리지학부,60,,,,,,,,,,,,,,
13,합      계,,60,,,,,,,,,,,,,,
14,계  열,대  학,"모집단위
(학과/부)",<가>군,,<나>군,,,,,,,,,,,
14,,,,일반전형,,일반전형,,,,,,,,,,,
14,,,,정원  내,,정원  내,,,,,,,,,,,
14,,,,수능,실기/실적,수능,,,,,,,,,,,
14,예체능,음악,성악과,,25,,,,,,,,,,,,
14,,,작곡과,,14,,,,,,,,,,,,
14,,,피아노과,,19,,,,,,,,,,,,
14,,,관현악과,,28,,,,,,,,,,,,
14,,예술체육,"스포츠산업과학부
(스포츠매니지먼트전공)",17,,,,,,,,,,,,,
14,,,"스포츠산업과학부
(스포츠사이언스전공)",,,18,,,,,,,,,,,
14,,,"연극영화학과
(연출및스탭)",7,,,,,,,,,,,,,
14,,,"연극영화학과
(연기)",14,,,,,,,,,,,,,
14,합      계,,,38,86,18,,,,,,,,,,,
14,"대  학
음악","모집단위
(학과)
성악과(25명)","전공별  인원
남자  12명,  여자  13명",,,,,,,,,,,,,,
14,,관현악과(28명),"바이올린  11명,  비올라  3명,  첼로  5명,  더블베이스  2명,  플루트  1명, 
오보에  1명,  클라리넷  1명,  바순  1명,  호른  1명,  트럼펫  1명,  타악기  1명",,,,,,,,,,,,,,
16,"대  학
간호대학","모집단위(전공)
간호학과",,,,,,,,,,,,,,,
16,인문과학대학,"국어국문학과,  중어중문학과,  영어영문학과,  사학과",,,,,,,,,,,,,,,
16,사회과학대학,관광학부,,,,,,,,,,,,,,,
16,자연과학대학,"수학과,  물리학과",,,,,,,,,,,,,,,
16,생활과학대학,식품영양학과,,,,,,,,,,,,,,,
16,음악대학,"성악과,  작곡과,  피아노과,  관현악과,  국악과",,,,,,,,,,,,,,,
16,예술체육대학,"스포츠산업과학부(스포츠사이언스전공),  연극영화학과,  무용학과",,,,,,,,,,,,,,,
16,"대학/학과
경영대학",,"내  용
15개국  29개  대학과  학생교류  프로그램  운영
  *  교환학생  :  캐나다  Alberta  School  of  Business,
University  of  Alberta  외  19개교   
  *  학‧석사  연계  과정  :  미국  Temple  University  외  1개교 
  *  복수학위  :  프랑스  NEOMA  Business  School","문  의
02)2220-2433",,,,,,,,,,,,,
16,"인문과학
대학",중어중문학과,"2학년  2학기부터  타이완  국립  타이완대학교  중문과에서  2년간  수학  후
양  대학  학사학위  동시  취득(매년  2명  선발)",02)2220-0770,,,,,,,,,,,,,
16,,독어독문학과,"지원자에  한하여  독일  국립  바이로이트대학교에서  3학년  1학기  한  학기 
과정  이수",02)2220-0730,,,,,,,,,,,,,
17,"반도체공학과  장학금
    •   장학금  지급  대상  :  정시  <나>군  반도체공학과  등록자  전원
대상
정시  <나>군 
반도체공학과 입학자
      - 반도체공학과는  ㈜SK하이닉스와  협약에  의해  설치된  채용조건형  계약학과임
      - 장학  유지  조건  및  기타  특전에  대한  상세  내용은  해당  학과로  문의(02-2220-1081)
정시  <나>군  일반전형  장학금
    •   정시  <나>군  일반전형  최초합격자  전원  2년  50%  장학금  지급
      -  예체능계열  및  특별전형  제외
      -  반도체공학과  제외,  의예과  제외 
대상  전형
정시  <나>군
  - 해당자의  등록  학기  횟수를  집계하여  최대  지원학기  수  내에서  장학금  지급
        (유지  조건  미충족에  따른  탈락  횟수  포함)
  - 전과  또는  제적  시  지급  중단","●  장학지원내역
◌  수혜기간(지원학기수)
●  등록금  전액
◌  2년(최대  4학기)
●  장학  지원내역
◌ 수혜  기간(지원학기 수)
●  수업료  50%
◌  2년(최대  4학기)","기타  특전  및  유지조건
• 입학생  정원  등록금  및  학업  장려금  지원
  -  1~2학년  :  최소  학점  요건  미달  시  다음  학기  지원  취소 
  -  3~4학년 SK하이닉스 장학생 :  최소 학점  요건  미달 시  다음  학기 
지원  취소
• SK하이닉스  장학생  전형은  2학년  2학기부터  지원  조건 
충족 시 응시할 수  있으며, 장학생 선발 이후 최소 학점 요건 
충족  시  SK하이닉스  최종  입사
• 자세한  유지조건  및  특전은  학과로  문의
유지  조건
직전  학기  장학용  평균  평점  3.75  이상",,,,,,,,,,,,,,
17,,,,,,,,,,,,,,,,,
17,,,,,,,,,,,,,,,,,
17,,,,,,,,,,,,,,,,,
17,,,,,,,,,,,,,,,,,
18,"호수
전형별 
총점(만점)기준","1호
-30점","2호
3호
-100점","4호
5호
-200점","6호
7호
-300점","8호
9호
부적격",,,,,,,,,,,
18,"학생부교과
(추천형)
17(▲4)",학생부종합,,"논술
10(▲1)","정시
79(▲16)",,,,,,,,,,,,
18,,"추천형
10(▲2)","서류형
28(▲17)",,,,,,,,,,,,,,
18,6(▲2),-,14(▲10),-,29(▲8),,,,,,,,,,,,
18,7(▲2),-,14(▲10),-,30(▲8),,,,,,,,,,,,
19,"대학
공과","모집단위
융합전자공학부","2025학년도
정시  <가>군",,,,,,,,,,,,,,
19,,컴퓨터소프트웨어학부,,,,,,,,,,,,,,,
19,,전기･생체공학부(전기공학전공),,,,,,,,,,,,,,,
19,의과,의예과,,,,,,,,,,,,,,,
19,정책과학,정책학과,,,,,,,,,,,,,,,
19,경영,경영학부,,,,,,,,,,,,,,,
19,모집단위,2025학년도,,,,,,,,,,,,,,,
19,,"국어
35","수학
30","영어
10",탐구,,,,,,,,,,,,
19,,,,,"사탐
과탐","과목수
2",,,,,,,,,,,
19,"의류학과,
실내건축디자인학과",,,,25,,,,,,,,,,,,
19,2026학년도,,,,,,,,,,,,,,,,
19,"국어
35","수학
35","영어
10",탐구,,,,,,,,,,,,,
19,,,,"사탐
과탐
20","과목수
2",,,,,,,,,,,,
19,"수시
폐지","정시
19명","모집군
<가>군","전형방법
1단계(2배수):  실기  100%
2단계:  실기  70%  +  수능  30%",,,,,,,,,,,,,
19,"대학
예술
체육
대학","모집단위
연극영화학과(연출및스탭)","2025학년도 
실기  55%  +  수능  45%",,,,,,,,,,,,,,
19,,연극영화학과(연기),,,,,,,,,,,,,,,
20,"특수교육
대상자
<가>군",2025학년도,,,,,,,,,,,,,,,
20,,"자연
6명","인문
2명","상경
2명",,,,,,,,,,,,,
20,<나>군,1명,1명,1명,,,,,,,,,,,,,
20,총합,7명,3명,3명,,,,,,,,,,,,,
20,"자연
5명","인문
2명","상경
1명",,,,,,,,,,,,,,
20,2명,1명,2명,,,,,,,,,,,,,,
20,7명,3명,3명,,,,,,,,,,,,,,
21,"전  형
수능<가>군","주  요  사  항
•   수능  90%  +  학생부종합평가  10%  (일부  예체능계열  제외)","page
23 ~ 28",,,,,,,,,,,,,,
21,수능<나>군,"•   수능  90%  +  학생부종합평가  10%  (예체능계열  제외)
•   의예과  44명  모집
•   최초합격자  전원  2년  50%  장학금  지급
      (특별전형  및  예체능계열,  반도체공학과,  의예과  제외)
  ※  장학금  지급  학점  유지조건  :  직전학기  성적  3.75  이상",29 ~ 31,,,,,,,,,,,,,,
21,수능<다>군,"•   수능  90%  +  학생부종합평가  10%
•   한양인터칼리지학부  60명  모집",32,,,,,,,,,,,,,,
21,<가/나>군  특별전형,"•   수능  90%  +  학생부종합평가  10%,  수능최저학력기준  없음
  ※  대상전형 :  농어촌학생, 기회균형선발,  특성화고교졸업자, 특수교육대상자",33 ~ 41,,,,,,,,,,,,,,
21,"계열/대학/학과(부)
자연계열","국어
25","수학
40","영어
10",탐구,,,,,,,,,,,,
21,,,,,"비율
25","반영  과목수
2",,,,,,,,,,,
21,인문계열,35,30,10,25,2,,,,,,,,,,,
21,"상경계열,  의류학과,  실내건축디자인학과, 
한양인터칼리지학부",35,35,10,20,2,,,,,,,,,,,
21,음악대학,80,-,20,-,-,,,,,,,,,,,
21,스포츠산업과학부,40,30,10,20,1,,,,,,,,,,,
21,연극영화학과(영화),35,30,10,25,2,,,,,,,,,,,
21,"연극영화학과(연출및스탭,  연기)",50,-,30,20,1,,,,,,,,,,,
21,"계열/대학/학과(부)
자연계열,  인문계열,  상경계열, 
의류학과,  실내건축디자인학과,
연극영화학과(영화),  한양인터칼리지학부","수능  필수  응시영역
국어,  수학,  영어,  사탐  또는  과탐(2과목),  한국사",,,,,,,,,,,,,,,
21,음악대학,"국어,  영어,  한국사",,,,,,,,,,,,,,,
21,스포츠산업과학부,"국어,  수학,  영어,  사탐  또는  과탐(1과목),  한국사",,,,,,,,,,,,,,,
21,"연극영화학과(연출및스탭,  연기)","국어,  영어,  사탐  또는  과탐(1과목),  한국사",,,,,,,,,,,,,,,
24,"신청메뉴
등록포기  신청  및  조회","대  상
합격자  중에서  등록할  의사가  없는  학생","신청기한
등록포기  원인  발생  즉시",,,,,,,,,,,,,,
24,환불  신청  및  조회,등록한  자  중에서  환불(등록포기)을  원하는  학생,,,,,,,,,,,,,,,
25,전형,,계열/대학/학과(부),전형료,감면  금액,납부  금액,"1단계 
불합격자
환불  금액",,,,,,,,,,
25,<가>군,일반전형,자연·인문·상경계열,"30,000원",-,"30,000원",-,,,,,,,,,,
25,,,"성악과,  피아노과","110,000원",-,"110,000원","50,000원",,,,,,,,,,
25,,,"작곡과,  관현악과","90,000원",-,"90,000원",-,,,,,,,,,,
25,,,스포츠산업과학부(스포츠매니지먼트전공),"30,000원",-,"30,000원",-,,,,,,,,,,
25,,,"연극영화학과(연출및스탭,  연기)","90,000원",-,"90,000원",-,,,,,,,,,,
25,,농어촌학생,모집인원표  참조,"20,000원",-,"20,000원",-,,,,,,,,,,
25,,특성화고교졸업자,모집인원표  참조,"20,000원",-,"20,000원",-,,,,,,,,,,
25,,기회균형선발,모집인원표  참조,"20,000원","19,000원","1,000원",-,,,,,,,,,,
25,,특수교육대상자,모집인원표  참조,"20,000원","19,000원","1,000원",-,,,,,,,,,,
25,<나>군,일반전형,자연·인문·상경계열,"30,000원",-,"30,000원",-,,,,,,,,,,
25,,,스포츠산업과학부(스포츠사이언스전공),"90,000원",-,"90,000원",-,,,,,,,,,,
25,,농어촌학생,모집인원표  참조,"20,000원",-,"20,000원",-,,,,,,,,,,
25,,특성화고교졸업자,모집인원표  참조,"20,000원",-,"20,000원",-,,,,,,,,,,
25,,기회균형선발,모집인원표  참조,"20,000원","19,000원","1,000원",-,,,,,,,,,,
25,,특수교육대상자,모집인원표  참조,"20,000원","19,000원","1,000원",-,,,,,,,,,,
25,<다>군,일반전형,한양인터칼리지학부,"30,000원",-,"30,000원",-,,,,,,,,,,
26,"구  분
원서접수  마감  전","환불  금액
전형료  전액",,,,,,,,,,,,,,,
26,원서접수  마감  후  3일  이내,전형료의  70%  환불,,,,,,,,,,,,,,,
26,원서접수  마감  후  4일  이후부터  전형별  고사  후  3일  이내,전형료의  50%  환불,,,,,,,,,,,,,,,
26,전형별  고사  후  4일  이후,반환하지  않음,,,,,,,,,,,,,,,
29,전  형,,계열/대학/학과(부),"모집
인원
500",선발방법,"선발
비율(%)","전형  요소 
반영비율  (%)",,,,,,,,,,
29,,,,,,,수능,"학생부
종합평가",실기,,,,,,,,
29,"<가>군
일반전형",수능,자연·인문·상경,,일괄합산,100,90,10,-,,,,,,,,
29,,,연극영화학과(영화),10,일괄합산,100,90,10,-,,,,,,,,
29,,,"스포츠산업과학부
(스포츠매니지먼트전공)",17,일괄합산,100,90,10,-,,,,,,,,
29,,"실기/
실적",성악과,25,1단계,300,-,-,100,,,,,,,,
29,,,,,2단계,100,20,-,80,,,,,,,,
29,,,작곡과,14,일괄합산,100,30,-,70,,,,,,,,
29,,,피아노과,19,1단계,200,-,-,100,,,,,,,,
29,,,,,2단계,100,30,-,70,,,,,,,,
29,,,관현악과,28,일괄합산,100,20,-,80,,,,,,,,
29,,수능,"연극영화학과
(연출및스탭,  연기)",21,일괄합산,100,55,-,45,,,,,,,,
29,"<가>군 
특별전형
[정원  외]",수능,농어촌학생,49,일괄합산,100,90,10,-,,,,,,,,
29,,,기회균형선발,28,일괄합산,100,90,10,-,,,,,,,,
29,,,특성화고교졸업자,24,일괄합산,100,90,10,-,,,,,,,,
29,,,특수교육대상자,8,일괄합산,100,90,10,-,,,,,,,,
29,"<나>군
일반전형",수능,"자연·인문·상경
*정원  외  반도체공학과  포함",604,일괄합산,100,90,10,-,,,,,,,,
29,,,"스포츠산업과학부
(스포츠사이언스전공)",18,일괄합산,100,70,-,30,,,,,,,,
29,"<나>군 
특별전형
[정원  외]",수능,농어촌학생,28,일괄합산,100,90,10,-,,,,,,,,
29,,,기회균형선발,14,일괄합산,100,90,10,-,,,,,,,,
29,,,특성화고교졸업자,13,일괄합산,100,90,10,-,,,,,,,,
29,,,특수교육대상자,5,일괄합산,100,90,10,-,,,,,,,,
29,"<다>군
일반전형",수능,한양인터칼리지학부,60,일괄합산,100,90,10,-,,,,,,,,
30,"일  자
'25.  12.  29.(월)  ~  12.  31.(수)","일  정
∙  인터넷  원서접수",,,,,,,,,,,,,,,
30,'26.  1.  5.(월)  ~  1.  12.(월),"∙  예능계열  실기고사
  -  음악대학  :  성악과,  작곡과,  피아노과,  관현악과 
  -  예술체육대학  :  연극영화학과(연출및스탭,  연기)",,,,,,,,,,,,,,,
30,1.  9.(금)  예정,"∙  1단계  합격자  발표
  -  음악대학  :  성악과,  피아노과",,,,,,,,,,,,,,,
30,2.  2.(월)  이전,∙  최종합격자  발표,,,,,,,,,,,,,,,
30,2.  3.(화)  ~  2.  5.(목),∙  합격자  등록,,,,,,,,,,,,,,,
30,"2.  6.(금)  ~  2.  12.(목)
※  12일  18:00까지",∙  미등록  충원,,,,,,,,,,,,,,,
30,"2.  6.(금)  ~  2.  13.(금)
※  13일  22:00까지",∙  미등록  충원  등록,,,,,,,,,,,,,,,
31,"계열/학과(부)
자연/인문/상경계열",,"모집인원
500","전형방법
수능  90%  +  학생부종합평가  10%",,,,,,,,,,,,,
31,연극영화학과(영화),,10,,,,,,,,,,,,,,
31,예 체 능,스포츠산업과학부(스포츠매니지먼트전공),17,,,,,,,,,,,,,,
31,,성악과,"25
(남12,  여13)","-  1단계(3배수)  :  실기  100%
      -  2단계  :  실기  80%  +  수능  20%",,,,,,,,,,,,,
31,,작곡과,14,실기  70%  +  수능  30%,,,,,,,,,,,,,
31,,피아노과,19,"-  1단계(2배수)  :  실기  100%
      -  2단계  :  실기  70%  +  수능  30%",,,,,,,,,,,,,
31,,관현악과,28,실기  80%  +  수능  20%,,,,,,,,,,,,,
31,,연극영화학과(연출및스탭),7,수능  55%  +  실기  45%,,,,,,,,,,,,,
31,,연극영화학과(연기),14,,,,,,,,,,,,,,
31,"순위
1","자연계
수학","인문계
국어","상경계
수학","음악대학
실기고사  성적","스포츠산업과학부
(스포츠매니지먼트전공)
국어","연극영화학과
(연출및스탭,  연기)
국어",,,,,,,,,,
31,2,탐구,수학,국어,국어,탐구,영어,,,,,,,,,,
31,3,국어,탐구,탐구,영어,영어,탐구,,,,,,,,,,
31,4,영어,영어,영어,-,-,-,,,,,,,,,,
31,5,한국사,한국사,한국사,-,-,-,,,,,,,,,,
32,모집인원,실기곡,,배점,,,,,,,,,,,,,
32,"25
남자(12)
여자(13)",1단계,이탈리아어  또는  독일어로  되어있는  가곡이나  아리아  1곡,100,,,,,,,,,,,,,
32,,2단계,"1.  이탈리아어로  되어있는  가곡이나  아리아  중  1곡
2.  독일어로  되어있는  가곡이나  아리아  중  1곡 
3.  콘코네  31-50번  중  당일추첨  1곡","45
45
10",,,,,,,,,,,,,
32,,"*  원서접수  시  1단계  곡과  2단계  곡을  입력해야  접수  가능
*  원서접수  시  입력한  곡명은  변경할  수  없음(입력된  곡을  연주하지  않을  경우  실격  처리)
*  1단계와  2단계  곡은  중복이  불가함
*  가곡의  이조는  가능하지만  아리아의  이조는  불가
*  과제곡은  원어로  불러야하며,  레치타티보는  생략
*  과제곡을  중간에서  시작하여도  무방하나  중간  생략  및  편집은  불가
*  반주자는  본인이  대동하여야  함
*  콘코네는  모음창으로  본인  악보를  준비하여  연주함(고성/중성/저성)",,,,,,,,,,,,,,,
32,모집인원,실기곡,,배점,,,,,,,,,,,,,
32,14,피아노  실기,"F.  Poulenc
Intermezzo  No.1  in  C  Major,  Presto  con  fuoco",15,,,,,,,,,,,,,
32,,청음,"1.  선율(단선율  및  2성부)
2.  18세기  이후  작곡된  삼중주(피아노  삼중주에  국한되지  않음)  중   
일부분(16마디  내외)을  듣고  비어  있는  마디의  성부  받아  적기   
      (한양대학교  입학처  홈페이지  게시된  예시문제  참조)",20,,,,,,,,,,,,,
32,,화성풀이,전통화성  전반,25,,,,,,,,,,,,,
32,,작곡  실기,"1.  피아노를  위한  독주곡:  형식(예:  겹세도막,  소나티네,  작은론도  등)을 
자유롭게  선택하여  40마디  이상의  완성된  단악장  작곡
2.  형식을  포함하여  작품에  대한  간략한  설명",40,,,,,,,,,,,,,
32,모집인원,실기곡,,배점,,,,,,,,,,,,,
32,19,1단계,"1.  F.  J.  Haydn  또는  W.  A.  Mozart의  Piano  Sonatas  중  한  곡  (제1악장)
2.  F.  Chopin  Etudes  Op.  10  또는  Op.  25  중  한  곡","100
(종합평가)",,,,,,,,,,,,,
32,,2단계,"1.  L.  v.  Beethoven  Piano  Sonatas  중  한  곡  (제1악장)
2.  F.  Schubert,  F.  Mendelssohn,  F.  Chopin,  R.  Schumann,  J.  Brahms의","100
(종합평가)",,,,,,,,,,,,,
33,모집인원,실기곡,,배점,,,,,,,,,,,,,
33,,,"작품  중  한  곡 
      ※  연주시간  5분  이상의  곡
      ※  F.  Chopin의  Etude  제외
      ※  Sonata의  경우  한  악장
      ※  모음곡의  경우  발췌  가능
3.  다음  중  한  곡
    ‧  C.  Debussy  Etudes
    ‧  C.  Debussy  Preludes
    ‧  A.  Scriabin  Etudes  Op.  8
    ‧  A.  Scriabin  Etudes  Op.  42
    ‧  S.  Rachmaninoff  Etudes-Tableaux  Op.  33
    ‧  S.  Rachmaninoff  Etudes-Tableaux  Op.  39
    ‧  S.  Rachmaninoff  Preludes  Op.  23
    ‧  S.  Rachmaninoff  Preludes  Op.  32
    ‧  B.  Bartok  Etudes  Op.  18
    ‧  I.  Stravinsky  Etudes  Op.  7",,,,,,,,,,,,,,
33,"전공(인원)
Violin
(11)","실기곡
1.  Carl  Flesh  :  Scale  E  Major
      (Tempo  ♩=  70,  Bowing  한양대학교  입학처  홈페이지  게시,  게시된  악보에  CUT  표시)
2.  Kreutzer  -  Yampolsky  :  Etude  8       
      (Tempo ♪= 170, Bowing 악보에 기재된 대로, 한양대학교 입학처 홈페이지에 게시된 악보만 사용)
3.  Kreutzer  -  Yampolsky  :  Etude  20
      (Tempo ♩= 80, Bowing 악보에 기재된 대로, 한양대학교 입학처 홈페이지에 게시된 악보만 사용)
4. L. v. Beethoven : Violin Concerto Op.61 in D Major 전악장 (Cadenza : Kreisler)
      (Edition  :  Bärenreiter  Urtext)","배점
40
15
15
30",,,,,,,,,,,,,,
33,"Viola
(3)","1.  J.  S.  Bach  :  Suite  No.5  in  c  minor,  Prelude
2.  B.  Bartok  :  Viola  Concerto  1악장","40
60",,,,,,,,,,,,,,
33,"Cello
(5)","1.  A.  Piatti  :  12  Caprices,  Op.  25,    No.9
2.  R.  Schumann  :  Cello  Concerto  in  a  minor  전악장  (Cadenza  제외)","100
(종합평가)",,,,,,,,,,,,,,
33,"D.Bass
(2)","1.  H.  Fryba  :  A  Suite  in  the  Olden  Style  중  VI.  Gigue  (Solo  Tuning)
2.  K.  Dittersdorf  :  Double  Bass  Concerto  in  E  Major  전악장 
      (Solo  Tuning,  Gruber  Cadenza  포함)","100
(종합평가)",,,,,,,,,,,,,,
34,전공(인원),실기곡,배점,,,,,,,,,,,,,,
34,"Flute
(1)","1.  E.  Bozza  :  Image  Op.38
2.  J.  Ibert  :  Concerto  for  Flute  1,  3악장(3악장  중  리허설번호  61~67  제외)
*  전곡  암보,  Etude  무반주","50
50",,,,,,,,,,,,,,
34,"Oboe
(1)","1.  W.  Ferling  :  48  Etudes  for  Oboe  No.36
2.  1분  내외의  초견곡
3.  R.  Strauss  :  Oboe  Concerto  Op.144  전악장
*  전곡  암보,  Etude  및  초견  무반주","30
30
40",,,,,,,,,,,,,,
34,"Clarinet
(1)","1.  B.  Kovacs  :  Hommage  à  N.  Paganini
2.  1분  내외의  초견곡
3.  G.  Rossini  :  Introduction,  Theme  and  Variations
*  전곡  암보,  Etude  및  초견  무반주","30
30
40",,,,,,,,,,,,,,
34,"Bassoon
(1)","1.  C.  Jacobi  :  Caprices  Op.15  중  No.3
2.  1분  내외의  초견곡
3.  W.  A.  Mozart  :  Concerto  in  Bb  Major  K.191(186e)  전악장 
      (Edition:  Baerenreiter  Verlag)
*  전곡  암보,  Etude  및  초견  무반주","30
30
40",,,,,,,,,,,,,,
34,"Horn
(1)","1.  C.  Kopprasch  2권  No.  35,  36,  42,  50,  57  중  당일  추첨  1곡 
      (으뜸조와  이조  모두  연주)
2.  R.  Strauss  :  Concerto  No.  2  in  E♭  Major  1악장
      W.  A.  Mozart  :  Concerto  No.  4  in  E♭  Major  K.495  1악장","30
70",,,,,,,,,,,,,,
34,"Trumpet
(1)","1.  W.  Brandt  :  Etuden  4,  9,  11,  14,  24  중  당일  추첨  1곡
2.  R.  Planel  :  Concerto  for  Trumpet  전악장","30
70",,,,,,,,,,,,,,
34,"Percussion
(1)","<Snare  Drum> 
1.  M.  Markovich  :  The  Winner
2. J. Delecluse: 12 Studies for Snare Drum No. 1, 3, 5, 6, 8, 9 中 당일 추첨 1곡
<Marimba>
1.  P.  Creston  :  Concertino  for  Marimba  3악장
2.  J.  Druckman:  Reflections  on  the  Nature  of  Water  中  No.  4  Gently  swelling
<Timpani> 
1.  F.  Krüger  :  Etude  No.  45  for  Timpani 
*  모든  곡은  반복  생략
*  Snare  Drum을  제외한  모든  악기는  개인지참  불가함
*  Marimba를  제외한  모든  곡은  악보를  보아도  무방함","30
(종합평가)
40
(종합평가)
30",,,,,,,,,,,,,,
35,전공(인원),실기  내용,배점,,,,,,,,,,,,,,
35,"연출및스탭
(7)","1.  그룹토론(그룹별  20분)
  -  시험  당일  고사장에서  제시하는  주제에  대한  그룹  토론  진행",60,,,,,,,,,,,,,,
35,,2.  면접(5분),40,,,,,,,,,,,,,,
35,전공(인원),실기  내용,배점,,,,,,,,,,,,,,
35,"연기
(14)","1.  연기종합실기(5분)
  -  시험  당일  학교에서  제시하는  5분  정도의  대사를  2차  대기실에서  연습  후  연기
  -  자유독백,  움직임,  가창,  특기  등  연기예술  관련  심사위원으로부터  현장에서  요청되는 
사안에  대한  종합평가",60,,,,,,,,,,,,,,
35,,2.  면접(2분),40,,,,,,,,,,,,,,
36,"일  자
'25.  12.  29.(화)  ~  12.  31.(수)","일  정
∙  인터넷  원서접수",,,,,,,,,,,,,,,
36,'26.  1.  14.(수),"∙  체능계열  실기고사
  -  예술체육대학  :  스포츠산업과학부(스포츠사이언스전공)",,,,,,,,,,,,,,,
36,2.  2.(월)  이전,∙  최종합격자  발표,,,,,,,,,,,,,,,
36,2.  3.(화)  ~  2.  5.(목),∙  합격자  등록,,,,,,,,,,,,,,,
36,"2.  6.(금)  ~  2.  12.(목)
※  12일  18:00까지",∙  미등록  충원,,,,,,,,,,,,,,,
36,"2.  6.(금)  ~  2.  13.(금)
※  13일  22:00까지",∙  미등록  충원  등록,,,,,,,,,,,,,,,
37,"계열/학과(부)
자연/인문/상경계열","모집인원
594(10)","전형방법
        수능  90%  +  학생부종합평가  10%",,,,,,,,,,,,,,
37,"스포츠산업과학부
예체능
(스포츠사이언스전공)",18,수능  70%  +  실기  30%,,,,,,,,,,,,,,
37,"순위
1","자연계
수학","인문계
국어","상경계
수학","스포츠산업과학부
(스포츠사이언스전공)
국어",,,,,,,,,,,,
37,2,탐구,수학,국어,탐구,,,,,,,,,,,,
37,3,국어,탐구,탐구,영어,,,,,,,,,,,,
37,4,영어,영어,영어,-,,,,,,,,,,,,
37,5,한국사,한국사,한국사,-,,,,,,,,,,,,
38,등급,남,여,평가점수,,,,,,,,,,,,,
38,1,22초50  이내,24초50  이내,300,,,,,,,,,,,,,
38,2,22초51-23초00,24초51-25초00,295,,,,,,,,,,,,,
38,3,23초01-23초50,25초01-25초50,290,,,,,,,,,,,,,
38,4,23초51-24초00,25초51-26초00,285,,,,,,,,,,,,,
38,5,24초01-24초50,26초01-26초50,280,,,,,,,,,,,,,
38,6,24초51-25초00,26초51-27초00,275,,,,,,,,,,,,,
38,7,25초01-25초50,27초01-27초50,270,,,,,,,,,,,,,
38,8,25초51-26초00,27초51-28초00,265,,,,,,,,,,,,,
38,9,26초01-26초50,28초01-28초50,260,,,,,,,,,,,,,
38,10,26초51-27초00,28초51-29초00,255,,,,,,,,,,,,,
38,11,27초01-27초50,29초01-29초50,250,,,,,,,,,,,,,
38,12,27초51-28초00,29초51-30초00,245,,,,,,,,,,,,,
38,13,28초01-28초50,30초01-30초50,240,,,,,,,,,,,,,
38,14,28초51-29초00,30초51-31초00,235,,,,,,,,,,,,,
38,15,29초01  이상,31초01  이상,230,,,,,,,,,,,,,
39,"일  자
'25.  12.  29.(월)  ~  12.  31.(수)","일  정
∙  인터넷  원서접수",,,,,,,,,,,,,,,
39,'26.  2.  2.(월)  이전,∙  최종합격자  발표,,,,,,,,,,,,,,,
39,2.  3.(화)  ~  2.  5.(목),∙  합격자  등록,,,,,,,,,,,,,,,
39,"2.  6.(금)  ~  2.  12.(목)
※  12일  18:00까지",∙  미등록  충원,,,,,,,,,,,,,,,
39,"2.  6.(금)  ~  2.  13.(금)
※  13일  22:00까지",∙  미등록  충원  등록,,,,,,,,,,,,,,,
41,"일  자
'25.  12.  29.(월)  ~  12.  31.(수)","일  정
∙  인터넷  원서접수",,,,,,,,,,,,,,,
41,'25.  12.  29.(월)  ~  '26.  1.  2.(금),∙  제출서류  접수  (제출서류가  있는  지원자에  한함.  방문접수  불가),,,,,,,,,,,,,,,
41,2.  2.(월)  이전,∙  최종합격자  발표,,,,,,,,,,,,,,,
41,2.  3.(화)  ~  2.  5.(목),∙  합격자  등록,,,,,,,,,,,,,,,
41,"2.  6.(금)  ~  2.  12.(목)
※  12일  18:00까지",∙  미등록  충원,,,,,,,,,,,,,,,
41,"2.  6.(금)  ~  2.  13.(금)
※  13일  22:00까지",∙  미등록  충원  등록,,,,,,,,,,,,,,,
42,"순위
1","자연계
수학","인문계
국어","상경계
수학",,,,,,,,,,,,,
42,2,탐구,수학,국어,,,,,,,,,,,,,
42,3,국어,탐구,탐구,,,,,,,,,,,,,
42,4,영어,영어,영어,,,,,,,,,,,,,
42,5,한국사,한국사,한국사,,,,,,,,,,,,,
43,"자격요건
공통","제출서류
학교생활기록부(온라인  제공  동의자  제외),  학력증명서(해당자) 제출서류  관련  공통사항  pp.20~21  참조",,비고,,,,,,,,,,,,,
43,①,수급자  증명서,,"시·군·구청,  읍·면·동  주민센터  발급",,,,,,,,,,,,,
43,②,차상위  자활근로자  확인서,택  1,"시·군·구청,  읍·면·동  주민센터  발급",,,,,,,,,,,,,
43,,차상위  장애수당  대상자  확인서,,,,,,,,,,,,,,,
43,,차상위  장애인연금  대상자  확인서,,,,,,,,,,,,,,,
43,,차상위계층  확인서,,,,,,,,,,,,,,,
43,,차상위  본인부담경감  대상자  확인서,,국민건강보험공단  발급,,,,,,,,,,,,,
43,③,한부모가족증명서,,"시·군·구청,  읍·면·동  주민센터  발급",,,,,,,,,,,,,
43,해당자,"주민등록등본,  가족관계증명서",,"①,  ②,  ③의  제출서류를  지원자  본인 
명의로  발급받을  수  없는  경우",,,,,,,,,,,,,
44,"일  자
'25.  12.  29.(월)  ~  12.  31.(수)","일  정
∙  인터넷  원서접수",,,,,,,,,,,,,,,
44,'25.  12.  29.(월)  ~  '26.  1.  2.(금),∙  제출서류  접수  (제출서류가  있는  지원자에  한함.  방문접수  불가),,,,,,,,,,,,,,,
44,2.  2.(월)  이전,∙  최종합격자  발표,,,,,,,,,,,,,,,
44,2.  3.(화)  ~  2.  5.(목),∙  합격자  등록,,,,,,,,,,,,,,,
44,"2.  6.(금)  ~  2.  12.(목)
※  12일  18:00까지",∙  미등록  충원,,,,,,,,,,,,,,,
44,"2.  6.(금)  ~  2.  13.(금)
※  13일  22:00까지",∙  미등록  충원  등록,,,,,,,,,,,,,,,
44,"계열
자연/인문/상경","모집인원
<가>군  28명
<나>군  14명","전형방법
수능  90%  +  학생부종합평가  10%","수능최저학력기준
없음",,,,,,,,,,,,,
44,"순위
1","자연계
수학","인문계
국어","상경계
수학",,,,,,,,,,,,,
44,2,탐구,수학,국어,,,,,,,,,,,,,
44,3,국어,탐구,탐구,,,,,,,,,,,,,
44,4,영어,영어,영어,,,,,,,,,,,,,
44,5,한국사,한국사,한국사,,,,,,,,,,,,,
45,"한양대학교  모집단위
특성화고교졸업자 
특별전형  모집인원이 
있는  공과대학  및 
생활과학대학  전  학과","동일계열
공업","교육과정의  기준학과명
기계과,  전자기계과,  금속재료과,  전기과,  전자과,  통신과,  컴퓨터응용과, 
토목과,  건축과,  디자인과,  화학공업과,  환경공업과,  세라믹과,  식품공업과, 
섬유과, 인쇄과, 자동차과, 조선과, 항공과, 컴퓨터게임과, 만화·애니메이션과, 
영상제작과",,,,,,,,,,,,,,
45,,"건설,  기계,  재료,
  화학  공업,  전기·전자","토목과, 건축시공과, 조경과, 기계과, 냉동공조과, 자동차과, 조선과, 항공과, 
금속재료과,  세라믹과,  산업설비과,  화학공업과,  전기과,  전자과",,,,,,,,,,,,,,
45,,상업  정보,"경영정보과, 회계정보과, 무역정보과, 유통정보과, 정보처리과, 콘텐츠개발과, 
전자상거래과,  상업디자인과,  관광경영과,  금융정보과",,,,,,,,,,,,,,
45,,"경영·금융,  디자인·문화콘텐츠, 
미용·관광·레저,  정보·통신","경영･사무과, 재무･회계과, 유통과, 금융과, 판매과, 디자인과, 문화콘텐츠과, 
미용과,  관광･레저과,  방송･통신과,  정보컴퓨터과",,,,,,,,,,,,,,
45,,농생명  산업,"식물자원과,  동물자원과,  산림자원과,  조경과,  농업토목과,  농업기계과, 
식품가공과,  농산물유통정보과,  환경·관광농업과,  생명공학기술과",,,,,,,,,,,,,,
45,,"식품  가공,  농림·수산  해양","식품가공과,  농업과,  원예과,  산림자원과,  동물자원과,  농업기계과, 
농업토목과,  해양생산과,  수산양식과,  해양레저과",,,,,,,,,,,,,,
45,,수산·해운,"해양생산과,  수산양식과,  자영수산과,  수산식품과,  해양환경과,  냉동공조과, 
동력기계과,  항해과,  전자통신과,  해양레저산업과,  항만물류과,  해양정보과",,,,,,,,,,,,,,
45,,"환경·안전,  선박  운항","환경보건과,  산업안전과,  항해과,  기관과",,,,,,,,,,,,,,
45,"특성화고교졸업자 
특별전형  모집인원이 
있는  인문계열, 
상경계열  및",상업  정보,"경영정보과, 회계정보과, 무역정보과, 유통정보과, 정보처리과, 콘텐츠개발과, 
전자상거래과,  상업디자인과,  관광경영과,  금융정보과",,,,,,,,,,,,,,
45,,"경영·금융,  디자인·문화콘텐츠,","경영･사무과, 재무･회계과, 유통과, 금융과, 판매과, 디자인과, 문화콘텐츠과,",,,,,,,,,,,,,,
46,"한양대학교  모집단위
생활과학대학  전  학과, 
간호학과","동일계열
미용·관광·레저,  정보·통신","교육과정의  기준학과명
미용과,  관광･레저과,  방송･통신과,  정보컴퓨터과",,,,,,,,,,,,,,
46,,가사·실업,"조리과, 의상과, 실내디자인과, 보육과, 관광과, 간호과, 복지서비스과, 미용과",,,,,,,,,,,,,,
46,,"보건·복지,  음식  조리,  섬유·의류, 
인쇄·출판·공예","보육과,  사회복지과,  보건간호과,  조리･식음료과,  섬유과,  의류과, 
인쇄･출판과,  공예과",,,,,,,,,,,,,,
46,,농생명  산업,"식품가공과,  환경관광농업과",,,,,,,,,,,,,,
46,,"식품  가공,  농림·수산  해양","식품가공과,  농업과,  원예과,  산림자원과,  동물자원과,  농업기계과, 
농업토목과,  해양생산과,  수산양식과,  해양레저과",,,,,,,,,,,,,,
46,"일  자
'25.  12.  29.(월)  ~  12.  31.(수)","일  정
∙  인터넷  원서접수",,,,,,,,,,,,,,,
46,'25.  12.  29.(월)  ~  '26.  1.  2.(금),∙  제출서류  접수  (제출서류가  있는  지원자에  한함.  방문접수  불가),,,,,,,,,,,,,,,
46,2.  2.(월)  이전,∙  최종합격자  발표,,,,,,,,,,,,,,,
46,2.  3.(화)  ~  2.  5.(목),∙  합격자  등록,,,,,,,,,,,,,,,
46,"2.  6.(금)  ~  2.  12.(목)
※  12일  18:00까지",∙  미등록  충원,,,,,,,,,,,,,,,
46,"2.  6.(금)  ~  2.  13.(금)
※  13일  22:00까지",∙  미등록  충원  등록,,,,,,,,,,,,,,,
46,"순위
1","자연계
수학","인문계
국어","상경계
수학",,,,,,,,,,,,,
46,2,탐구,수학,국어,,,,,,,,,,,,,
46,3,국어,탐구,탐구,,,,,,,,,,,,,
46,4,영어,영어,영어,,,,,,,,,,,,,
46,5,한국사,한국사,한국사,,,,,,,,,,,,,
47,구분,,모집인원,모집단위,,,,,,,,,,,,,
47,<가>군,자연,5명,"건축학부,  건축공학부,  건설환경공학과,  도시공학과,  자원환경공학과, 
전기·생체공학부(바이오메디컬공학전공),  유기나노공학과,  기계공학부, 
원자력공학과,  산업공학과,  물리학과,  화학과,  식품영양학과",,,,,,,,,,,,,
47,,인문,2명,"국어국문학과,  중어중문학과,  영어영문학과,  독어독문학과,  사학과,  철학과, 
정치외교학과,  사회학과",,,,,,,,,,,,,
47,,상경,1명,"경제금융학부,  의류학과,  실내건축디자인학과",,,,,,,,,,,,,
47,<나>군,자연,2명,"전기·생체공학부(전기공학전공),  신소재공학부,  화학공학과,  생명공학과, 
수학과,  생명과학과",,,,,,,,,,,,,
47,,인문,1명,"미디어커뮤니케이션학과,  관광학부",,,,,,,,,,,,,
47,,상경,2명,"정보시스템학과(상경),  경영학부",,,,,,,,,,,,,
47,"자격요건
①","제출서류
장애인증명서","비고
시·군·구청,  읍·면·동  주민센터  발급",,,,,,,,,,,,,,
47,②,국가유공자  확인원(원본),상이등급이  기재되어  있어야  함,,,,,,,,,,,,,,
48,"일  자
'25.  12.  29.(월)  ~  12.  31.(수)","일  정
∙  인터넷  원서접수",,,,,,,,,,,,,,,
48,'25.  12.  29.(월)  ~  '26.  1.  2.(금),∙  제출서류  접수  (제출서류가  있는  지원자에  한함.  방문접수  불가),,,,,,,,,,,,,,,
48,2.  2.(월)  이전,∙  최종합격자  발표,,,,,,,,,,,,,,,
48,2.  3.(화)  ~  2.  5.(목),∙  합격자  등록,,,,,,,,,,,,,,,
48,"2.  6.(금)  ~  2.  12.(목)
※  12일  18:00까지",∙  미등록  충원,,,,,,,,,,,,,,,
48,"2.  6.(금)  ~  2.  13.(금)
※  13일  22:00까지",∙  미등록  충원  등록,,,,,,,,,,,,,,,
48,"순위
1","자연계
수학","인문계
국어","상경계
수학",,,,,,,,,,,,,
48,2,탐구,수학,국어,,,,,,,,,,,,,
48,3,국어,탐구,탐구,,,,,,,,,,,,,
48,4,영어,영어,영어,,,,,,,,,,,,,
48,5,한국사,한국사,한국사,,,,,,,,,,,,,
49,"계열/대학/학과(부)
자연계열,  인문계열,  상경계열, 
의류학과,  실내건축디자인학과,
연극영화학과(영화),  한양인터칼리지학부","수능  필수  응시영역
국어,  수학,  영어,  사탐  또는  과탐(2과목),  한국사",,,,,,,,,,,,,,,
49,음악대학,"국어,  영어,  한국사",,,,,,,,,,,,,,,
49,스포츠산업과학부,"국어,  수학,  영어,  사탐  또는  과탐(1과목),  한국사",,,,,,,,,,,,,,,
49,"연극영화학과(연출및스탭,  연기)","국어,  영어,  사탐  또는  과탐(1과목),  한국사",,,,,,,,,,,,,,,
50,전형,영역별  반영비율  및  배점,,,,,총점,,,,,,,,,,
50,,"국어 
25%","수학 
40%
360","영어 
10%",탐구  25%,,,,,,,,,,,,
50,,,,,"사탐/과탐
(2과목)","직탐
(2과목)",,,,,,,,,,,
50,"<가/나>군  일반전형,
<가/나>군  농어촌학생,
<가/나>군  기회균형선발,
<가/나>군  특수교육대상자",225,,90,225,-,900,,,,,,,,,,
50,<가/나>군  특성화고교졸업자,225,360,90,225,,900,,,,,,,,,,
50,전형,영역별  반영비율  및  배점,,,,,총점,,,,,,,,,,
50,,"국어 
35%","수학 
30%
270","영어 
10%",탐구  25%,,,,,,,,,,,,
50,,,,,"사탐/과탐
(2과목)","직탐
(2과목)",,,,,,,,,,,
50,"<가/나>군  일반전형,
<가/나>군  농어촌학생,
<가/나>군  기회균형선발,
<가/나>군  특수교육대상자",315,,90,225,-,900,,,,,,,,,,
50,<가/나>군  특성화고교졸업자,315,270,90,225,,900,,,,,,,,,,
50,전형,영역별  반영비율  및  배점,,,,,총점,,,,,,,,,,
50,,"국어 
35%","수학 
35%
315","영어 
10%",탐구  20%,,,,,,,,,,,,
50,,,,,"사탐/과탐
(2과목)","직탐
(2과목)",,,,,,,,,,,
50,"<가/나/다>군  일반전형,
<가/나>군  농어촌학생,
<가/나>군  기회균형선발,
<가/나>군  특수교육대상자",315,,90,180,-,900,,,,,,,,,,
50,<가/나>군  특성화고교졸업자,315,315,90,180,,900,,,,,,,,,,
51,"전형  /  모집단위
성악과  [2단계]
관현악과
<가>군  일반전형
작곡과
피아노과  [2단계]",,영역별  반영비율  및  배점,,"총점
200",,,,,,,,,,,,
51,,,"국어  80%
160","영어  20%
40",,,,,,,,,,,,,
51,,,160,40,200,,,,,,,,,,,,
51,,,240,60,300,,,,,,,,,,,,
51,,,240,60,300,,,,,,,,,,,,
51,전형  /  모집단위,영역별  반영비율  및  배점,,,,총점,,,,,,,,,,,
51,,"국어 
35%","수학 
30%","영어 
10%",탐구  25%,,,,,,,,,,,,
51,,,,,"사탐/과탐
(2과목)",,,,,,,,,,,,
51,"<가>군  일반전형
연극영화학과(영화)",315,270,90,225,900,,,,,,,,,,,
51,전형  /  모집단위,영역별  반영비율  및  배점,,,총점,,,,,,,,,,,,
51,,국어  50%,영어  30%,탐구  20%,,,,,,,,,,,,,
51,,,,"사탐/과탐
(1과목)",,,,,,,,,,,,,
51,"연극영화학과
<가>군  일반전형
(연출및스탭,  연기)",275,165,110,550,,,,,,,,,,,,
51,전형  /  모집단위,,영역별  반영비율  및  배점,,,,총점,,,,,,,,,,
51,,,"국어 
40%","수학 
30%","영어 
10%",탐구  20%,,,,,,,,,,,
51,,,,,,"사탐/과탐
(1과목)",,,,,,,,,,,
51,<가>군  일반전형,"스포츠산업과학부
(스포츠매니지먼트전공)",360,270,90,180,900,,,,,,,,,,
51,<나>군  일반전형,"스포츠산업과학부
(스포츠사이언스전공)",280,210,70,140,700,,,,,,,,,,
52,국어  25%,수학  40%,영어  10%,탐구  25%,,,,,,,,,,,,,
52,,,,사탐/과탐(2과목),직탐(2과목),,,,,,,,,,,,
52,"본인표준점수
×225
147","본인표준점수
×360
139",등급별  점수,"H
1
  + H2
×225
69.44×2","Y1  + Y2
×225
69.44×2",,,,,,,,,,,,
52,국어  25%,수학  40%,영어  10%,탐구  25%,,,,,,,,,,,,,
52,,,,사탐/과탐(2과목),,,,,,,,,,,,,
52,"본인표준점수
×225
147","본인표준점수
×360
139",등급별  점수,"H1×1.2  + H2×0.8
×225
69.44×2",,,,,,,,,,,,,
52,국어  35%,수학  30%,영어  10%,탐구  25%,,,,,,,,,,,,,
52,,,,사탐/과탐(2과목),직탐(2과목),,,,,,,,,,,,
52,"본인표준점수
×315
147","본인표준점수
×270
139",등급별  점수,"H
1
  + H2
×225
69.44×2","Y1  + Y2
×225
69.44×2",,,,,,,,,,,,
53,국어  35%,수학  30%,영어  10%,탐구  25%,,,,,,,,,,,,,
53,,,,사탐/과탐(2과목),,,,,,,,,,,,,
53,"본인표준점수
×315
147","본인표준점수
×270
139",등급별  점수,"H1×1.2  + H2×0.8
×225
69.44×2",,,,,,,,,,,,,
53,국어  35%,수학  35%,영어  10%,탐구  20%,,,,,,,,,,,,,
53,,,,사탐/과탐(2과목),직탐(2과목),,,,,,,,,,,,
53,"본인표준점수
×315
147","본인표준점수
×315
139",등급별  점수,"H
1
  + H2
×180
69.44×2","Y1  + Y2
×180
69.44×2",,,,,,,,,,,,
53,국어  35%,수학  35%,영어  10%,탐구  20%,,,,,,,,,,,,,
53,,,,사탐/과탐(2과목),,,,,,,,,,,,,
53,"본인표준점수
×315
147","본인표준점수
×315
139",등급별  점수,"H1×1.2  + H2×0.8
×180
69.44×2",,,,,,,,,,,,,
54,국어  35%,수학  30%,영어  10%,탐구  25%,,,,,,,,,,,,,
54,,,,사탐/과탐(2과목),,,,,,,,,,,,,
54,"본인표준점수
×315
147","본인표준점수
×270
139",등급별  점수,"H
1
  + H2
×225
69.44×2",,,,,,,,,,,,,
54,국어  50%,영어  30%,탐구  20%,,,,,,,,,,,,,,
54,,,사탐/과탐(1과목),,,,,,,,,,,,,,
54,"본인표준점수
×275
147",등급별  점수,"H1 
×110
69.44",,,,,,,,,,,,,,
54,국어  40%,수학  30%,영어  10%,탐구  20%,,,,,,,,,,,,,
54,,,,사탐/과탐(1과목),,,,,,,,,,,,,
54,"본인표준점수
×400
147","본인표준점수
×300
139",등급별  점수,"H
1
×200
69.44",,,,,,,,,,,,,
55,"백분위
100
99
98
97
96","변환표준점수
69.44
68.81
68.09
67.36
66.76","백분위
65
64
63
62
61","변환표준점수
55.06
54.67
54.30
53.92
53.53","백분위
30
29
28
27
26","변환표준점수
42.71
42.47
42.24
41.99
41.71",,,,,,,,,,,
55,"95
94
93
92
91","66.16
65.66
65.19
64.74
64.35","60
59
58
57
56","53.13
52.72
52.31
51.93
51.57","25
24
23
22
21","41.42
41.13
40.85
40.58
40.31",,,,,,,,,,,
55,"90
89
88
87
86","63.97
63.57
63.19
62.79
62.44","55
54
53
52
51","51.21
50.80
50.44
50.07
49.68","20
19
18
17
16","40.05
39.78
39.52
39.24
38.96",,,,,,,,,,,
55,"85
84
83
82
81","62.08
61.73
61.38
61.05
60.72","50
49
48
47
46","49.27
48.88
48.50
48.15
47.79","15
14
13
12
11","38.68
38.41
38.14
37.87
37.61",,,,,,,,,,,
55,"80
79
78
77
76","60.36
60.01
59.65
59.30
58.97","45
44
43
42
41","47.47
47.15
46.76
46.39
46.03","10
9
8
7
6","37.32
37.05
36.73
36.32
35.91",,,,,,,,,,,
55,"75
74
73
72
71","58.62
58.22
57.86
57.50
57.16","40
39
38
37
36","45.68
45.35
44.99
44.65
44.35","5
4
3
2
1","35.47
34.99
34.43
33.71
32.82",,,,,,,,,,,
55,"70
69
68
67
66","56.81
56.46
56.12
55.75
55.43","35
34
33
32
31","44.07
43.78
43.47
43.21
42.96",0,31.12,,,,,,,,,,,
56,"등급
1","자연
[영어  10%]","인문･상경･예체능
의류학과, 
실내건축디자인학과, 
한양인터칼리지학부
[영어  10%]","음악대학
[영어  20%]","연극영화학과
(연출및스탭,  연기)
[영어  30%]",,,,,,,,,,,,
56,,"등급별
등급  간
점수
점수
100
0","등급별
등급  간
점수
점수
100
0","등급별
등급  간
점수
점수
200
0","등급별
등급  간
점수
점수
300
0",,,,,,,,,,,,
56,2,"98
-2","96
-4","-8
192","288
-12",,,,,,,,,,,,
56,3,"94
-4","90
-6","-12
180","270
-18",,,,,,,,,,,,
56,4,"88
-6","82
-8","-16
164","246
-24",,,,,,,,,,,,
56,5,"80
-8","72
-10","-20
144","216
-30",,,,,,,,,,,,
56,6,"70
-10","60
-12","-24
120","180
-36",,,,,,,,,,,,
56,7,"58
-12","46
-14","-28
92","138
-42",,,,,,,,,,,,
56,8,"44
-14","30
-16","-32
60","90
-48",,,,,,,,,,,,
56,9,"28
-16","12
-18","-36
24","36
-54",,,,,,,,,,,,
56,"계열/대학/학과(부)
자연계열","등급
1~4등급","반영방법
4등급까지  만점  처리",,,,,,,,,,,,,,
56,,4등급  미만,1등급당  0.1점씩  감점  처리,,,,,,,,,,,,,,
56,"인문･상경계열,  의류학과, 
실내건축디자인학과,
연극영화학과(영화),
한양인터칼리지학부",1~3등급,3등급까지  만점  처리,,,,,,,,,,,,,,
56,,3등급  미만,1등급당  0.1점씩  감점  처리,,,,,,,,,,,,,,
56,예체능계열,1~8등급,8등급까지  만점  처리,,,,,,,,,,,,,,
56,,8등급  미만,1등급당  0.1점씩  감점  처리,,,,,,,,,,,,,,
57,"평가영역
교과학습
발달상황","평가항목
계열적합성","평가내용
•  이수과목,  이수단위(학점)  등을  중심으로  계열적합성을  평가",,,,,,,,,,,,,,
57,,출결상황  등 학교생활성실도,•  출결  및  학교폭력사항  등을  중심으로  학교생활성실도를  평가,,,,,,,,,,,,,,
58,"호수
전형별 
총점(만점)기준","1호
-30점","2호
3호
-100점","4호
5호
-200점","6호
7호
-300점","8호
9호
부적격",,,,,,,,,,,
59,"재학생수
(명)
15,829","등록금수입
(천원)
133,333,417",장학금액(천원),"장학금  수혜비율(%)
44.1%",,,,,,,,,,,,,
59,,,"교내  장학금
교외(국가+교외)  장학금
24,585,047
34,252,364",,,,,,,,,,,,,,
59,,,"58,837,411",,,,,,,,,,,,,,
59,"대상  전형
정시  <나>군 
일반전형","●  장학지원내역
◌  수혜기간(지원학기수)
●  수업료  50%
◌  2년(최대  4학기)","선발기준
정시  <나>군  일반전형  최초합격자","유지조건
직전학기 장학용 평균평점 3.75 이상",,,,,,,,,,,,,
60,"■  대상  :  한양인터칼리지학부(자연,인문)  신입학자
●  장학내역  :  등록금  50%(2년,  최대  4학기)  /  학업보조비  200만원(학업보조비  학년별  수혜조건  충족자에  한함)
◎  수혜조건 
  ◾  등록금  지원  계속수혜조건(성적조건  +  교육과정  이수요건  충족  시  지급) 
        -  신입학  첫  학기는  수혜조건  적용하지  않음
학년
1-1학기
1-2학기
2-1학기
   
2-2학기
        *  최대  지원학기수  내에서  장학금  지급
        *  챌린지  장학금의  학기별  수혜조건은  교육과정  구체화  단계에서  일부  변경될  수  있음 
  ◾  학업보조비  학년별  수혜조건(성적조건  +  전공  프로젝트  요건  충족시  지급)
학년
2학년
3학년
   
4학년
  ※  전공  프로젝트  완료  요건  :  각  학년별  전공  프로젝트  진행  후  별도의  완료  심사평가  진행  예정
  ※  재수강,  유급  등으로  각  학년-학기를  재이수하는  경우  챌린지  장학금  수혜  대상에서  당연  제외
  ※  제적  시  장학금  대상  자격  영구  중지
  ※  기타  장학금  관련  문의  :  한양인터칼리지  행정팀(02-2220-1162)","성적조건
해당  없음
직전학기 
평점평균 
3.75이상","성적조건
직전학기 
평점평균 
2.0이상","장학내역
등록금  50%
(고지서  감면)","전공  프로젝트  요건
한양인터칼리지  전공선택  프로젝트  완료","비고
연속 2년(최대  4학기)지원이며, 성적조건 및 이수조건 미충족에  따른 탈락 
학기  수를  포함함","지급액
200만원","지급시기
2학년  중",,,,,,,,,
60,,,,,,,,,,,,,,,,,
60,,,,,,,,,,,,,,,,,
60,,,,,,,,,,,,,,,,,
60,,,,,,,,,,,,,,,,,
60,,,,,,,,,,,,,,,,,
60,,,,,,,,,,,,,,,,,
60,,,,,,,,,,,,,,,,,
60,,,,,,,,,,,,,,,,,
60,,,,,한양인터칼리지  전공심화  프로젝트  완료,,200만원,3학년  중,,,,,,,,,
60,,,,,한양인터칼리지  전공융합  프로젝트  완료,,200만원,4학년  중,,,,,,,,,
60,,,,,,,,,,,,,,,,,
61,"장학
구분","장학명칭
(소득구간)","●  장학지원내역
◌  수혜  기간,  최소  조건",비  고,,,,,,,,,,,,,
61,"가계
곤란
장학","사랑의실천
장학금
(기초,차상위)","●  한국장학재단의  소득분위에 
따라 국가장학금 1유형, 2유형 
금액을 포함하여 등록금 범위내 
일부  지원
○  수업  연한내,  직전학기 
취득학점  10학점  이상, 
장학평점  2.0  이상 
(신(편)입생의 첫학기  성적조건 
적용하지  않음)","• 매  학기  교내장학(가계곤란)신청자  중  한국장학재단의  소득
구간을 활용하여 가계곤란  정도에  따라 차등 지원(한국장학재단
의  소득구간  활용)
• 신(편)입생의  첫 학기 교내장학신청 접수는  3월 학기 개시 이후 
진행.  다만,  신(편)입학  등록  전  학생  본인의  수급자증명  또는 
차상위계층  증명서  제출자에  한하여  사전감면  가능
  (신(편)입생의  경우  합격자등록  안내에  장학  사전감면을  위한 
서류제출  안내  참조  必)
• 재학생,  신(편)입생  및  복학생  구분  없이  매  학기  국가장학금 
신청  및 교내가계곤란장학  신청  필수(매  학기  관련 공지  참조)
• 매 학기 한국장학재단의  소득구간 확인을 위한  국가장학 신청과 
함께  교내  가계곤란장학  신청  필수
•  재학생  신청기간  :  1학기  –  12월  초  ~  2월  초
                                    2학기  –  6월  초  ~  8월  초",,,,,,,,,,,,,
61,,"실용인재
장학금
(소득구간 
1~9구간)",,,,,,,,,,,,,,,
61,장학  명칭,"●  장학금  /  ○  수혜기간,  유지조건",선발기준  및  신청방법,,,,,,,,,,,,,,
61,"국가장학1,2유형","●  가계소득별(소득구간)  장학금  지원
○  매  학기  신청
○  상세내용은  한국장학재단  홈페이지  참고
※  국가장학2유형의 경우  대학의 사업참여  여부에 
따라  지원되지  않을  수도  있음","• 소득 9분위 이하, 성적기준  및 지원조건은  한국
장학재단  공지  확인  必
• 한국장학재단  사이트에서  신청 
(http://www.kosaf.go.kr/)",,,,,,,,,,,,,,
61,"주거안정장학금
(한국장학재단)","●  소속대학을  기준으로  부모  모두의  주민등록상 
주소지가  원거리  지역에  해당하는  만  39세  이하 
미혼인  대학생
○  학자금  지원구간  기초  또는  차상위계층인  자","• 상세내용은  한국장학재단  홈페이지  참고
• 한국장학재단  사이트에서  신청 
(http://www.kosaf.go.kr/)",,,,,,,,,,,,,,
61,"국가
(푸른등대  기부장학금)",●  학기당  등록금  및  생활비  지급,"• 소외계층에  해당하는  본인  또는  자녀
(한국장학재단  선발기준  및  선발결과에  따름)
• 별도공지  후  선발",,,,,,,,,,,,,,
62,"장학  명칭
국가우수  장학금
(이공계)","●  장학금  /  ○  수혜기간,  유지조건
●  4년  등록금  전액
※  기초생활수급자 : 생활비(학기당 250만원)  지급
○  계속지원  기준은  한국장학재단  홈페이지 
참고(http://www.kosaf.go.kr/)","선발기준  및  신청방법
• 이공계열 학과(부)에 입학한 신입생 중  수능성적 
우수자와  수시  입학성적  우수자
(한국장학재단  선발기준  및  선발결과에  따름)
• 입학처  별도추천",,,,,,,,,,,,,,
62,"국가우수  장학금
(인문100년)","●  4년  등록금  전액(전공탐색  I  ·  II유형)
※  I유형:  등록금  +  생활비  지원,  II유형:  등록금 
지원
○  계속지원  기준은  한국장학재단  홈페이지 
참고(http://www.kosaf.go.kr/)","• 인문·사회계열 학과(부)에 재학 중인 1학년 신입
생(한국장학재단  선발기준  및  선발결과에  따름)
• 단과대학별  별도추천",,,,,,,,,,,,,,
62,"국가우수  장학금
(예술체육비전)","●  4년  등록금  전액(전공탐색  I  ·  II유형)
※  I유형:  등록금  +  생활비  지원,  II유형:  등록금 
지원
○  계속지원  기준은  한국장학재단  홈페이지 
참고(http://www.kosaf.go.kr/)","• 예술 및 체육계열 학과(부) 에 재학  중인 1학년 
신입생(한국장학재단  선발기준  및 선발결과에 따
름)
• 단과대학별  별도추천",,,,,,,,,,,,,,
62,국가근로,"●  실제  근무한  시간에  시급단가를  곱한  금액
    시급단가는  한국장학재단의  국가근로장학금
      지급기준에  따름","• 대한민국  국적의  학생  중 소득구간  9구간 이하
의 저소득계층 재학생 중 직전학기  성적 백분율
이  70점  이상인  자
(한국장학재단  선발기준  및  선발결과에  따름)
• 한국장학재단  사이트에서  신청 
(http://www.kosaf.go.kr/)",,,,,,,,,,,,,,
62,교외단체,(재)롯데장학재단  외  100여  개,단체별  선발기준에  따라  선발,,,,,,,,,,,,,,
62,장학금명,"■  지원대상
●  장학지원내역
◌  수혜  기간  및  조건",신청방법  등,,,,,,,,,,,,,,
62,"한양형제자매 
장학금","■  한양대학교(서울/ERICA)  학부에  형제,  자매가 
정규학기 재적(재학 또는 휴학) 중인 신입학  합격자 
  (동일학기  입학자  및  편입학자는  대상  아님)
●  1학년  1학기  수업료  50%  감면
○  입학  년도  첫학기(1회  한)","• 제출서류 :  장학신청서(본교양식), 합격통지서(또는 
재학증명서),  형제자매의  재학(또는  휴학)  증명서, 
(형제자매임을  확인할  수  있는)가족관계증명서  등
• 제출기한  :  신입학  등록전  또는  입학후  3월  말
• 제출처  :  신입학자  소속  캠퍼스  학생지원팀
  (상세일정은  합격자등록안내  또는  장학공지  참조)
※  기한내  미제출시  지원  불가  및  소급  신청  불가
※  교내  다른  학비감면  장학과  중복수혜  불가",,,,,,,,,,,,,,
62,"한양복지장학
(직계자녀장학)","■ 한양대학교, 재단 법인사무국, 한양대학교 부속병
원의  정규직원  재직자의  직계자녀  학부  신입생
●  수업료  전액","• 제출서류 :  장학신청서(본교양식), 합격통지서(또는 
재학증명서),  (교)직원  재직증명서,  가족관계증명서
  (합격자  유의사항  장학서류제출  안내  확인  要)",,,,,,,,,,,,,,
63,장학금명,"■  지원대상
●  장학지원내역
◌  수혜  기간  및  조건",신청방법  등,,,,,,,,,,,,,,
63,,"○  수업연한  내,  성적기준  2.0이상
    (성적으로  인한  탈락  수혜횟수에  포함)","• 제출처  :  입학생의  소속  캠퍼스  학생지원팀
• 최초  서류제출  이후  추가  신청  필요  없으며,  학적 
및  성적기준  충족시  수업연한  횟수  내  자동  지원",,,,,,,,,,,,,,
63,"보훈  장학금
(국가유공자)","■ ['국가유공자 등 예우 및 지원에  관한 법률]이  규정
하는 요건을 충족하는  국가유공자 본인 또는 (손)자
녀로  관련  서류를  학생지원팀에  제출한  자
  (다만,  손자·손녀는  독립유공자만  해당)
●  등록금  전액  감면(국고+교비)
○ 수업  연한 내  학기 수(타 대학에서 지원  받은 횟수 
합산),  보훈청  교육지원대상  성적기준  충족자
  (성적으로  인한  탈락  지원횟수에  포함됨)","• 제출서류 :  장학신청서(본교양식), 합격통지서(또는 
재학증명서),  대학수업료면제대상자증명서(본인이 
국가유공자인  경우  “교육지원대상자  증명서”)
• 제출처  :  입학생의  소속  캠퍼스  학생지원팀
• 제출기한  :  신입학  등록전  또는  학기  개시  전
  (합격자  유의사항  장학서류제출  안내  확인  要)
• 최초  서류제출 이후  추가 신청 필요 없으며, 교육지
원대상  조건  충족시  자동  지원",,,,,,,,,,,,,,
63,"보훈  장학금
(새터민)","■  [북한이탈주민의 보호 및 정착지원에 관한 법률]
이  규정하는  요건을  충족하고,  통일부(북한이탈주
민)의  ‘교육지원대상자 증명서’를 학생지원팀에  제
출한  자
●  등록금  전액  감면(국고+교비)
○ 수업 연한 내  학기(타 대학교에서  지원 받은 횟수 
포함),  통일부의  교육지원대상  조건  충족자
  (성적으로  인한  탈락  지원횟수에  포함)","• 새터민전형  합격자는  입학팀  경유하여  관련서류를 
학생지원팀에서  요청  함(별도  추가확인이  필요한 
경우  개별연락)
• 최초  서류제출 이후  추가 신청 필요 없으며, 통일부
의 교육지원대상 조건(교육이수, 성적,  지원가능  횟
수  유무,  지원가능  기한  등)  충족시  자동  지원",,,,,,,,,,,,,,
63,"장학명
(월  지급액)",성적조건,"한국장학재단 
소득구간",비고,,,,,,,,,,,,,
63,"라이언  장학금
(월20만원)","◉  직전학기  장학용  평균평점  이상자
      -  기초생활수급자  :  2.0이상
      -  차상위계층  :  3.0이상","기초생활수급자
차상위계층","• 신입학  최초  등록학기의  경우 
성적기준을  적용하지  않으며, 
  라이언  장학금(월20만원)으로  일괄 
지원
• 라이언장학금(생활장학금)  그룹  및 
본교  기부금으로  지원하는 
라이언프라이드  장학금  내에서 
중복수혜  불가",,,,,,,,,,,,,
63,"라이언플러스  장학금
(월50만원)","◉  직전학기  장학용  평균평점  3.5이상  or
      재학중  성적비교를  통한  조건  충족자",기초생활수급자,,,,,,,,,,,,,,
63,"라이언에이드  장학금
(월40만원)","◉  직전학기  장학용  평균평점  3.5이상  or
      재학중  성적비교를  통한  조건  충족자",차상위계층,,,,,,,,,,,,,,
64,장학명,대상,비고,,,,,,,,,,,,,,
64,고시반  생활장학,"관련  고시반(행정고시반,  국립외교원반, 
기술고시반,  변리사반,  공인회계사반)에 
입반하여 각 고시반 지도교수 추천을 받은 자",매  학기  고시반  생활비장학  지급내규에  따름,,,,,,,,,,,,,,
64,교내  근로장학,"교내  행정부서의  근로장학생으로  선발되어 
근로를  제공하는  정규학기  학부  재학생","실제  근무한  시간에  시급단가를  곱한  금액
(시급단가는 해당연도 노동부의  최저시급을 기준함)",,,,,,,,,,,,,,
64,리더십장학,"총학생회 의결기구에서 인가된 학생 자치 기구 
소속  중에서  학생지원팀  추천을  받은  자",매  학기  관련지침에  근거하여  선발된  자에게  지급,,,,,,,,,,,,,,
64,미디어장학,"학내신문사, 한대방송국, 한양저널, 한양교지 
편입위원회에  소속되어  활동을  수행한  대상 
중  학생지원팀  추천을  받은  자",매  학기  관련지침에  근거하여  선발된  자에게  지급,,,,,,,,,,,,,,
64,학부리더십장학,"단과대학  학생대표,  학생부대표  등","각 단괴대학의 관련 예산범위 내에서 내규에 근거하
여  지급",,,,,,,,,,,,,,
64,해외파견지원장학,"-  국제처  또는  현장학습지원센터  선발
- 해외 장기파견, 단기파견, 글로벌현장학습 
인턴십프로그램  장학등",주관  부서  별도  지정,,,,,,,,,,,,,,
64,구  분,대출  가능  금액,비고,,,,,,,,,,,,,,
64,"농촌출신대학생
학자금대출",등록금  내에서  대출  가능,"• 농어촌출신  학부생에게  등록금  전액을  무이자로  대출해주고 
거치기간과 상환기간을 선택하여 상환이 가능하도록  함으로써 
농어업인  자녀들의  고등교육기회를  보장하는  대출제도
• 신청대상(지원자격)  한국장학재단  학자금대출  참고
    (http://www.kosaf.go.kr/)",,,,,,,,,,,,,,
64,"취업  후  상환
학자금대출","등록금  내에서  대출  가능
생활비  학기당  200만원  대출가능","• 한국장학재단의  학자금지원구간에  따라  대학생에게 
학자금(등록금,  생활비)을 대출해주고  취업  등 소득이  발생한 
시점부터  소득수준에  따라  원리금을  상환하는  대출  제도
• 신청대상(지원자격)  한국장학재단  학자금대출  참고
    (http://www.kosaf.go.kr/)",,,,,,,,,,,,,,
64,"일반  상환 
학자금대출","등록금  내에서  대출  가능
생활비  학기당  200만원  대출가능","• 학부생에게  학자금대출(등록금  및  생활비)을  지원하고, 
대출기간  동안(거치기간  및  상환기간)  원리금을  분할하여 
상환하는  대출제도
• 대출금리  :  연1.7%(고정금리)
• 신청대상(지원자격)  한국장학재단  학자금대출  참고
    (http://www.kosaf.go.kr/)",,,,,,,,,,,,,,
65,"기숙사
유형
대학직영
기숙사","생활관명
제2학생
생활관","성별
남","호실
타입
2인실","거주보장
기간
1개 학기",모집인원 (전체),,,"단과대학별 
모집인원
「학생생활관 
2026학년도 
학부  신입생용 
모집요강」  참조",,,,,,,,
65,,,,,,"남학생
200","여학생
-","계
200",,,,,,,,,
65,,개나리관,여,2인실,1개 학기,-,70,70,,,,,,,,,
65,,"제7학생
생활관",남,"1인실
·
2인실",1년,434,-,434,,,,,,,,,
65,"행복
기숙사","제5학생
생활관",여,"2인실
·
3인실",1년,-,387,387,,,,,,,,,
65,합계,,,,,634,457,"1,091",,,,,,,,,
65,"성별
남학생","생활관명
제2학생생활관","모집인원
200",모집단위별  모집인원  (2025학년도  기준  예시),,,,,,,,,,,,,
65,,,,"재외국민+수시모집
합격자
126","정시모집  합격자
74","합계   
200",,,,,,,,,,,
65,,제7학생생활관,434,274,160,434,,,,,,,,,,,
65,,계,634,400,234,634,,,,,,,,,,,
65,여학생,개나리관,70,44,26,70,,,,,,,,,,,
65,,제5학생생활관,387,244,143,387,,,,,,,,,,,
65,,계,457,288,169,457,,,,,,,,,,,
66,"기숙사유형
대학직영
기숙사","생활관명
제2학생생활관","성별
남","호실
타입
2인실","호실
면적
4~5평","호실  개인 비품 및 시설
싱글침대,  옷장,  책상,  책꽂이, 
의자, 에어컨,  난방기,  빨래건조대","비고
층별  공용화장실  및 
샤워실  사용
(호실  내  화장실  및 
샤워실  없음)",,,,,,,,,,
66,,개나리관,여,2인실,6평,"싱글침대,  옷장,  책상,  책꽂이, 
의자,  수납장,  신발장,  에어컨, 
난방기,  빨래건조대,  화장실  및 
샤워실",,,,,,,,,,,
66,,제7학생생활관,남,1인실,7평,"싱글침대,  옷장,  책상,  책꽂이, 
의자,  수납장,  신발장,  에어컨, 
난방기,  빨래건조대,  화장실  및 
샤워실",,,,,,,,,,,
66,,,,2인실,,,,,,,,,,,,,
66,"행복
기숙사",제5학생생활관,여,1인실,7평,"싱글침대,  옷장,  책상,  책꽂이, 
의자,  신발장,  에어컨,  난방기, 
빨래건조대,  화장실  및  샤워실",,,,,,,,,,,
66,,,,2인실,,,,,,,,,,,,,
66,,,,3인실,10평,,,,,,,,,,,,
66,"기숙사유형
대학직영
기숙사","생활관명
제2학생생활관","성별
남","거주보장
기간
1개 학기","호실
타입
2인실",1개 학기  생활관비,,"비고
층별  공용화장실  및 
샤워실  사용
(호실  내  화장실  및 
샤워실  없음)",,,,,,,,,
66,,,,,,"학기
(116일)
1,036,000","학기+방학
(174일)
1,554,000",,,,,,,,,,
66,,개나리관,여,1개 학기,2인실,"1,450,000","2,175,000",,,,,,,,,,
66,,제7학생생활관,남,1년,1인실,×,"3,548,000","2025-1학기분에 
해당  (181일)
2025-2학기분
생활관비  별도  납부 
(6월  초)",,,,,,,,,
66,,,,,2인실,×,"2,534,000",,,,,,,,,,
66,행복기숙사,제5학생생활관,여,1년,1인실,×,"1,908,000",,,,,,,,,,
66,,,,,2인실,×,"1,908,000",,,,,,,,,,
66,,,,,3인실,×,"1,828,000",,,,,,,,,,
67,"구분
학적","입사신청  자격                  *  아래의  항목을  모두  충족하여야  함
§ 서울캠퍼스  2026학년도  신입학  예정자 
(재외국민과  외국인  특별전형ㆍ수시모집ㆍ정시모집  합격자)
※ 단, 생활관 모집일정 상「생활관 입사신청」시작일 이전에  합격한 자에 한하여  입사신청  자격이 부여되며, 「생활관 
입사신청」시작일  이후에  합격한  경우  입사신청이  불가함",,,,,,,,,,,,,,,
67,거주지,"§ 부모(양친)  모두  『서울 지역  외』  거주자 
  -  부모(양친)  모두의  주민등록표등본상  주소지를  기준으로  판단함 
          ex)  등본상  주소가  부친: 1순위  지역  /  모친: 2순위  지역일  경우,  학생의  거주지  순위는  2순위
          ex)  부친,  모친  모두  1순위  지역일  경우,  학생의  거주지  순위는  1순위 
  -  학생의  주민등록표등본상  주소지는  상관없음
거주지순위
1순위  지역
2순위  지역
<예외>  신체장애학생 (중증 이상)은  서울 지역  거주자도  허용","보호자  거주  지역
§ 해외(재외국민)
§ 강원도,  충청도  이하  지역 (충청도,  전라도,  경상도,  제주도  등)
§ 경기도
가평군,  안성시, 여주시,  연천군,  오산시,  이천시,  파주시,  평택시,  포천시,  화성시,  김포시
(월곶면,  하성면,  통진읍,  대곶면),  용인시 (처인구),  인천광역시 (강화군,  옹진군,  중구)
§ 경기도
고양시,  과천시,  광명시,  광주시,  구리시,  남양주시,  동두천시,  부천시,  성남시,  수원시, 
시흥시,  안산시,  안양시,  양주시,  양평군,  의왕시,  의정부시,  하남시,
*  김포시/용인시/인천광역시 (1순위  지역이  아닌  행정구역)",,,,,,,,,,,,,,
67,,,,,,,,,,,,,,,,,
67,,,,,,,,,,,,,,,,,
67,,,,,,,,,,,,,,,,,
67,,,,,,,,,,,,,,,,,
67,"입사
제한
대상자","￭  서울캠퍼스  학생생활관  규정  제14조
- 법정  전염병  환자,  보균자  또는  정신질환자,  기타  관장이  부적당하다고  인정하는  자",,,,,,,,,,,,,,,
68,대상자,거주지  순위,비고,,,,,,,,,,,,,,
68,신체장애학생,"거주지  제한  없음
(서울지역도  허용)",장애  중증  이상,,,,,,,,,,,,,,
68,국민기초생활보장수급학생,1순위  지역  거주자,부모  또는  본인이  해당,,,,,,,,,,,,,,
68,차상위계층학생,1순위  지역  거주자,부모  또는  본인이  해당,,,,,,,,,,,,,,
68,아동복지시설퇴소학생,1순위  지역  거주자,,,,,,,,,,,,,,,
68,대상자,거주지  순위,비고,,,,,,,,,,,,,,
68,국민기초생활보장수급학생,2순위  지역  거주자,부모  또는  본인이  해당,,,,,,,,,,,,,,
68,차상위계층학생,2순위  지역  거주자,부모  또는  본인이  해당,,,,,,,,,,,,,,
68,아동복지시설퇴소학생,2순위  지역  거주자,,,,,,,,,,,,,,,
68,"우선
순위
1순위","거주지
순위
1순위 지역","선발기준
§ 우선선발  대상자 
대상자
신체장애학생 
국민기초생활보장수급학생
차상위계층학생
아동복지시설퇴소학생","거주지  순위
거주지  제한  없음
(서울지역도  허용)
1순위  지역  거주자
1순위  지역  거주자
1순위  지역  거주자","비고
장애  중증  이상
부모  또는  본인이  해당
부모  또는  본인이  해당",,,,,,,,,,,,
68,,,,,,,,,,,,,,,,,
68,,,,,,,,,,,,,,,,,
68,,,,,,,,,,,,,,,,,
68,,,,,,,,,,,,,,,,,
68,,,,,,,,,,,,,,,,,
68,,,,,,,,,,,,,,,,,
68,2순위,1순위 지역,§ 1순위 지역  거주자  중  성적  우위자,,,,,,,,,,,,,,
68,3순위,2순위 지역,"§ 2순위 지역  거주자  중  우선선발  대상자
대상자
국민기초생활보장수급학생 
차상위계층학생
아동복지시설퇴소학생","거주지  순위
2순위  지역  거주자
2순위  지역  거주자
2순위  지역  거주자","비고
부모  또는  본인이  해당
부모  또는  본인이  해당",,,,,,,,,,,,
68,,,,,,,,,,,,,,,,,
68,,,,,,,,,,,,,,,,,
68,,,,,,,,,,,,,,,,,
68,,,,,,,,,,,,,,,,,
68,,,,,,,,,,,,,,,,,
68,4순위,2순위 지역,§ 2순위 지역  거주자  중  성적  우위자,,,,,,,,,,,,,,
69,"모집단위
학부신입생
(재외국민
ㆍ
수시모집
합격자용)","구분
모집요강  공지","일정 (예정)
2025년  12월  08일(월)  16:00","모집요강  공지
①  한양대학교  홈페이지
②  일정은  조정될  수  있으니
      [한양대학교  학생생활관]
      홈페이지참조",,,,,,,,,,,,,
69,,인터넷  입사신청,2026년  1월  초,,,,,,,,,,,,,,
69,,합격자  발표,2026년  1월  중순,,,,,,,,,,,,,,
69,,생활관비  납부,2026년  1월  중순,,,,,,,,,,,,,,
69,,합격자  증빙서류  제출,2026년  1월  말,,,,,,,,,,,,,,
69,,호실배정  신청,2026년  2월  초,,,,,,,,,,,,,,
69,"학부신입생
(정시모집
합격자용)",모집요강  공지,2025년  12월  19일(금)  16:00,,,,,,,,,,,,,,
69,,인터넷  입사신청,2026년  2월  초,,,,,,,,,,,,,,
69,,합격자  발표,2026년  2월  중순,,,,,,,,,,,,,,
69,,생활관비  납부,2026년  2월  중순,,,,,,,,,,,,,,
69,,합격자  증빙서류  제출,2026년  2월  말,,,,,,,,,,,,,,
69,,배정호실  확인,2026년  2월  말,,,,,,,,,,,,,,
69,"학부신입생
(전체)",개관일(입사개시일),2026년  2월  말,,,,,,,,,,,,,,
69,,입사등록(입사),2026년  2월  말,,,,,,,,,,,,,,
69,"선발  담당부서
학생생활관  행정팀","근무시간 
학기  중
평일  08:30  ~ 17:30","전화번호
직영(2생활관  권역)  :  ☎  02)2220-1471
직영(7생활관  권역)  :  ☎  02)6219-2203
행복(5생활관)  :  ☎  02)6216-1991",,,,,,,,,,,,,,
69,,"방학기간
평일  10:00  ~ 17:00",,,,,,,,,,,,,,,
76,구분,"영어권 
유럽/남미/아시아
ISEP/GE3
중국어권,  일본
(미국/영국/호주  등)
(중국,  일본  제외)",,,,,,,,,,,,,,,
76,TOEFL  IBT,75  이상,,,,,,,,,,,,,,,
76,"IELTS
(Academic)",6.0  이상,,,,,,,,,,,,,,,
76,TOEFL  ITP,"X
550  이상",,,,,,,,,,,,,,,
76,TOEIC,"X
700  이상",,,,,,,,,,,,,,,
76,유의사항,"-  위  기준은  본교  지원기준으로  파견교에서  정하는  어학기준  또한  충족해야  함
※  파견교에서  인정하는  다른  어학점수가  있어도  위에  제시된  어학성적으로만  지원  가능
-  TOEFL  ITP를  인정하지  않는  대학이  있으므로  지원  가능여부  반드시  확인
-  영국  1년  파견  희망자는  IELTS(Academic)  성적으로만  지원  가능",,,,,,,,,,,,,,,
79,"수탁받는  자
한국교육학술정보원","위탁업무  내용
학교생활기록부
온라인  추출","위탁업무처리
개인정보항목
이름,  주민등록번호","개인정보의 
보유․이용기간
대입  원서접수  후  1년 
또는 위탁계약 종료 시
까지",기타,,,,,,,,,,,,
79,,"검정고시
대입전형자료
온라인  추출","이름,  주민등록번호,  합격정보,  과목성
적정보,  최종  재학  고등학교  정보",,,,,,,,,,,,,,
79,한국교육과정평가원,"수능성적
온라인  추출","이름,  주민등록번호","대입  원서접수  후  1년 
또는 위탁계약 종료 시
까지",,,,,,,,,,,,,
79,"한국대학교육협의회/
한국전문대학
교육협의회","지원방법위반  및
이중등록  조항
위반자  사전  예방","모집시기,  이름,  주민등록번호(재외국
민과 외국인 전형 등의 경우 : 외국인등
록번호 또는 여권번호), 수험번호, 대학
코드, 합격/예치금구분,  접수장소, 접수
일자, 지원결과, 전형유형, 모집단위명, 
계열코드, 출신고교코드, 출신고교유형
코드,  졸업연도,  등록일자구분","대입  원서접수  후  1년 
또는 위탁계약 종료 시
까지","고등교육법 
시행령
제42조,
제42조의2",,,,,,,,,,,,
79,한국대학교육협의회,"표준  공통원서접수 
서비스  관련 
대입원서접수정보 
연계","이름, 주민등록번호(재외국민과 외국인 
전형  등의 경우 : 외국인등록번호  또는 
여권번호), 국적, 공통원서비밀번호, 주
소,  전화번호,  휴대전화번호,  추가전화
번호,  이메일,  학교정보{최종학력구분, 
재학/출신  고교명,  졸업(예정)연도,  고
교 전화번호}, 은행명,  예금주 이름, 계
좌번호,  전형구분,  모집단위(지망학과)",-,"※ 즉시 연계 수행
함으로  개인정보 
보유하지  않음",,,,,,,,,,,,
80,"수탁받는  자
한국대학교육협의회","위탁업무  내용
대학원서  일치성 
검사","위탁업무처리
개인정보항목
대학명, 수험번호, 이름, 모집단위, 전형
유형,  접수기간","개인정보의 
보유․이용기간
대입  원서접수  후  1년 
또는 위탁계약 종료 시
까지","기타
대학원서접수대
장의  원서일치성 
검사  서비스를 
위한  필요  사항",,,,,,,,,,,,
80,한국대학교육협의회,"고등학교 
졸업예정자  중 
졸업자격 
미취득자의  대학 
진학 현황 검색 및 
후속조치",고교  졸업여부,"고등교육법 제33조 근거 
수집 및 활용종료 시까지",,,,,,,,,,,,,
80,한국대학교육협의회,"수능시험 
대리응시자 확인을 
위한  수능응시원서 
요청  명단  수합","학력정보(출신고교,  검정고시,  기타수
능응시자격정보),  수능수험번호,  이름","고등교육법 제34조 근거 
수집 및 활용종료 시까지",,,,,,,,,,,,,
80,한국대학교육협의회,"개인정보보호 
모니터링","ID, 접속정보, 개인민감정보 복호화 내역, 
접속IP주소","대입  원서접수  후  1년 
또는 위탁계약 종료 시
까지","개인정보보호를
위한  필수사항",,,,,,,,,,,,
80,㈜진학어플라이,대입원서 접수대행,㈜진학어플라이  개인정보처리방침  참조,"대입  원서접수  후  1년 
또는 위탁계약 종료 시
까지",,,,,,,,,,,,,
80,"개인정보를
제공받는  자
지원자  출신  고등학교","제공받는  자의
개인정보  이용목적
학교알리미  진학  통계  작성을 
위한  자료  열람","제공하는
개인정보  항목
이름,  성별,  대학구분, 
등록대학,  모집단위명","제공받는  자의 
보유․이용기간
처리목적  달성  시까지",,,,,,,,,,,,,
