Page,0,1,2,3,4,5,6,7,8,9,10,11,12
6,구분,수시,정시,,,,,,,,,,
6,,"학생부종합
학생부교과
논술위주
실기/실적위주","수능위주
학생부위주",,,,,,,,,,
6,2025,"36.2%
1,498명
10.0%
415명
9.4%
391명
2.6%
106명","40.0%
1,656명
0.1%
4명",,,,,,,,,,
6,2026,"36.3%
1,502명
10.0%
416명
9.3%
386명
2.6%
106명","40.0%
1,657명
0.1%
4명",,,,,,,,,,
6,전형,모집군,반영	방법,,,,,,,,,,
6,일반,가 / 다,"국어 / 수학영역 표준점수, 영어영역 등급에 따른 변환표준점수, 탐구영역 백분위에 따른 변환표준점수 반영",,,,,,,,,,
6,,나,"국어 / 수학 / 탐구영역 백분위, 영어영역 등급에 따른 변환백분위 반영",,,,,,,,,,
6,특별,가 / 나 / 다,"국어 / 수학 / 탐구영역 백분위, 영어영역 등급에 따른 변환백분위 반영",,,,,,,,,,
6,모집단위,가	군,나	군,,다	군,,,,,,,,
6,,"일반전형
(수능위주)","일반전형
(수능위주)","정원외	농어촌학생
(수능위주)","일반전형
(수능위주)",,,,,,,,
6,배터리학과,-,-,-,12,,,,,,,,
6,바이오신약·규제과학과,-,16,통합선발,-,,,,,,,,
6,의예과,15,-,-,-,,,,,,,,
7,구분,정원내,정원외,,,,,,,,,,
7,,일반전형,특별전형,,,,,,,,,,
7,수능위주,"일반계열 1,465명
사범계열 60명
예체능계열 103명",농어촌학생 29명,,,,,,,,,,
7,학생부위주,-,특성화고졸재직자 4명,,,,,,,,,,
7,구분,전형유형,"대학수학
능력시험","학교생활
기록부","지원자격
확인자료",기타,,,,,,,
7,수능위주,일반전형 (일반계열),○,△*,-,-,,,,,,,
7,,일반전형 (사범계열),○,○,-,-,,,,,,,
7,,일반전형 (예체능계열),○,△*,-,"○
(실기시험)",,,,,,,
7,,특별전형 (농어촌학생),○,△*,○,-,,,,,,,
7,,특별전형 (기타),○,△*,○,-,,,,,,,
7,학생부위주,특별전형 (특성화고졸 재직자),-,○,○,"△ (선택)
(직무기술서)",,,,,,,
8,구분,,"수능위주
학생부위주",,,,,,,,,,
8,,,일반전형,,,,특별전형,,,,,,
8,,,"일반
계열","사범
계열",예체능계열,,"농어촌
학생",기타,"특성화고졸
재직자",,,,
8,,,,,"미술학과
/디자인학과",스포츠과학과,,,,,,,
8,"전형
요소",수능,100,80,60,80,100,100,-,,,,
8,,서류,-,-,-,-,,,100,,,,
8,,학생부,-,20,-,-,-,-,,,,,
8,,면접/실기,-,-,40,20,-,-,-,,,,
8,최저학력기준,,×,,,,,,,,,,
8,구	분,,,,수능	위주,,,,,학생부	위주,,,
8,,,,,일반전형,특별전형*,,,,"특성화고졸	
재직자",,,
8,,,,,,농어촌학생,이웃사랑,특성화고,장애인등,,,,
8,"고등
학교
졸업
(예정)
자","고교
유형",일반계,일반고,○,△,△,△**,△,△**,,,
8,,,,자율고,○,△,△,×,△,×,,,
8,,,"특수
목적",과학고,○,×,△,×,△,×,,,
8,,,,국제고,○,×,△,×,△,×,,,
8,,,,산업수요 맞춤형고,○,×,△,×,△,○,,,
8,,,,예술고,○,×,△,×,△,×,,,
8,,,,외국어고,○,×,△,×,△,×,,,
8,,,,체육고,○,×,△,×,△,×,,,
8,,,영재학교,,○,×,△,×,△,×,,,
8,,,특성화고,,○,△,△,○,△,○,,,
8,,,국내 학력인정 외국교육기관***,,○,×,△,×,△,×,,,
8,,,외국 소재 고등학교,,○,×,△,×,△,×,,,
8,,"졸업
년도",2026년 2월,,○,○,○,○,○,×,,,
8,,,2025년 2월 및 그 이전,,○,○,○,○,○,△,,,
8,고등학교 졸업학력 검정고시 합격자,,,,○,×,○,×,○,×,,,
9,"전형유형
모집단위",수능	위주,,,,,,학생부	위주,,,,,
9,,일반전형	(정원내),,,특별전형	농어촌학생		(정원외),,,특성화고졸재직자	(정원외),,,,,
9,,가군,나군,다군,가군,나군,다군,다군,,,,,
9,자유전공계열★,127,,,,,,,,,,,
9,인문과학계열★,,188,,,<18>,,,,,,,
9,사회과학계열★,212,,,8,,,,,,,,
9,경영학과,,90,,,<18>,,,,,,,
9,글로벌리더학부,,23,,,,,,,,,,
9,글로벌경제학과,30,,,,,,,,,,,
9,글로벌경영학과,,,45,,,,,,,,,
9,"교육학과
사범대학
한문교육과",,"15
15",,,,,,,,,,
9,,,,,,,,,,,,,
9,영상학과,,16,,,,,,,,,,
9,의상학과,15,,,,,,,,,,,
9,자연과학계열★,147,,,,,,,,,,,
9,전자전기공학부,,83,,,<18>,,,,,,,
9,공학계열★,,294,,,,,,,,,,
9,소프트웨어학과,,27,,,,,,,,,,
9,반도체시스템공학과,15,,,,,,,,,,,
9,지능형소프트웨어학과,,15,,,,,,,,,,
9,배터리학과,,,12,,,,,,,,,
9,글로벌바이오메디컬공학과,,,11,,,,,,,,,
9,반도체융합공학과,,,30,,,<3>,,,,,,
9,에너지학과,,,10,,,,,,,,,
9,양자정보공학과,,,10,,,,,,,,,
9,바이오신약·규제과학과,,16,,,,,,,,,,
9,건축학과 (5년제),-,,,,,,,,,,,
9,약학과,30,,,,,,,,,,,
9,의예과,15,,,,,,,,,,,
9,"수학교육과
사범대학
컴퓨터교육과",,"16
15",,,,,,,,,,
9,,,,,,,,,,,,,
9,"전공예약
건설환경공학부",,20,,,,,,,,,,
9,글로벌융합학부★,10,,,,,,,,,,,
9,"동양화
미술학과
서양화","18
19",,,,,,,,,,,
9,,,,,,,,,,,,,
9,디자인학과,38,,,,,,,,,,,
9,스포츠과학과,28,,,,,,,,,,,
9,"AI융합운영
응용AI
융합학부
산업인공지능",,,,,,,"2
2",,,,,
9,,,,,,,,,,,,,
9,총	계,704,833,118,8,18,3,4,,,,,
10,구	분,,일	시,,장소	및	안내사항,,,,,,,,
10,원서접수,,2025. 12. 29. (월) 10:00 ~ 2025. 12. 31. (수) 18:00,,"•  성균관대학교 입학처 홈페이지 
(https://admission.skku.edu)
※   인터넷 원서접수 업체를 통하여 접수하며, 
별도 창구접수는 하지 않음",,,,,,,,
10,서류제출,,2025. 12. 29. (월) 10:00 ~ 2026. 1. 2. (금) 18:00,,"•  전형별 제출대상자 및 제출서류 
: 본문 참조
※ 온라인 업로드 (우편	및	방문제출	불가)",,,,,,,,
10,"/ 실
면접
기","시험장
발표",2026. 1. 2. (금),,"•  성균관대학교 입학처 홈페이지 
(https://admission.skku.edu)",,,,,,,,
10,,실기,미술학과,2026. 1. 6. (화),•  인문사회과학캠퍼스 (서울),,,,,,,,
10,,,디자인학과,2026. 1. 7. (수),,,,,,,,,
10,,,스포츠과학과,2026. 1. 9. (금),•  자연과학캠퍼스 (수원),,,,,,,,
10,,면접,의예과,2026. 1. 10. (토),"•  성균관대학교 입학처 홈페이지 
(https://admission.skku.edu)",,,,,,,,
10,합격자 발표,,2026. 2. 2. (월) 이전,,"•  성균관대학교 입학처 홈페이지 
(https://admission.skku.edu)",,,,,,,,
10,"합격자 등록
(최초)",,2026. 2. 3. (화) ~ 2. 5. (목) 16:00,,•  등록방법은 합격자 발표 시 공고,,,,,,,,
10,추가합격자 발표,,2026. 2. 6. (금) ~ 2. 12. (목) 18:00,,"•  추가합격자 등록 마감일 
: 2026. 2. 13. (금)",,,,,,,,
11,계열,설치	학부/학과,,,,,,,,,,,
11,인문과학계열,"유학·동양학과, 국어국문학과, 영어영문학과, 프랑스어문학과, 중어중문학과, 독어독문학과, 러시아어문학과, 
한문학과, 사학과, 철학과, 문헌정보학과",,,,,,,,,,,
11,사회과학계열,"행정학과, 정치외교학과, 미디어커뮤니케이션학과, 사회학과, 사회복지학과, 심리학과, 소비자학과, 
아동·청소년학과, 경제학과, 통계학과",,,,,,,,,,,
11,자연과학계열,"생명과학과, 수학과, 물리학과, 화학과, 식품생명공학과, 바이오메카트로닉스학과, 융합생명공학과",,,,,,,,,,,
11,공학계열,"화학공학부, 신소재공학부, 기계공학부, 건설환경공학부, 시스템경영공학과, 나노공학과",,,,,,,,,,,
12,구분,지원자격	관련	서류,기타	서류,,,,,,,,,,
12,일반전형 (수능 위주),×,×,,,,,,,,,,
12,정원외 농어촌학생 특별전형* (수능 위주),"○
지원자격별 입증서류",×,,,,,,,,,,
12,정원외 특성화고졸재직자 특별전형* (학생부 위주),"○
지원자격별 입증서류","△ (선택)
직무기술서",,,,,,,,,,
12,"특성화고
정원외
특별전형**
이웃사랑
(수능 위주)
장애인등","○
지원자격별 입증서류",×,,,,,,,,,,
12,,,×,,,,,,,,,,
12,,,×,,,,,,,,,,
12,해당자,,제출서류,,,,,,,,,,
12,"국내
고등학교
졸업자","- 학생부 시스템 미설치교 출신자
- 2021년 2월 이전 졸업자
- 학생부 온라인제공에 동의하지 않은 자","•  입학원서, 학교생활기록부 (대입전형용) 각	1부
※ 05. 2.~21. 2. 졸업자 중 온라인 신청자는 제출 불필요",,,,,,,,,,
12,"외국 소재
고등학교
졸업자",재외한국학교,•  동 표 “국내 고등학교 졸업자”와 동일 기준으로 진행,,,,,,,,,,
12,,외국 현지 고등학교,"•  입학원서, 졸업 (예정)증명서, 성적증명서 각	1부
•  단,	사범대학	모집단위의	경우 국내 학생부 (국내 고교 재학 사실이 있는 경우),  
학교생활기록부 대체 서식 (선택) 추가 제출",,,,,,,,,,
12,국내 학력인정 외국교육기관 출신자,,"•  입학원서, 졸업 (예정)증명서, 성적증명서 각	1부
•  단,	사범대학	모집단위의	경우 국내 학생부 (국내 고교 재학 사실이 있는 경우),  
학교생활기록부 대체 서식 (선택) 추가 제출",,,,,,,,,,
12,"검정고시 출신자
(고교 재학사실 무관 검정고시 출신자
지원자격으로 지원하는 모든 지원자)",,"•  입학원서, 검정고시 합격증명서 각	1부 
- 원서접수시 온라인 제출
•  단,	사범대학	모집단위의	경우 검정고시 성적증명서 (필수),  
학교생활기록부 대체 서식 (선택) 추가 제출",,,,,,,,,,
12,제출서류와 성명 또는 주민등록번호가 다른 지원자,,"•  입학원서, 주민등록표초본 각	1부",,,,,,,,,,
12,정원외 특별전형 지원자,,•  지원자격 관련 서류 (각 특별전형별 안내 페이지에서 별도 안내),,,,,,,,,,
13,구	분,모집단위,전형료,비	고,,,,,,,,,
13,일반전형,"전체 모집단위
(아래 제외)","30,000원",,,,,,,,,,
13,,의예과,"50,000원",면접시험,,,,,,,,,
13,,"미술학과, 디자인학과, 스포츠과학과","95,000원",실기시험,,,,,,,,,
13,특별전형,"전체 모집단위
(아래 제외)","30,000원",농어촌 특별전형,,,,,,,,,
13,,"응용AI융합학부
(AI융합운영, 산업인공지능)","60,000원",특성화고졸 재직자,,,,,,,,,
14,반환대상자,해당	자격,,,,,,,,,,,
14,국가보훈대상자,「국가보훈기본법」 제3조 제2호에 따른 ‘국가보훈대상자’로서 국가보훈관계 법령에 따른 교육지원대상자,,,,,,,,,,,
14,국민기초생활수급자,"「국민기초생활보장법」 제2조 제1호 (수급권자), 제2호 (수급자)",,,,,,,,,,,
14,차상위계층,"「국민기초생활보장법」 제2조 제10호의 차상위계층에 속하는 자로서 차상위 복지급여 (차상위 자활, 차상위 장애
수당, 차상위 장애인연금부가급여, 차상위 건강보험본인부담금 경감) 중 하나 이상을 받고 있는 가구의 학생 또는 
차상위계층 확인사업 대상 가구 (구 우선돌봄 차상위가구)의 학생",,,,,,,,,,,
14,한부모가족,「한부모가족지원법」 제5조 및 제5조의2에 따른 지원대상자,,,,,,,,,,,
14,장애인 등,"「장애인복지법」 제32조에 의하여 장애인 등록이 되어 있는 자 (※ 장애의 정도가 심하지 않은 장애인 포함) 혹은 
「장애인 등에 대한 특수교육법」 제15조 제1항의 규정에 따른 대상자",,,,,,,,,,,
14,상이등급자,"기타 국가보훈 관계법령*에 의한 상이등급자로 등록되어 있는 자
* 「국가유공자 등 예우 및 지원에 관한 법률」, 「특수임무유공자 예우 및 단체설립에 관한 법률」, 「보훈보상대상자 지원에 
관한 법률」 등",,,,,,,,,,,
14,자립지원대상자,「아동복지법」 시행령 제38조 제2항에 따른 자립지원 대상자,,,,,,,,,,,
14,구분,자격증빙서류,,,,,,,,,,,
14,지원자 전원,입학원서,,,,,,,,,,,
14,국가보훈대상자,대학입학특별전형대상자증명서 (지원자 기준) 1부,,,,,,,,,,,
14,국민기초생활수급자,수급자 증명서 (지원자 기준) 1부,,,,,,,,,,,
14,차상위계층,"① 아래 해당 확인서 (증명서) 1부
 
-   시·군·구청장 또는 읍·면·동주민센터장이 발급하는 「자활근로자, 장애 (아동)수당 대상자, 장애인연금 대상자, 
차상위계층 확인서」
 
-   국민건강보험공단 이사장이 발행하는 「차상위 본인부담경감 대상자 증명서」
② 가족관계증명서 (지원자 기준) 1부
③ 주민등록표등본 (지원자 기준, 주민등록번호와 세대정보 모두 포함) 1부",,,,,,,,,,,
14,한부모가족,한부모가족증명서 (지원자 기준) 1부,,,,,,,,,,,
14,장애인 등 / 상이등급자,"장애인증명서, 특수교육 대상자 증명서 (고교 배치 결과통지서 등) 또는 상이정도가 명시된 국가보훈대상자 (국가
유공자 등) 증명서 (지원자 기준) 중 1부 (최근 1개월 이내 발급)",,,,,,,,,,,
14,자립지원대상자,"아래 서류 중 1부 (최근 1개월 이내 발급)
-   입소사실확인서 및 아동복지시설 신고증 (사본) 각 1부, 보호종료 확인서 또는 퇴소사실증명서 1부, 조기 보호 
종료사유 및 증빙서류 1부",,,,,,,,,,,
17,구분,개인정보,고유식별정보,,,,,,,,,,
17,수집 항목,"(필수)   이름, 주소, 전화번호, 휴대전화번호, 추가전화번호 (1개), 이메일, 국적, 공통원
서비밀번호, 모집단위, 전형유형, 수험번호, 학교정보 (최종학력구분, 재학/출신 
고교명, 졸업 (예정)연도, 검정고시 정보 등) 
(선택) 추가전화번호 (1~4개), 반환계좌정보 (은행명, 계좌번호, 예금주)","•  주민등록번호, 재외국민과 외국인전형 등의 
경우 외국인등록번호 또는 여권번호",,,,,,,,,,
17,수집 목적,"•  대입 원서접수 및 대입 전형 관리, 합격자의 학적 관리, 합격생 안내 (신입생 새터 등)","•  대입 원서접수, 대입 전형 관리, 합격자의 학적 
관리, 학생 안내",,,,,,,,,,
17,"정보 보유
및
이용기간","•  대학은 수집된 개인정보는 원칙적으로 10년간 보관함. 다만, 다음과 같은 합격자의 
개인정보는 학적 등 학사 행정 관리를 위하여 영구 보관함 
 
:   이름, 주소, 전화번호, 휴대전화번호, 이메일, 국적, 모집단위, 출신고교명, 고교 졸업
일자, 검정고시 정보 (합격일자, 합격지구), 전형구분, 모집단위 (지망학과)","•  대학은 수집된 고유식별정보는 원칙적으로 10
년간 보관함. 다만, 합격자의 고유식별정보는 
학적 등 학사 행정 관리를 위하여 영구 보관함",,,,,,,,,,
17,"5)   개인정보와 고유식별정보 수집 및 이용 
 
대입 원서접수 대행사는 우리대학의 위탁을 받아 대학 원서접수 및 대입 전형을 위하여 아래와 같이 개인정보와 고유식별정보 (고등교육
법시행령 제73조 고유식별정보의 처리에 근거함)를 수집·이용합니다. 대학에 원서를 접수한 수험생은 성균관대학교 입학처 홈페이지
[https://admission.skku.edu]에 게시된 “개인정보처리방침”에서 상세한 내용을 확인하실 수 있습니다.
구분
수집 항목
수집 목적
정보 보유
및
이용기간","개인정보
(필수)   이름, 주소, 전화번호, 휴대전화번호, 추가전화번호 (1개), 이메일, 국적, 공통원
서비밀번호, 모집단위, 전형유형, 수험번호, 학교정보 (최종학력구분, 재학/출신 
고교명, 졸업 (예정)연도, 검정고시 정보 등) 
(선택) 추가전화번호 (1~4개), 반환계좌정보 (은행명, 계좌번호, 예금주)
•  대입 원서접수 및 대입 전형 관리, 합격자의 학적 관리, 합격생 안내 (신입생 새터 등)
•  대학은 수집된 개인정보는 원칙적으로 10년간 보관함. 다만, 다음과 같은 합격자의 
개인정보는 학적 등 학사 행정 관리를 위하여 영구 보관함 
 
:   이름, 주소, 전화번호, 휴대전화번호, 이메일, 국적, 모집단위, 출신고교명, 고교 졸업
일자, 검정고시 정보 (합격일자, 합격지구), 전형구분, 모집단위 (지망학과)","고유식별정보
•  주민등록번호, 재외국민과 외국인전형 등의 
경우 외국인등록번호 또는 여권번호
•  대입 원서접수, 대입 전형 관리, 합격자의 학적 
관리, 학생 안내
•  대학은 수집된 고유식별정보는 원칙적으로 10
년간 보관함. 다만, 합격자의 고유식별정보는 
학적 등 학사 행정 관리를 위하여 영구 보관함",,,,,,,,,,
17,,,,,,,,,,,,,
17,,,,,,,,,,,,,
17,,,,,,,,,,,,,
17,,,,,,,,,,,,,
17,,,,,,,,,,,,,
21,전형요소	및	반영비율	(%),대학수학능력시험 100,,,,,,,,,,,
21,전형총점,"1,000",,,,,,,,,,,
21,수능	최저학력기준,없음,,,,,,,,,,,
21,선발방법,"모집 군 및 모집단위 별 수능 반영 방법에 따른 평가 총점 순으로 최종 합격자 선발
(단, 의예과의 경우 면접 결격자는 전형 총점과 관계없이 선발하지 않음)",,,,,,,,,,,
21,동점자	처리기준,"① 대학수학능력시험의 국어, 수학, 탐구, 탐구 4개 과목 표준점수 합이 우수한 자
② 대학수학능력시험의 수학영역 표준점수가 우수한 자
③ 대학수학능력시험의 국어영역 표준점수가 우수한 자
④ 대학수학능력시험의 탐구영역 상위 1개 과목 표준점수가 우수한 자
⑤ 대학수학능력시험의 영어영역 등급이 우수한 자
⑥ 대학수학능력시험의 한국사 등급이 우수한 자
⑦ 학생부 석차등급 평균이 우수한 자 (학생부 없는 자는 비교내신 적용)",,,,,,,,,,,
22,모집단위,유형,국어,수학,탐구,영어,한국사,,,,,,
22,,,"화법과
언어와
작문
매체","확률과	
미적분
기하
통계","사회
과학",,,,,,,,
22,"글로벌융합학부, 사회과학계열,
글로벌경제학과, 의상학과",A,40,30,20,10,"감점
적용",,,,,,
22,,B,30,40,20,10,,,,,,,
22,"자유전공계열, 자연과학계열,
반도체시스템공학과, 약학과, 의예과",A,20,40,30,10,,,,,,,
22,,B,30,40,20,10,,,,,,,
22,모집단위,유형,국어,수학,탐구,영어,한국사,,,,,,
22,,,"화법과
언어와
작문
매체","확률과	
미적분
기하
통계","사회
과학",,,,,,,,
22,"인문과학계열, 경영학과,
글로벌리더학부, 영상학과",A,40,30,20,10,"감점
적용",,,,,,
22,,B,30,40,20,10,,,,,,,
22,"전자전기공학부
공학계열, 소프트웨어학과,
지능형소프트웨어학과,
건설환경공학부,
바이오신약·규제과학과",A,20,40,30,10,,,,,,,
22,,B,30,40,20,10,,,,,,,
23,모집단위,유형,국어,수학,탐구,영어,한국사,,,,,,
23,,,"화법과
언어와
작문
매체","확률과	
미적분
기하
통계","사회
과학",,,,,,,,
23,글로벌경영학과,A,40,30,20,10,"감점
적용",,,,,,
23,,B,30,40,20,10,,,,,,,
23,"글로벌바이오메디컬공학과,
반도체융합공학과, 에너지학과,  
양자정보공학과, 배터리학과",A,20,40,30,10,,,,,,,
23,,B,30,40,20,10,,,,,,,
23,시험장	발표,"2026. 1. 2. (금), 성균관대학교 입학처 홈페이지 (https://admission.skku.edu)",,,,,,,,,,,
23,면접시험일,2026. 1. 10. (토),,,,,,,,,,,
23,면접시험,"평가방법
배점",,,,,,,,,,,
23,,"① 의학을 전공하는데 필요한 자질, 적성과 인성을 평가
P/F
(결시자는 불합격 처리)
② 수험생 1명은 1개 면접실 (복수의 면접위원)에만 입실하며, 1명당 10분 내외로 진행함",,,,,,,,,,,
24,전형요소	및	반영비율	(%),대학수학능력시험 80 + 학교생활기록부 20,,,,,,,,,,,
24,전형총점,"1,000",,,,,,,,,,,
24,수능	최저학력기준,없음,,,,,,,,,,,
24,선발방법,"모집 군 및 모집단위 별 수능 반영 방법에 따른 반영점수 (800점 만점)와 학생부 평가 방법에 따른 반영
점수 (200점 만점)의 합산 총점 순으로 최종 합격자 선발",,,,,,,,,,,
24,동점자	처리기준,"① 대학수학능력시험의 국어, 수학, 탐구, 탐구 4개 과목 표준점수 합이 우수한 자
② 대학수학능력시험의 수학영역 표준점수가 우수한 자
③ 대학수학능력시험의 국어영역 표준점수가 우수한 자
④ 대학수학능력시험의 탐구영역 상위 1개 과목 표준점수가 우수한 자
⑤ 대학수학능력시험의 영어영역 등급이 우수한 자
⑥ 대학수학능력시험의 한국사 등급이 우수한 자
⑦ 학생부 석차등급 평균이 우수한 자 (학생부 없는 자는 비교내신 적용)",,,,,,,,,,,
25,모집단위,유형,국어,수학,탐구,영어,한국사,,,,,,
25,,,"화법과
언어와
작문
매체","확률과	
미적분
기하
통계","사회
과학",,,,,,,,
25,"교육학과, 한문교육과",A,40,30,20,10,"감점
적용",,,,,,
25,,B,30,40,20,10,,,,,,,
25,"수학교육과, 컴퓨터교육과",A,20,40,30,10,,,,,,,
25,,B,30,40,20,10,,,,,,,
25,구분,평가	항목,평가	내용,,,,,,,,,,
25,교과영역,교과학습 발달상황,"교과 (목)별 위계에 따른 이수현황 및 이수 내용, 전과목 학업성취도 및 학업우수성, 
학년/학기별 학업 충실성 등",,,,,,,,,,
25,비교과영역,"출결상황
행동특성 및 종합의견","학업생활 성실성 및 규칙 준수, 공동체 의식, 협업 및 소통능력 등",,,,,,,,,,
26,전형요소	및	반영비율	(%),"•  미술학과 / 디자인학과 : 대학수학능력시험 60 + 실기시험 40
•  스포츠과학과 : 대학수학능력시험 80 + 실기시험 20",,,,,,,,,,,
26,전형총점,"1,000",,,,,,,,,,,
26,수능	최저학력기준,없음,,,,,,,,,,,
26,선발방법,"별도의 단계별 선발 없이 지원자 전원 실기시험을 실시한 후, 실기시험 응시자 중에서 실기시험 평가
점수와 수능 반영 방법에 따른 평가점수의 합산 총점 순으로 최종 합격자 선발",,,,,,,,,,,
26,동점자	처리기준,"① 실기시험 점수가 우수한 자
② 대학수학능력시험의 국어영역 표준점수가 우수한 자
③ 대학수학능력시험의 영어영역 등급이 우수한 자
④ 대학수학능력시험의 한국사 등급이 우수한 자
⑤ 학생부 석차등급 평균이 우수한 자 (학생부 없는 자는 비교내신 적용)",,,,,,,,,,,
27,시험장	발표,"2026. 1. 2. (금), 성균관대학교 입학처 홈페이지 (https://admission.skku.edu)",,,,,,,,,,,
27,시험일,미술학과：2026. 1. 6. (화) / 디자인학과：2026. 1. 7. (수),,,,,,,,,,,
27,모집단위,선발분야,실기과목,,재료	및	도구,시간,배점,,,,,,
27,미술학과,"동양화 /
서양화",인물화,,"•  화선지 (2/3절), 켄트지 (2절) 중 택일
•  연필, 수채화물감, 먹, 동양화 채색물감 중 자유 선택 
 
- 동·서양화 화지 및 재료 구분 없음",4시간,400,,,,,,
27,디자인학과,디자인학과,"기초실기
소양평가",정밀소묘,"•  켄트지 (4절)
•  연필",5시간,400,,,,,,
27,,,,"사고의  
이미지화","•  켄트지 (4절)
•  채색재료 자유 선택",,,,,,,,
27,비	고,"➀   실기도구 중 이젤, 화판, 켄트지, 화선지는 우리대학에서 제공하며, 이외의 실기도구는 개인이 지참해야 함 
 
(수묵담채 선택자는 필요시 개별 화판을 준비해야 함)
➁   동양화, 서양화 공통으로 이젤 사용 (탁자 사용 불가) 
➂ 미술학과는 인물이 포함된 인쇄물이 주어질 수 있음
➃   디자인학과는 ‘실물 또는 인쇄물＋주제어 또는 문장 등’이 주어질 수 있으며, 수험생은 주어진 시간 (5시간) 동안 4절지 
2매에 각각의 그림을 표현한 후 제출해야 함 (각각의 시간 안배는 수험생 자유)
➄   운영 상황에 따라 시험 시간은 변동될 수 있음 (변동 시 별도 안내)
➅ 실기시험의 배점은 400점이며, 최고점은 400점, 최저점은 0점임",,,,,,,,,,,
27,시험장	발표,"2026. 1. 2. (금), 성균관대학교 입학처 홈페이지 (https://admission.skku.edu)",,,,,,,,,,,
27,시험일,2026. 1. 9. (금),,,,,,,,,,,
27,실기시험,실기종목,배점,,,,,,,,,,
27,,"① 25m 왕복 달리기 (총 100m)
② 핸드볼공 던지기
③ 제자리 멀리뛰기
※ 실기시험의 배점은 200점이며, 최고점은 200점, 최저점은 0점임",200,,,,,,,,,,
27,비	고,스포츠과학과 실기시험 등급표는 ‘부록 1. 스포츠과학과 실기시험 등급별 배점표’ 참조,,,,,,,,,,,
28,농어촌	학생,6년,"농어촌지역 (「지방자치법」 제3조에 의한 읍·면지역 및 도서·벽지지역 교육진흥법시행규칙 제2조에 의한 지역) 소재에서 
중·고교	전	교육과정	(6년)을	이수하고 해당 기간 중 본인	및	부모	모두가	농어촌지역에서	거주한 자",,,,,,,,,,
28,,12년,"농어촌지역 (「지방자치법」 제3조에 의한 읍·면지역 및 도서·벽지지역 교육진흥법시행규칙 제2조에 의한 지역) 소재에서 
초·중·고교	전	교육과정	(12년)을	이수하고 해당 기간 중 본인이	농어촌지역에서	거주한 자",,,,,,,,,,
28,전형요소	및	반영비율	(%),대학수학능력시험 100,,,,,,,,,,,
28,전형총점,"1,000",,,,,,,,,,,
28,수능	최저학력기준,없음,,,,,,,,,,,
28,선발방법,모집 군 및 모집단위 별 수능 반영 방법에 따른 평가 총점 순으로 최종 합격자 선발,,,,,,,,,,,
28,동점자	처리기준,"① 대학수학능력시험의 국어, 수학, 탐구, 탐구 4개 과목 표준점수 합이 우수한 자
② 대학수학능력시험의 수학영역 표준점수가 우수한 자
③ 대학수학능력시험의 국어영역 표준점수가 우수한 자
④ 대학수학능력시험의 탐구영역 상위 1개 과목 표준점수가 우수한 자
⑤ 대학수학능력시험의 영어영역 등급이 우수한 자
⑥ 대학수학능력시험의 한국사 등급이 우수한 자
⑦ 학생부 석차등급 평균이 우수한 자 (학생부 없는 자는 비교내신 적용)",,,,,,,,,,,
29,군,모집단위,유형,국어,수학,탐구,영어,한국사,,,,,
29,,,,"화법과	작문
언어와	매체","확률과	통계
미적분
기하","사회
과학",,,,,,,
29,가 / 나,"인문과학계열,
사회과학계열, 경영학과",A,40,30,20,10,"감점
적용",,,,,
29,,,B,30,40,20,10,,,,,,
29,,"자연과학계열, 공학계열,
전자전기공학부, 소프트웨어학과,
바이오신약·규제과학과",A,20,40,30,10,,,,,,
29,,,B,30,40,20,10,,,,,,
29,다,"반도체융합공학과,
에너지학과, 양자정보공학과",A,20,40,30,10,,,,,,
29,,,B,30,40,20,10,,,,,,
29,구분,,제출서류,,,,,,,,,,
29,공 통,(1) 지원자 전원,"•  입학원서
•  <서식1> 농어촌학생 지원자격 확인서 1부
 
- 원서접수 사이트에서 온라인 업로드",,,,,,,,,,
29,지 원 자 격 별,(2-1) 중·고등학교 (6년) 전교육과정 이수자,"•  중학교 학생부 1부
•  가족관계증명서 (지원자 기준) 1부
•  지원자 및 부모 (보호자) 모두의 주민등록표초본 (주민등록번호, 과거 주소변동 사항 
전체 및 날짜 모두 포함) 1부",,,,,,,,,,
29,,(2-2) 초·중·고등학교 (12년) 전교육과정 이수자,"•  초등학교, 중학교 학생부 각 1부
•  지원자 주민등록표초본 (주민등록번호, 과거 주소변동 사항 전체 및 날짜 모두 포함) 1부",,,,,,,,,,
29,해 당 자,(3) (2-1) 중 가족관계 변동이 있는 자 (부·모 이혼),"•  기본증명서 (지원자 기준, 상세) 1부
•  혼인관계증명서 (친권이 있는 부모 기준, 상세) 1부",,,,,,,,,,
29,,(4) (2-1) 중 가족관계 변동이 있는 자 (부·모 사망),•  기본증명서 또는 제적등본 1부 (사망한 부 또는 모 기준),,,,,,,,,,
29,최 종 합 격 자,(5) (2-1) 중 고교졸업예정자,"•  고교졸업증명서 (고교졸업일 명시)
•  본인 및 부모의 주민등록표초본 (고교졸업일 이후~2026.2.28. 사이 발급본)",,,,,,,,,,
29,,(6) (2-2) 중 고교졸업예정자,"•  고교졸업증명서 (고교졸업일 명시)
•  본인 주민등록표초본 (고교졸업일 이후~2026.2.28. 사이 발급본)",,,,,,,,,,
30,구분,세부사항,,,,,,,,,,,
30,"산업체
적용범위","① 국가·지방자치단체 및 공공단체 (소속 직원의 경우) 
② 「근로기준법」 제11조에 의거 상시근로자 5인 (사업주 포함) 이상 사업체
③ 4대 보험 중 1개 이상 가입 사업체 (창업·자영업자 포함)
④   4대 보험 가입대상 사업체가 아닌 1차 산업 종사자는 국가·지방자치단체가 발급하는 공적증명서 (농지원부 등본 등)를 통해 확인되는 
경우 인정함
⑤ 4대 보험 미가입 영세창업/자영업자는 사업자등록증을 소지하고, 세금 체납 사실이 없는 경우에 한해 인정함",,,,,,,,,,,
30,"재직기간
산정","① 2026. 3. 1. 기준으로 총 재직기간 (4대 보험 중 하나 이상에 가입된 기간)이 만 3년 이상 (예정)이어야 함
② 재직기간은 제출한 서류상 (4대 보험 내역)으로 증명되는 기간만을 산정함
③ 2개 이상 산업체의 재직기간은 합산하되, 중복되는 기간은 이중으로 합산하지 않음
④ 영세창업, 자영업자의 휴업기간 등 비영업기간은 재직기간 산정에서 제외함
⑤ 병역특례 기간의 산업체 경력 및 재직기간 중 군 의무복무 경력은 재직기간 산정에 포함됨",,,,,,,,,,,
30,"재직상태
유지","①   지원시점 기준 (원서접수 시작일) 미재직자 (휴직※ 또는 휴업 포함)는 지원할 수 없음 
 
※ 군 의무복무를 위한 휴직 중인 자는 지원 가능
② 학기개시일 기준 재직 중이어야 함
③ 재학 중 재직 유지 (단, 이직 등을 위한 일시적 구직기간의 경우 별도의 유예기간 부여)",,,,,,,,,,,
30,전형요소	및	반영비율	(%),서류 100,,,,,,,,,,,
30,전형총점,"1,000",,,,,,,,,,,
30,평가방법,"서류 (학생부, 지원자격 확인자료, 직무기술서 등)를 종합적으로 정성평가함",,,,,,,,,,,
30,수능	필수응시영역,없음,,,,,,,,,,,
30,수능	최저학력기준,없음,,,,,,,,,,,
30,선발방법,서류평가 취득 총점 순으로 최종합격자를 선발함,,,,,,,,,,,
30,동점자	처리기준,서류평가 우선순위영역 평가점수 상위자,,,,,,,,,,,
31,구분,,제출서류,비고,,,,,,,,,
31,공 통,필수,입학원서,•  온라인 원서접수 후 PDF 파일 제출 시 포함하여 업로드,,,,,,,,,
31,,,학생부,"•  온라인 제공 동의자 : 제출 필요 없음
•  온라인 제공 미동의자/불가자 : 학교생활기록부 (대입전형용)",,,,,,,,,
31,,,재직/경력증명서,"•  재직기간이 명시된 현 직장에 한함
•  현 직장에서의 재직기간이 3년 이상인 경우 재직증명서,  
3년 미만인 경우 재직증명서 및 경력증명서 제출",,,,,,,,,
31,,,"4대 보험
가입 확인서","•  재직/경력증명서를 제출한 모든 직장 (산업체)에 관련하여 아래 항목 중 1개 이상 제출
 
- 국민연금가입증명서 (국민연금공단 발행)
 
- 건강보험자격취득사실확인서 (국민건강보험공단 발행)
 
- 고용·산재보험 자격이력내역서 (근로자용, 근로복지공단 발행)
 
※ 위 4대 보험 가입이력이 한 장으로 발급되는 ‘4대 사회보험 가입자 가입내역 확인서’는 제출 불가
 
- 4대 보험 가입 확인서 제출이 불가한 경우 아래의 대체서류 제출",,,,,,,,,
31,해 당 자,"해당자
필수",병역 관련 서류,"•  군 의무복무 기간을 포함하여 재직기간이 3년 이상인 재직자 제출
 
- 전역자 : 병적증명서 또는 주민등록초본 (병역사항 기재)
 
-   휴직 중 복무중인 자 : 병적증명서 또는 복무확인서 
 
(군 복무기간 전체 기재, 산업기능요원만 제출 가능)",,,,,,,,,
31,,,"4대 보험 미가입 영세 
창업 및 자영업 증명서","•  사업자등록증명원 (세무서 발행)
•  납세증명서 (세무서 발행)
•  휴업/폐업 사실 증명원 (해당자) (세무서 발행)",,,,,,,,,
31,,,"농지원부 등본 등
공적증명서","•  4대 보험 가입 대상 사업체가 아닌 농업, 수산업 등의 산업체 종사자는 국가·지방단체가 발급하는 
공적증명서 (농지원부 등)를 제출",,,,,,,,,
31,,선택,직무 기술서,"•  지원자 중 희망자에 한하여 작성
•  작성 희망자는 <서식 3> 「직무 기술서」를 활용하여 지정된 양식 및 유의사항에 맞추어 작성",,,,,,,,,
33,수험번호,,,,모집단위,계열/학부/학과,,,,,,,
33,졸업	(예정)고등학교,,,,고등학교  졸업	(예정)연도,,,,,,,,
33,성	 명,,(인),,주민등록번호,-,,,,,,,
33,지원자격,,,,,,,,,,,,
33,자격구분,고교졸업 (예정)자로서 다음 중 하나에 해당하는 자,,,,,,,,,,,
33,"6년
[	
	 ]","농어촌지역 (지방자치법 제3조에 의한 읍·면지역 및 도서·벽지지역 교육진흥법시행규칙 제2조에 의한 지역) 소재에서 
중·고교	전	교육과정	(6년)을	이수하고	해당	기간	중	본인	및	부모	모두가	농어촌지역에서	거주한	자",,,,,,,,,,,
33,"12년
[	
	 ]","농어촌지역 (지방자치법 제3조에 의한 읍·면지역 및 도서·벽지지역 교육진흥법시행규칙 제2조에 의한 지역) 소재에서 
초·중·고교	전	교육과정	(12년)을	이수하고	해당	기간	중	본인이	농어촌지역에서	거주한	자",,,,,,,,,,,
33,재학사항,,,,,,,,,,,,
33,,학교명,,학교소재지,,재학기간,"읍·면지역
소재여부",,,,,,
33,"초등학교
(12년	 
대상자만)",,,"도 (시) 
 시  (군) 
 읍  (면)",,"년 
 월 
 일 ~  
 
 년 
 월 
 일",,,,,,,
33,,,,"도 (시) 
 시  (군) 
 읍  (면)",,"년 
 월 
 일 ~  
 
 년 
 월 
 일",,,,,,,
33,,,,"도 (시) 
 시  (군) 
 읍  (면)",,"년 
 월 
 일 ~  
 
 년 
 월 
 일",,,,,,,
33,중학교,,,"도 (시) 
 시  (군) 
 읍  (면)",,"년 
 월 
 일 ~  
 
 년 
 월 
 일",,,,,,,
33,,,,"도 (시) 
 시  (군) 
 읍  (면)",,"년 
 월 
 일 ~  
 
 년 
 월 
 일",,,,,,,
33,,,,"도 (시) 
 시  (군) 
 읍  (면)",,"년 
 월 
 일 ~  
 
 년 
 월 
 일",,,,,,,
33,고등학교,,,"도 (시) 
 시  (군) 
 읍  (면)",,"년 
 월 
 일 ~  
 
 년 
 월 
 일",,,,,,,
33,,,,"도 (시) 
 시  (군) 
 읍  (면)",,"년 
 월 
 일 ~  
 
 년 
 월 
 일",,,,,,,
33,,,,"도 (시) 
 시  (군) 
 읍  (면)",,"년 
 월 
 일 ~  
 
 년 
 월 
 일",,,,,,,
33,"위 지원자는 성균관대학교 농어촌학생 지원자격을 충족하는 대상자로서, 지원자격 관련 기재사항 및 제출자료에 
이상이 없음을 확인합니다.
20   년  
 
 월  
 
 
 일
 
부/모/보호자: 
 
 
 
 
 
 
 
(인) 
(직인)
 
 
 
 
 
 
 고등학교장
성균관대학교	총장	귀하",,,,,,,,,,,,
34,"1.   본 서식은 반드시 사실에 기초하여 지원자 본인이 작성합니다.
2.   본 서식에 기술된 사항에 대한 사실 확인을 요청할 경우 지원자는 적극 협조하여야 합니다.
3.   활동에 대한 증빙서류를 제출하는 경우, 원본 제출이 원칙이며 사본 제출 시 원본대조필하여야 합니다. 
4.   허위사실 기재, 기타 부정한 사실 등이 발견될 경우, 불합격 처리되며 합격 이후라도 입학이 취소될 수 있습니다.
5.   공인어학성적 및 수학·과학·외국어 교과에 대한 교외 수상실적을 기재할 경우 평가에서 불이익을 받을 수 있으니, 작성을 금지합니다.
	 가.	공인어학성적
영어 (TOEIC, TOEFL, TEPS), 중국어 (HSK), 일본어 (JPT, JLPT), 프랑스어 (DELF, DALF), 독일어 (ZD, TESTDAF, DSH, DSD), 러시아어 (TORFL),  
스페인어 (DELE), 상공회의소한자시험, 한자능력검정, 실용한자, 한자급수자격검정, YBM 상무한검, 한자급수인증시험, 한자자격검정 등
  나.	수학·과학·외국어	교과에	대한	교외	수상실적	(예시)
수학
과학
외국어
•  위에서 열거된 항목 외에도, 대회 명칭에 수학·과학 (물리, 화학, 생물, 지구과학, 천문)·외국어 (영어 등) 교과명이 명시된 학교 외 각종 대회 (경시대회, 올림피아드 등) 수상실적을 
작성했을 경우 “0점” (또는 불합격) 처리
•  ‘교외 수상실적’이란 학교 외 기관이 개최한 대회 수상실적을 의미하며, 학교장의 참가 허락을 받은 교외 수상실적이라도 작성 시 “0점” (또는 불합격) 처리
6.   학교생활기록부 대체 서식에는 고등학교 학교생활기록부에 기재할 수 없는 항목※과 「대입제도 공정성 강화방안」 (2019.11.28.)에 따른 학생부 주요
항목 내 변경 사항※은 작성할 수 없고, 어학연수 등 사교육 유발요인이 큰 교외 활동의 경우에도 작성이 제한됩니다. 이를 준수하지 않았을 경우 
평가에서 불이익을 받을 수 있으니, 작성을 금지합니다.
[※	학교생활기록부	기재금지	항목]
가. 각종 공인어학시험 참여사실과 그 성적 및 수상실적
나. 교과·비교과 관련 교외대회 참여사실과 그 성적 및 수상실적 (학교장의 참가 허락을 받아 참여한 각종 교외대회에서의 수상실적도 기재 불가)
다. 교외 기관·단체 (장)등에게 수상한 교외상 (표창장, 감사장, 공로상 등도 기재 불가)
라. 교내·외 인증시험 참여 사실이나 그 성적
마. 모의고사·전국연합학력평가 성적 (원점수, 석차, 석차등급, 백분위 등 성적관련 내용 일체) 및 관련 교내 수상실적 
바. 논문을 학회지 등에 투고 또는 등재하거나 학회 등에서 발표한 사실
사. 도서출간 사실
아. 지식재산권 (특허, 실용신안, 상표 디자인) 출원 또는 등록사실
자. 어학연수, 봉사활동 등 해외 활동실적 및 관련 내용
차. 부모 (친인척 포함)의 사회·경제적 지위 (직종명, 직업명, 직장명, 직위명 등) 암시 내용
카. 장학생·장학금 관련 내용
타. 구체적인 특정 대학명, 기관명 (기구, 단체, 조직 등 포함), 상호명, 강사명 등
파. 자격증 명칭 및 취득사실
* 위 내용은 「2025학년도 학교생활기록부 기재요령 (고등학교)」을 발췌한 내용으로 이하 자세한 사항은 교육부 「2025학년도 학교생활기록부 기재요령 (고등학교)」 중 학교생활기록부 
작성 시 유의사항 참조
[※	「대입제도	공정성	강화방안」에	따른	학생부	주요항목	내	변경	사항]
가. 영재·발명교육 실적 대입 미반영
나. 자율동아리 대입 미반영
다. 청소년단체활동 미기재
라. 개인봉사활동 실적 대입 미반영
마. 독서활동 대입 미반영 
7.  지원자 성명, 출신고교, 부모 (친인척 포함)의 실명을 포함한 사회적·경제적 지위 (직종명, 직업명, 직장명, 직위명 등)를 암시하는 내용을 기재할 경우, 
평가에 불이익을 받을 수 있으니, 작성을 금지합니다. 또한‘활동 (발행)기관’에만 기관명을 기재해야 하며, 활동내용에는 기관명 기재를 금지합니다.","한국수학올림피아드 (KMO), 한국수학인증시험 (KMC), 온라인 창의수학 경시대회, 도시대항 국제 수학토너먼트, 국제수학올림피아드 (IMO) 등
한국물리올림피아드 (KPHO), 한국화학올림피아드 (KCHO), 한국생물올림피아드 (KBO), 한국천문올림피아드 (KAO),  
한국지구과학올림피아드 (KESO), 한국뇌과학올림피아드, 전국정보과학올림피아드, 국제물리올림피아드, 국제지구과학올림피아드,  
국제생물올림피아드, 국제천문올림피아드, 한국중등과학올림피아드 등
전국 초중고 외국어 (영어, 중국어, 일본어, 프랑스어, 독일어, 러시아어, 스페인어) 경시대회, 
IET 국제영어대회, IEWC 국제영어글쓰기대회, 글로벌 리더십 영어 경연대회, SIFEC 전국영어말하기대회, 국제영어논술대회 등",,,,,,,,,,,
34,,,,,,,,,,,,,
34,,,,,,,,,,,,,
34,,,,,,,,,,,,,
34,,,,,,,,,,,,,
34,"<학교생활기록부	대체	서식	작성방법>
1. 활동기간 
 
- 검정고시 출신자 : 고등학교 재학 기간에 준하는 기간 중 활동에 참여한 시기
 
- 외국 소재 고등학교 출신자 및 국내 학력인정 외국교육기관 출신자 : 고등학교 재학 기간 중 활동에 참여한 시기
2. 활동내용 : 고등학교 학교생활기록부 내용에 준하는 활동 (※ 작성 유의사항의 제한 내용 확인)
 
- 활동내용 칸 작성 시 활동 (발행)기관명 기재 금지
3. 작성분량 : 1개 활동 당 50자 이내 (각 연번에 1개 활동, 최대 10개 활동 작성 가능)
4. 증빙자료 : A4용지 단면 기준 총 20페이지 이내 제출 가능 (축소/양면 복사 금지)",,,,,,,,,,,,
35,학력정보,□   검정고시 출신자,합격지역,,"합격일
년 
 
  월 
 
  일",,,,,,,,
35,,"□   외국 소재 고등학교  
출신자 및 국내  
학력인정  
외국교육기관 출신자",1,소재국가,,,,,,,,,
35,,,,입학일,"년 
 
  월 
 
  일
졸업 (예정)일 
년 
 
  월 
 
  일",,,,,,,,
35,,,,학교명,,,,,,,,,
35,,,2,소재국가,,,,,,,,,
35,,,,입학일,"년 
 
  월 
 
  일
전출일 
년 
 
  월 
 
  일",,,,,,,,
35,,,,학교명,,,,,,,,,
35,,,3,소재국가,,,,,,,,,
35,,,,입학일,"년 
 
  월 
 
  일
전출일 
년 
 
  월 
 
  일",,,,,,,,
35,,,,학교명,,,,,,,,,
35,연번,활동명,"활동기간
(	년	월	일	~	년	월	일)","활동내용
(50자	이내)",활동	(발행)기관,,,,,,,,
35,1,,,,,,,,,,,,
35,2,,,,,,,,,,,,
35,3,,,,,,,,,,,,
35,4,,,,,,,,,,,,
35,5,,,,,,,,,,,,
35,6,,,,,,,,,,,,
35,7,,,,,,,,,,,,
35,8,,,,,,,,,,,,
35,9,,,,,,,,,,,,
35,10,,,,,,,,,,,,
35,"본인은 학교생활기록부 대체 서식 작성에 관한 유의사항을 숙지하였으며, 
유의사항 위반에 따른 조치에 대해서 이의를 제기하지 않겠습니다. (동의 □)
20 
  년  
 월  
 일
(인)
지원자 :  
 
 
 
 
 
 
 
 
성균관대학교	총장	귀하",,,,,,,,,,,,
36,"1.   본 직무기술서는 반드시 사실에 기초하여 지원자 본인이 작성합니다.
2.   본 직무기술서에 기술된 사항에 대한 사실 확인을 요청할 경우 지원자는 적극 협조하여야 합니다.
3.   허위사실 기재, 기타 부정한 사실 등이 발견될 경우, 불합격 처리되며 합격 이후라도 입학이 취소될 수 있습니다.
4.   공인어학성적 및 수학·과학·외국어 교과에 대한 교외 수상실적을 기재할 경우 평가에서 불이익을 받을 수 있으니, 작성을 금지합니다.
	 가.	공인어학성적
영어 (TOEIC, TOEFL, TEPS), 중국어 (HSK), 일본어 (JPT, JLPT), 프랑스어 (DELF, DALF), 독일어 (ZD, TESTDAF, DSH, DSD), 러시아어 (TORFL),  
스페인어 (DELE), 상공회의소한자시험, 한자능력검정, 실용한자, 한자급수자격검정, YBM 상무한검, 한자급수인증시험, 한자자격검정 등
  나.	수학·과학·외국어	교과에	대한	교외	수상실적	(예시)
수학
과학
외국어
•  위에서 열거된 항목 외에도, 대회 명칭에 수학·과학 (물리, 화학, 생물, 지구과학, 천문)·외국어 (영어 등) 교과명이 명시된 학교 외 각종 대회 (경시대회, 올림피아드 등) 
수상실적을 작성했을 경우 “0점” (또는 불합격) 처리
•  ‘교외 수상실적’이란 학교 외 기관이 개최한 대회 수상실적을 의미하며, 학교장의 참가 허락을 받은 교외 수상실적이라도 작성 시 “0점” (또는 불합격) 처리
5.   직무기술서에는 고등학교 학교생활기록부에 기재할 수 없는 항목※과 「대입제도 공정성 강화방안」 (2019.11.28.)에 따른 학생부 주요항목 
내 변경 사항※은 작성할 수 없고, 어학연수 등 사교육 유발요인이 큰 교외 활동의 경우에도 작성이 제한됩니다. 이를 준수하지 않았을 경우 
평가에서 불이익을 받을 수 있으니, 작성을 금지합니다.
[※	학교생활기록부	기재금지	항목]
가. 각종 공인어학시험 참여사실과 그 성적 및 수상실적
나. 교과·비교과 관련 교외대회 참여사실과 그 성적 및 수상실적 (학교장의 참가 허락을 받아 참여한 각종 교외대회에서의 수상실적도 기재 불가)
다. 교외 기관·단체 (장)등에게 수상한 교외상 (표창장, 감사장, 공로상 등도 기재 불가)
라. 교내·외 인증시험 참여 사실이나 그 성적
마. 모의고사·전국연합학력평가 성적 (원점수, 석차, 석차등급, 백분위 등 성적관련 내용 일체) 및 관련 교내 수상실적 
바. 논문을 학회지 등에 투고 또는 등재하거나 학회 등에서 발표한 사실
사. 도서출간 사실
아. 지식재산권 (특허, 실용신안, 상표 디자인) 출원 또는 등록사실
자. 어학연수, 봉사활동 등 해외 활동실적 및 관련 내용
차. 부모 (친인척 포함)의 사회·경제적 지위 (직종명, 직업명, 직장명, 직위명 등) 암시 내용
카. 장학생·장학금 관련 내용
타. 구체적인 특정 대학명, 기관명 (기구, 단체, 조직 등 포함), 상호명, 강사명 등
파. 자격증 명칭 및 취득사실
* 위 내용은 「2025학년도 학교생활기록부 기재요령 (고등학교)」을 발췌한 내용으로 이하 자세한 사항은 교육부 「2025학년도 학교생활기록부 기재요령 (고등학교)」 중 학교
생활기록부 작성 시 유의사항 참조
[※	「대입제도	공정성	강화방안」에	따른	학생부	주요항목	내	변경	사항]
가. 영재·발명교육 실적 대입 미반영
나. 자율동아리 대입 미반영
다. 청소년단체활동 미기재
라. 개인봉사활동 실적 대입 미반영
마. 독서활동 대입 미반영 
6.  지원자 성명, 출신고교, 부모 (친인척 포함)의 실명을 포함한 사회적·경제적 지위 (부모 및 친인척의 직종명, 직업명, 직장명, 직위명 등)를 암시하는 
내용을 기재할 경우 평가에 불이익을 받을 수 있으니 작성을 금지합니다.","한국수학올림피아드 (KMO), 한국수학인증시험 (KMC), 온라인 창의수학 경시대회, 도시대항 국제 수학토너먼트, 국제수학올림피아드 (IMO) 등
한국물리올림피아드 (KPHO), 한국화학올림피아드 (KCHO), 한국생물올림피아드 (KBO), 한국천문올림피아드 (KAO), 
한국지구과학올림피아드 (KESO), 한국뇌과학올림피아드, 전국정보과학올림피아드, 국제물리올림피아드, 국제지구과학올림피아드, 
국제생물올림피아드, 국제천문올림피아드, 한국중등과학올림피아드 등
전국 초중고 외국어 (영어, 중국어, 일본어, 프랑스어, 독일어, 러시아어, 스페인어) 경시대회, 
IET 국제영어대회, IEWC 국제영어글쓰기대회, 글로벌 리더십 영어 경연대회, SIFEC 전국영어말하기대회, 국제영어논술대회 등",,,,,,,,,,,
36,,,,,,,,,,,,,
36,,,,,,,,,,,,,
36,,,,,,,,,,,,,
36,,,,,,,,,,,,,
36,"<직무	기술서	작성	및	제출	안내>
1. 특별전형 (특성화고졸재직자) 지원자 중 희망하는 경우에만 작성 및 제출함 (선택사항)
2. 직무기술서는 원서접수시 온라인 입력
3. 작성 내용 : 재직 중인 직장에서의 직무와 역할 (기관명 작성 가능)
4. 작성 분량 : 띄어쓰기 포함 항목 당 100자 이내",,,,,,,,,,,,
37,지원자	인적사항,,,,,,,,,,,,
37,"전형유형:
모집단위:
수험번호:
성 
  명:
생년월일:",,,,,,,,,,,,
37,연번,업무명,직무	(역할),"업무기간 
(	년	월	일	~	년	월	일)","업무	내용 
(100자	이내)",재직	(인증)기관,,,,,,,
37,1,,,,,,,,,,,,
37,2,,,,,,,,,,,,
37,3,,,,,,,,,,,,
37,4,,,,,,,,,,,,
37,5,,,,,,,,,,,,
37,6,,,,,,,,,,,,
37,7,,,,,,,,,,,,
37,8,,,,,,,,,,,,
37,9,,,,,,,,,,,,
37,10,,,,,,,,,,,,
37,"본인은 직무기술서 작성에 관한 유의사항을 숙지하였으며, 
유의사항 위반에 따른 조치에 대해서 이의를 제기하지 않겠습니다. (동의 □)
20 
  년 
 
  월 
 
  일
(인)
지원자 :  
 
 
 
 
 
 
 
 
성균관대학교	총장	귀하",,,,,,,,,,,,
38,전형유형,,,,모집단위,계열/학부/학과,,,,,,,
38,수험번호,,,,성명,,,,,,,,
38,연락처,,,,주민등록번호,-,,,,,,,
38,환불	요청	사유	(해당되는	사항	선택),,,,,,,,,,,,
38,□,국가보훈대상자,,「국가보훈기본법」 제3조 제2호에 따른 「국가보훈대상자」로서 국가보훈관계 법령에 따른 교육지원대상자,,,,,,,,,
38,□,국민기초생활수급자,,"「국민기초생활보장법」 제2조 제1호 (수급권자), 제2호 (수급자)",,,,,,,,,
38,□,차상위계층,,「국민기초생활보장법」 제2조 제10호 (차상위계층),,,,,,,,,
38,□,한부모가족,,「한부모가족지원법」 제5조 및 제5조의2에 따른 지원대상자,,,,,,,,,
38,□,장애인	등,,"「장애인복지법」 제32조에 의하여 장애인 등록이 되어 있는 자 (※ 장애의 정도가 심하지 않은 장애인 포함) 혹은 
「장애인 등에 대한 특수교육법」 제15조 제1항의 규정에 따른 대상자",,,,,,,,,
38,□,상이등급자,,"기타 국가보훈 관계법령*에 의한 상이등급자로 등록되어 있는 자
* 「국가유공자 등 예우 및 지원에 관한 법률」, 「특수임무유공자 예우 및 단체설립에 관한 법률」, 「보훈보상대상자 지원에 
관한 법률」등",,,,,,,,,
38,□,자립지원대상자,,「아동복지법」 시행령 제 38조 제2항에 따른 자립지원 대상자,,,,,,,,,
38,환불	계좌	정보,,,,,,,,,,,,
38,"금융기관명
예금주명
계좌번호",,,,,,,,,,,,
38,,,,,,,,,,,,,
38,"위 지원자는 성균관대학교 정시모집 환불대상자 해당자격을 충족하는 대상자로서, 지원자격 관련 서류를 첨부하여 
전형료 반환을 신청합니다.
20 
  년 
 
 월  
 
 
 일
 
 
 
 
 
 
(인)
 
지원자 :  
 
성균관대학교	총장	귀하",,,,,,,,,,,,
38,구분,자격증빙서류,,,,,,,,,,,
38,지원자	전원,입학원서,,,,,,,,,,,
38,국가보훈대상자,대학입학특별전형대상자증명서 (지원자 기준) 1부,,,,,,,,,,,
38,국민기초생활수급자,수급자 증명서 (지원자 기준) 1부,,,,,,,,,,,
38,차상위계층,"① 아래 해당 확인서 (증명서) 1부
 
-   시·군·구청장 또는 읍·면·동주민센터장이 발급하는 「자활근로자, 장애 (아동)수당 대상자, 장애인연금 대상자, 차상위계층 확인서」
 
- 국민건강보험공단 이사장이 발행하는 「차상위 본인부담경감 대상자 증명서」
② 가족관계증명서 (지원자 기준) 1부
③ 주민등록표등본 (지원자 기준) 1부",,,,,,,,,,,
38,한부모가족,한부모가족증명서 (지원자 기준) 1부,,,,,,,,,,,
38,장애인	등/상이등급자,"장애인증명서, 특수교육 대상자 증명서 (고교 배치 결과통지서 등) 또는  
상이정도가 명시된 국가보훈대상자 (국가유공자 등) 증명서 (지원자 기준) 중 1부 (최근 1개월 이내 발급)",,,,,,,,,,,
38,자립지원대상자,"아래 서류 중 1부 (최근 1개월 이내 발급)
- 입소사실확인서 및 아동복지시설 신고증 (사본) 각 1부
- 보호종료 확인서 또는 퇴소사실증명서 1부
- 조기 보호 종료사유 및 증빙서류 1부",,,,,,,,,,,
40,"등급
종목",1,2,3,4,5,6,7,8,9,10,11,F
40,"25m 왕복 달리기
(초)","16″ 99
이내","17 ″0
~
17 ″39","17 ″40
~
17 ″79","17 ″80
~
18 ″19","18 ″20
~
18 ″59","18 ″60
~
18 ″99","19 ″00
~
19 ″39","19 ″40
~
19 ″79","19 ″80
~
20 ″19","20 ″20
~
20 ″59","20 ″60
이후",결격
40,"핸드볼공 던지기
(m)",34,33,32,31,30,29,28,27,26,25,"24 
이하",결격
40,"제자리 멀리뛰기
(cm)","270
이상","269
~
265","264
~
260","259
~
255","254
~
250","249
~
245","244
~
240","239
~
235","234
~
230","229
~
225","224
~
220",결격
40,배 점,66,61,56,51,46,41,36,31,26,21,16,0
40,"등급
종목",1,2,3,4,5,6,7,8,9,10,11,F
40,"25m 왕복 달리기
(초)","18 ″99
이내","19 ″00
~
19 ″39","19 ″40
~
19 ″79","19 ″80
~
20 ″19","20 ″20
~
20 ″59","20 ″60 
~
20 ″99","21 ″00
~
21 ″39","21 ″40
~
21 ″79","21 ″80
~
22 ″19","22 ″20
~
22 ″59","22 ″60
이후",결격
40,"핸드볼공 던지기
(m)",24,23,22,21,20,19,18,17,16,15,"14 
이하",결격
40,"제자리 멀리뛰기
(cm)","220
이상","219
~
215","214
~
210","209
~
205","204
~
200","199
~
195","194
~
190","189
~
185","184
~
180","179
~
175","174
~
170",결격
40,배 점,66,61,56,51,46,41,36,31,26,21,16,0
41,이웃사랑,수급자,"「국민기초생활보장법」 제2조 제1호 (수급권자), 제2호 (수급자)",,,,,,,,,,
41,,차상위계층,「국민기초생활보장법」 제10호 (차상위계층),,,,,,,,,,
41,,한부모가족,「한부모가족지원법」 제5조 및 제5조의2에 따른 지원대상자,,,,,,,,,,
41,"장애인	
등",장애인	등,"「장애인복지법」 제32조에 의하여 장애인	등록이 되어 있는 자
「장애인 등에 대한 특수교육법」 제15조 제1항의 규정에 따른 대상자
기타 (대학의 장이 정하는 자)
※ 장애의 정도가 심하지 않은 장애인 포함",,,,,,,,,,
41,,상이등급자,"기타 국가보훈 관계법령*에 의한 상이등급자로 등록되어 있는 자
* 「국가유공자 등 예우 및 지원에 관한 법률」, 「특수임무유공자 예우 및 단체설립에 관한 법률」, 「보훈보상대상자 
지원에 관한 법률」등",,,,,,,,,,
41,특성화고	졸업	(예정)자,,"「초·중등교육법」 시행령 제91조 제1항에 따른 특성화고	졸업	(예정)자로서 우리대학	모집단위와	동일계열	
기준학과를	이수한	자 혹은 우리대학	모집단위와	관련된	전문교과를	30학점	(단위)	이상	이수한	자
※ 산업수요 맞춤형 마이스터고 제외/ 특성화고와 동일한 교육과정을 이수한 일반고 (종합고) 출신자 포함
※ 모집단위와 관련된 전문교과는 학교생활기록부 등 관련서류와 자료를 검토하여 우리대학에서 인정여부 최종판정",,,,,,,,,,
42,전형요소	및	반영비율	(%),대학수학능력시험 100,,,,,,,,,,,
42,전형총점,"1,000",,,,,,,,,,,
42,수능	최저학력기준,없음,,,,,,,,,,,
42,선발방법,모집 군 및 모집단위 별 수능 반영 방법에 따른 평가 총점 순으로 최종 합격자 선발,,,,,,,,,,,
42,"동점자	처리기준
(이웃사랑,	장애인등)","① 대학수학능력시험의 국어, 수학, 탐구, 탐구 4개 과목 표준점수 합이 우수한 자
② 대학수학능력시험의 수학영역 표준점수가 우수한 자
③ 대학수학능력시험의 국어영역 표준점수가 우수한 자
④ 대학수학능력시험의 탐구영역 상위 1개 과목 표준점수가 우수한 자
⑤ 대학수학능력시험의 영어영역 등급이 우수한 자
⑥ 대학수학능력시험의 한국사 등급이 우수한 자
⑦ 학생부 석차등급 평균이 우수한 자 (학생부 없는 자는 비교내신 적용)",,,,,,,,,,,
42,"동점자	처리기준
(특성화고	졸업자)","① 대학수학능력시험의 국어, 수학 2개 과목 표준점수 합이 우수한 자
② 대학수학능력시험의 수학영역 표준점수가 우수한 자
③ 대학수학능력시험의 국어영역 표준점수가 우수한 자
④ 대학수학능력시험의 영어영역 등급이 우수한 자
⑤ 대학수학능력시험의 한국사 등급이 우수한 자
⑥ 학생부 석차등급 평균이 우수한 자 (학생부 없는 자는 비교내신 적용)",,,,,,,,,,,
42,전형,군,모집단위,유형,국어,수학,탐구,영어,한국사,,,,
42,,,,,"화법과
언어와
작문
매체","확률과	
미적분
기하
통계","사회
과학",,,,,,
42,"이웃
사랑/
장애
인등
특성
화고
졸업
자",가 / 나,"인문과학계열,
사회과학계열, 경영학과,
교육학과, 한문교육과",A,40,30,20,10,"감점
적용",,,,
42,,,,B,30,40,20,10,,,,,
42,,,"자연과학계열, 공학계열,
전자전기공학부, 소프트웨어학과,
약학과, 수학교육과, 컴퓨터교육과,
바이오신약·규제과학과",A,20,40,30,10,,,,,
42,,,,B,30,40,20,10,,,,,
42,,,전 모집단위,-,45,45,×,10,,,,,
42,"이웃
사랑",다,"반도체융합공학과,
에너지학과, 양자정보공학과",A,20,40,30,10,,,,,
42,,,,B,30,40,20,10,,,,,
43,구분,,,제출서류,,,,,,,,,
43,공통,,지원자 전원,•  입학원서,,,,,,,,,
43,지 원 자 격,이 웃 사 랑,"(1)   「국민기초생활보장법」 제2조 제1호 (수급권자), 
제2호 (수급자)","•  수급자 증명서 (지원자 기준) 1부
※	서류접수	시작일로부터	7일	이내	발급한	서류만	인정함",,,,,,,,,
43,,,"(2)   「국민기초생활보장법」 제2조 제10호의 차상위
계층에 속하는 자로서 차상위 복지급여 (차상위 
자활, 차상위 장애수당, 차상위 장애인연금부가급여, 
차상위 건강보험본인부담금 경감) 중 하나 이상을 
받고 있는 가구의 학생 또는 차상위계층 확인사업 
대상 가구 (구 우선돌봄 차상위가구)의 학생","① 아래 해당 확인서 (증명서) 1부
 
-   시·군·구청장 또는 읍·면·동주민센터장이 발급하는 「자활근로자, 장애 (아동)
수당 대상자, 장애인연금 대상자, 차상위계층 확인서」
 
-   국민건강보험공단 이사장이 발행하는 「차상위 본인부담경감 대상자 증명서」  
※	서류접수	시작일로부터	7일	이내	발급한	서류만	인정함
② 가족관계증명서 (지원자 기준) 1부
③ 주민등록표등본 (주민등록번호, 세대정보 모두 포함) 1부",,,,,,,,,
43,,,"(3)   「한부모가족지원법」  제5조  또는  제5조의2에 
따른 지원대상자","•  지원자 기준 한부모가족증명서 1부
※	서류접수	시작일로부터	7일	이내	발급한	서류만	인정함",,,,,,,,,
43,,(4) 장애인 등 대상자,,"•  아래 서류 중 1개 이상 제출 (최근 1개월 이내 발급)
 
-   장애인증명서, 특수교육 대상자 증명서 (배치 결과통지서 등) 또는 상이정도가 
명시된 국가보훈대상자 (국가유공자 등) 증명서 중 1부 (최근 1개월 이내 발급)",,,,,,,,,
43,,(5) 특성화고 졸업자,,•  제출서류 없음,,,,,,,,,
43,해 당 자,"제출서류와 주민등록번호, 성명이 다른 지원자",,•  주민등록표초본 1부,,,,,,,,,
43,최 종 합 격 자,(1) 중 고교졸업예정자,,"① 고교졸업증명서(고교졸업일 명시)
② 본인 주민등록표초본 (고교졸업일 이후~2026.2.28. 사이 발급본)",,,,,,,,,
43,,(5) 중 고교졸업예정자,,•  고교졸업증명서 (고교졸업일 명시),,,,,,,,,
45,모집단위,혜택,,,,,,,,,,,
45,글로벌리더학부,"•  국가고시 및 로스쿨 진학, 다양한 취업 진로 프로그램 제공
•  (정책트랙)고시 합격생 및 (법무트랙)법학적성시험 상위 학생 장학제도
•  신입생 성적우수자 중 2학년 1학기 재학생 대상 장학금 지급 (신입학년도 2개 학기 연속 재학 필수) 
•  해외 교환학생 및 복수학위 우선 지원, 국제 인턴십 우선 지원, 학사 + 석사 연계과정 5년 지원 (대학원 장학금 포함), 
해외 박사학위과정 진학 추천 (Honor Student 인증)",,,,,,,,,,,
45,글로벌경제학과,"•  해외대학 (영국 Univ. of Birmingham, 네덜란드 Erasmus Univ. 등)과의 복수학위 및 교환학생 프로그램 운영
•  해외 교환학생 파견 장학 지원 (기준 충족자에 한해 항공권 및 체재비 등 일부 지원)
•  해외대학과 공동 개최하는 국제학술대회 참여 지원
•  국가고시 및 로스쿨 진학, 다양한 취업 진로 프로그램 제공
•  국제 인턴십 우선 지원, 학사 + 석사 연계과정 5년 지원 (대학원 장학금 포함),  
해외 박사학위과정 진학 추천 (Honor Student 인증)
•  신입학년도 성적우수자 중 2학년 1학기 재학생 대상 장학금 지급 (신입학년도 2개학기 연속 재학 필수)",,,,,,,,,,,
45,글로벌경영학과,"•  해외대학 (미국 Indiana Univ., 프랑스 Emlyon Univ. 등)과의 복수학위 및 교환학생 프로그램 운영
•  해외 교환학생 파견 장학 지원 (기준 충족자에 한해 항공권 및 체재비 등 일부 지원)
•  글로벌 탐방 프로그램 제공 (항공료 등 제반 비용 지원)
•  해외취업, 외국계취업 등 각종 취업 역량 강화 프로그램 제공
•  신입학년도 성적우수자 중 2학년 1학기 재학생 대상 장학금 지급 (신입학년도 2개학기 연속 재학 필수)
•  국제 인턴십 우선 지원, 학사 + 석사 연계과정 5년 지원 (대학원 장학금 포함),  
해외 박사학위과정 진학 추천 (Honor Student 인증)",,,,,,,,,,,
45,반도체시스템공학과,"•  전체 신입생 대상 2년 (4개 학기) 전액 장학금 지급 (기준 성적 충족 시)
•  삼성전자 입사 및 등록금전액 (재학 5학기~8학기) 지급 (최소채용절차 통과자 및 기준 성적 충족 시)
•  성적우수자에 대한 학업장려금 지급
•  미국 실리콘밸리 연수 지원
•  기숙사 우선 배정 (1학년 1년간, 기숙사 입사신청 1차 시기 지원자에 한함)
•  삼성전자 인턴십 프로그램 제공 (최소채용절차 통과 시)",,,,,,,,,,,
45,지능형소프트웨어학과,"•  5학년 졸업 후 학사·석사 동시 취득
•  전체 신입생 대상 3년 (6개 학기) 전액 장학금 지급 (기준 성적 충족 시)
•  삼성전자 입사 및 전액 장학금 (재학 7학기~10학기) 지급 (최소채용절차 통과자 및 기준 성적 충족 시)
•  삼성전자 해외연구소 방문 단기 해외 연수
•  성적우수자에 대한 학업장려금 지급
•  석사과정 기간 학비 보조금 매월 지급
•  삼성전자 DX부문 인턴십 프로그램 제공 (최소채용절차 통과 시)
•  학위과정 중 국제우수학술대회 논문 발표 시 출장 지원
•  기숙사 우선 배정 (1학년 1년간, 기숙사 입사신청 1차 시기 지원자에 한함)",,,,,,,,,,,
46,모집단위,혜택,,,,,,,,,,,
46,소프트웨어학과,"•  국내·외 SW전문기업 인턴십 및 해외 방문 프로그램 지원
•  기숙사 우선 배정 (1학년 1년간, 기숙사 입사신청 1차 시기 지원자에 한함)
•  산학협력 프로젝트 프로그램 제공
•  SW코딩 멘토링 지원
•  우수학부생 연구실 입실 및 연구 활동 진행
•  해외 대학과의 공동 프로젝트 수행
•  SW 창업 멘토링 교육 및 창업 지원",,,,,,,,,,,
46,"글로벌바이오
메디컬공학과","•  IBS 뇌과학이미징연구단 특성화프로그램 참여 가능 (해외석학강좌, 첨단 뉴로이미징 연구장비 교육, 썸머스쿨 등) 
•  기숙사 우선 배정 (1학년 1년간, 기숙사 입사신청 1차 시기 지원자에 한함)
•  성적우수자에 대한 학업장려금 지급",,,,,,,,,,,
46,반도체융합공학과,"•  반도체특성화대학 사업 지원을 통해 정원내 입학생 전원 2년 (4개 학기) 장학금 지급 
( 각 장학금별 기준 성적 충족 필요, 과학인재전형 합격자는 과학인재장학금 수여, 반도체특성화대학 지원 장학금은 2026년 2학기
까지 확정이며, 사업 지속 여부에 따라 연장 가능)
•  조기 석사학위 취득이 가능한 학·석사 연계과정 운영 예정
•  지도교수-학생 간의 1:1 매칭을 통해 학업, 진로 등 다양한 분야에 대한 맞춤형 멘토링 제공
•  글로벌 반도체기술 해외탐방 프로그램 (항공료를 포함한 참여 비용 전액 지원) 및 학회 참가 기회 제공
•  반도체설계실습실, 교육용반도체 fab 활용 (구축 중) 통한 실습 강화 교육",,,,,,,,,,,
46,배터리학과,"•  전체 신입생 대상 2년(4개 학기) 전액 장학금 지급하고(기준 성적 충족 시), 삼성SDI 입사 및 전액 장학금 지급  
(재학 5학기~8학기, 최소채용절차 통과자 및 기준 성적 충족 시)
•  기숙사 우선 배정 (1학년 1년간, 기숙사 입사신청 1차 시기 지원자에 한함)
•  성적우수자에 대한 학업장려금 지급
•  해외연수 (전시회/학회) 참여 기회 제공 (기준 성적 충족 시)
•  삼성SDI 인턴십 프로그램 제공 (최소 채용절차 통과 시)",,,,,,,,,,,
48,전공명,주관부서,연락처,,,,,,,,,,
48,비교문화/일본학/글로컬문화콘텐츠,문과대학 연계전공 사무실,02-760-1093,,,,,,,,,,
48,미래인문학,독어독문학과 사무실,02-760-0291,,,,,,,,,,
48,융합언어학,러시아어문학과 사무실,02-760-0641,,,,,,,,,,
48,고전학,한문학과 사무실,02-760-0334,,,,,,,,,,
48,국제통상학,국제통상학 연계전공 사무실,02-760-0941,,,,,,,,,,
48,앙트레프레너십,앙트레프레너십 연계전공 사무실,02-760-0439,,,,,,,,,,
48,공익과법,공익과법 연계전공 사무실,02-760-0192,,,,,,,,,,
48,차세대반도체공학,반도체융합공학과 사무실,031-290-5869,,,,,,,,,,
48,컴바이오믹스,컴바이오믹스 연계전공 사무실,031-299-4130,,,,,,,,,,
48,한국학,동아시아학술원행정실,02-760-0775,,,,,,,,,,
49,마이크로디그리명,최소	이수학점,주관부서,연락처,비고,,,,,,,,
49,인공지능 경제학,12,경제학과,02-760-0949,,,,,,,,,
49,인공지능 콘텐츠,12,글로벌융합학부,02-740-1784,,,,,,,,,
49,탄소중립 건축,12,건설환경공학부,031-299-4775,,,,,,,,,
49,인공지능 반도체,27,전자전기공학부,031-290-5827,필수 과목그룹 있음,,,,,,,,
49,반도체 설계트랙,27,전자전기공학부,031-290-5827,필수 과목그룹 있음,,,,,,,,
49,미래형 자동차,28,전자전기공학부,031-290-5412,필수 과목그룹 있음,,,,,,,,
49,의료 인공지능,12,의학과,031-299-6025,필수과목 있음,,,,,,,,
49,바이오센서,9,생명과학과,031-290-7000,,,,,,,,,
49,성균 인문학,12,독어독문학과,02-760-0913,,,,,,,,,
49,인공지능 교육,12,컴퓨터교육과,02-760-0965,,,,,,,,,
49,인공지능 융합비즈니스,12,경영학과,02-760-0969,,,,,,,,,
49,K-철학커뮤니케이터,9,유학.동양학과,02-740-1692,,,,,,,,,
49,고령화사회 디지털헬스,9,문헌정보학과,02-740-1692,,,,,,,,,
49,지역사회 정보분석,9,문헌정보학과,02-740-1692,,,,,,,,,
49,AI테크놀로지와 커뮤니티 리브랜딩,9,미디어커뮤니케이션학과,02-740-1692,,,,,,,,,
49,지능형 실감미디어와 지역문화 콘텐츠,9,미디어커뮤니케이션학과,02-740-1692,,,,,,,,,
49,소셜임팩트 크리에이터,9,사회복지학과,02-740-1692,,,,,,,,,
49,초고령 시대의 지역사회 개발,9,사회복지학과,02-740-1692,,,,,,,,,
49,데이터기반 지역문제해결,9,행정학과,02-740-1692,,,,,,,,,
49,사회통합과 커뮤니티개발,9,행정학과,02-740-1692,,,,,,,,,
49,다문화사회와 갈등관리,9,행정학과,02-740-1692,,,,,,,,,
49,인구전환과 사회적 대응,9,행정학과,02-740-1692,,,,,,,,,
49,지속가능성장을 위한 지역거버넌스,9,행정학과,02-740-1692,,,,,,,,,
49,응용혁신경험디자인 (AIEX) 트랙,18,디자인학과,031-299-6877,필수 과목그룹 있음,,,,,,,,
49,인공지능과 예술,12,예술대학,02-760-0933,,,,,,,,,
49,ESG,12,건설환경공학부,031-290-7510,,,,,,,,,
49,반도체/디스플레이 공정/장비,12,기계공학부,031-290-5881,,,,,,,,,
49,지능형로봇,15,기계공학부,031-290-5881,필수과목 있음,,,,,,,,
49,친환경모빌리티,12,기계공학부,031-290-5881,,,,,,,,,
49,양자정보 및 양자화학,12,나노공학과,031-299-4116,,,,,,,,,
49,스마트 생산/제조,12,시스템경영공학과,031-290-7590,,,,,,,,,
49,반도체/디스플레이 소재/소자,12,신소재공학부,031-290-7390,,,,,,,,,
49,배터리,12,신소재공학부,031-290-7390,,,,,,,,,
49,바이오헬스케어,12,화학공학부,031-299-4700,,,,,,,,,
49,저탄소그린에너지,12,화학공학부,031-299-4700,,,,,,,,,
49,기후변화와 지속가능한 미래,12,소비자학과,02-760-0933,,,,,,,,,
49,인간발달과 정신건강 전문가,12,심리학과,02-740-1692,,,,,,,,,
49,언어와 인공지능,12,영어영문학과,02-760-0246,,,,,,,,,
49,첨단 반도체 부품장비,12,전자전기공학부,031-299-6757,,,,,,,,,
49,첨단 반도체 패키징테스트,12,전자전기공학부,031-299-6757,,,,,,,,,
49,고전문해력,12,한문학과,02-760-0913,,,,,,,,,
49,인공지능 캡스톤,12,컴퓨터교육과,02-760-0965,,,,,,,,,
49,공직 직무역량,12,글로벌리더학부,02-760-0933,,,,,,,,,
49,핀테크,12,경영학과,02-760-0969,,,,,,,,,
50,계열,학과명,표시과목,,,,,,,,,,
50,유학대학,유학·동양학과,도덕·윤리,,,,,,,,,,
50,문과대학,국어국문학과,국어,,,,,,,,,,
50,,영어영문학과,영어,,,,,,,,,,
50,,중어중문학과,중국어,,,,,,,,,,
50,,한문학과,한문,,,,,,,,,,
50,,사학과,역사,,,,,,,,,,
50,,문헌정보학과,사서교사 (2급),,,,,,,,,,
50,사회과학대학,행정학과,일반사회,,,,,,,,,,
50,,아동·청소년학과,유치원정교사 (2급),,,,,,,,,,
50,경제대학,경제학과,일반사회,,,,,,,,,,
50,,통계학과,수학,,,,,,,,,,
50,경영대학,경영학과,상업,,,,,,,,,,
50,자연과학대학,생명과학과,생물,,,,,,,,,,
50,,수학과,수학,,,,,,,,,,
50,,물리학과,물리,,,,,,,,,,
50,,화학과,화학,,,,,,,,,,
50,정보통신대학,전자전기공학부,"전자, 전기, 통신",,,,,,,,,,
50,스포츠과학대학,스포츠과학과,체육,,,,,,,,,,
50,예술대학,미술학과,미술,,,,,,,,,,
50,,디자인학과,디자인·공예,,,,,,,,,,
50,,영상학과,연극영화,,,,,,,,,,
50,,연기예술학과,연극영화,,,,,,,,,,
51,소속,설치	(운영)	학과	(부),학위명칭	(영문학위명),,,,,,,,,,
51,정보통신대학,전자전기공학부,"전자전기공학심화프로그램
(BS in Electronic and Electrical Engineering)",,,,,,,,,,
51,공과대학,화학공학부,"화학공학심화프로그램
(BS in Chemical Engineering)",,,,,,,,,,
51,,신소재공학부,"신소재공학심화프로그램
(BS in Advanced Materials Science and Engineering)",,,,,,,,,,
51,,기계공학부,"기계공학심화프로그램
(BS in Mechanical Engineering)",,,,,,,,,,
51,,건설환경공학부,"건축공학심화프로그램
(BS in Architectural Engineering)",,,,,,,,,,
51,,,"토목공학심화프로그램
(BS in Civil Engineering)",,,,,,,,,,
51,,시스템경영공학과,"시스템경영공학심화프로그램
(BS in Systems Management Engineering)",,,,,,,,,,
52,구분,시설명,소재지	주소,호실타입,수용인원,성별,비	고,,,,,,
52,"직영
기숙사","E-하우스
(본관)","율곡로 29길 5
(충신동)",1인실,2명,남학생,"학교정문까지 도보 약 30분 소요
1인실 : 장애인실",,,,,,
52,,,,2인실,302명,,,,,,,,
52,,"E-하우스
(별관)","율곡로 257
(충신동)",1인실,1명,여학생,"학교정문까지 도보 약 30분 소요
1인실 : 장애인실",,,,,,
52,,,,2인실,100명,,,,,,,,
52,,G-하우스,"율곡로 171
(원남동)",1인실,20명,여학생,"학교정문까지 도보 약 20분 소요
1인실 : 장애인실 2실 포함",,,,,,
52,,,,2인실,300명,,,,,,,,
52,,K-하우스,성균관로 7길 35,1인실,2명,여학생,"인문사회과학캠퍼스까지 도보 약 1분 소요
1인실 : 장애인실",,,,,,
52,,,,2인실,246명,,,,,,,,
52,"임대
기숙사",크라운빌 A동,혜화로 5길 7,2인실,60명,남학생,"학교 정문까지 도보 약 15분소요
신청 가능 임대 기숙사는 상황에 따라 변경될 수 있음",,,,,,
52,,크라운빌 C동,혜화로 5길 46,2인실,60명,남/여학생,,,,,,,
52,시설명,호실	타입,수용인원,성별,비고,,,,,,,,
52,인관 (仁館),4인 1실,424명,남학생,,,,,,,,,
52,의관 (義館),2인 1실,200명,-,대학원생 전용,,,,,,,,
52,예관 (禮館),2인 1실,342명,여학생,,,,,,,,,
52,지관 (智館),2인 1실,926명,남학생,,,,,,,,,
52,신관 (信館),2인 1실,"1,108명",-,,,,,,,,,
52,,4인 1실,140명,-,,,,,,,,,
52,,4인 4실,388명,-,1인실 형태,,,,,,,,
52,,6인 3실,186명,-,2인실 형태,,,,,,,,
52,,3인 3실,63명,-,1인실 형태,,,,,,,,
52,,1인 1실,8명,장애인 우선,,,,,,,,,
53,구	분,"명륜학사	(인문사회과학캠퍼스,	서울)
봉룡학사	(자연과학캠퍼스,	수원)",,,,,,,,,,,
53,홈페이지,"https://dorm.skku.edu/dorm_seoul
https://dorm.skku.edu/dorm_suwon",,,,,,,,,,,
53,전 화,"(02)760-0163~0164, 0167~0168
(031)290-5181~6",,,,,,,,,,,
53,,평일 09:00 ~ 17:30 (점심시간 12:00 ~ 13:00),,,,,,,,,,,
54,상담	내용,담당	부서,,연락처,,,,,,,,,
54,입학 안내 전반,입학처,,02) 760-1000,,,,,,,,,
54,등록,재무팀,,02) 760-1125,,,,,,,,,
54,장학,학생지원팀,,02) 760-1075,,,,,,,,,
54,"학사안내전반
(졸업·수강·복수전공·학적·휴학·복학 등)",학사콜센터,,1811-8585,,,,,,,,,
54,"기숙사
https://dorm.skku.edu",명륜학사 (인문사회과학캠퍼스 기숙사 행정실),,"02) 760-0163~0164, 0167~0168",,,,,,,,,
54,,봉룡학사 (자연과학캠퍼스 기숙사 행정실),,031) 290-5181~6,,,,,,,,,
54,교직 이수,사범대학,,02) 760-0963,,,,,,,,,
54,전공 안내 전반,"인문사회과학
캠퍼스",유학대학,02) 760-0913~6,,,,,,,,,
54,,,문과대학,02) 760-0913~6,,,,,,,,,
54,,,사회과학대학,"02) 760-0905, 0935",,,,,,,,,
54,,,경제대학,02) 760-0944~5,,,,,,,,,
54,,,경영대학,02) 760-0855,,,,,,,,,
54,,,사범대학,02) 760-0962~4,,,,,,,,,
54,,,예술대학,"02) 760-0905, 0933",,,,,,,,,
54,,,글로벌리더학,02) 760-0191~2,,,,,,,,,
54,,,글로벌경제학,"02) 760-0040, 0042",,,,,,,,,
54,,,글로벌경영학,02) 760-0034,,,,,,,,,
54,,,글로벌융합학부,02) 740-1781~4,,,,,,,,,
54,,"자연과학
캠퍼스",자연과학대학,"031) 290-5801, 5804",,,,,,,,,
54,,,정보통신대학,"031) 290-5827, 5863",,,,,,,,,
54,,,소프트웨어학,031) 299-4100~2,,,,,,,,,
54,,,반도체시스템공학,"031) 299-4900~3, 4906",,,,,,,,,
54,,,지능형소프트웨어학,031) 290-5865,,,,,,,,,
54,,,배터리학,031) 299-6591,,,,,,,,,
54,,,공과대학,031) 290-5815~6,,,,,,,,,
54,,,생명공학대학,031) 290-5804,,,,,,,,,
54,,,스포츠과학대학,031) 299-6920,,,,,,,,,
54,,,의과대학,"031) 299-6021, 6025",,,,,,,,,
54,,,약학대학 바이오신약·규제과학과,031) 290-7720,,,,,,,,,
54,,,"성균융합원
(에너지학, 글로벌바이오메디컬공학)","031) 299-4340
031) 290-5705",,,,,,,,,
