6,"▣  2027학년도  정시모집  예고사항  ▣ 
◯ 상경대학  수능  유형  및  반영  비율  변경
  -  상경대학  모집단위(상경계열,  경제학부,  응용통계학과)  수능  유형  및  반영  비율  변경
수능  유형
유형  Ⅲ
◯ 체능계열  체육교육학과  실기고사  면제  신청  변경사항
구분
면제  신청  자격조건
면제  시  부여점수
◯ 체능계열  스포츠응용산업학과  반영  비율  변경  및  실기고사  종목  변경
    -  일반전형  및  고른기회전형  체능계열  스포츠응용산업학과  반영  비율  및  실기고사  종목  변경
수능  유형
모집단위
유형  Ⅲ
스포츠응용산업학과
       
※  스포츠응용산업학과  선택  실기능력  종목:  골프,  농구,  배드민턴,  수영,  축구,  태권도  중  택  1
◯ 일반전형  예능계열  작곡과  전형  방법  및  반영  비율  변경
    -  일반전형  예능계열  작곡과  단계별  전형으로  변경
수능  유형
유형  Ⅳ","수능  필수응시영역
국어,  수학,  영어, 
사회탐구/과학탐구,  한국사
모집단위
작곡과","2027학년도
원서접수  전  최근  3년간(요강  내  별도  기간  참조) 
국제대회  및  국내  전국체전  급의  대회 
3위  이상의  입상경력자
체육교육학과  실기  심사위원회에서  면제  여부를 
결정함.  실기고사가  면제되는  경우  경기실적증명에 
따라  실기고사(기본  운동능력)  점수를  85점 
이상(100점  만점)  차등  부여함.  면제를  받지  못한 
지원자는  실기고사에  응시해야  함(결과는  개별  통보함)","전형  방법
1단계
단계별 
전형
2단계","전형  방법
일괄합산",대학수학능력시험,,,,,,,,,"반영점수
일반전형:  950(총점×950/600)
고른기회전형:  1,000(총점×1,000/600)",,
6,,,,,,,,,,,,,,,,,
6,,,,,,"국어
200
선발비율
300%
100%","수학
200","대학수학능력시험
400
300","대학수학능력시험
900","영어
100",탐구,,,,,,
6,,,,,,,,,,,"사회
과학
100","2026학년도
원서접수  전  최근  3년간(요강  내  별도  기간  참조) 
전국체전을  포함한  전국대회  3위  이상의  입상경력자
면제  신청  자격조건에  해당하는  지원자는 
평가위원들이  심의하여  실기평가  점수(기본 
운동능력)를  85점  이상(100점  만점)  부여하여  면제함.
국내대회  실적  없이  국제대회  입상실적만  제출하는 
경우  심의를  통하여  면제여부를  결정함",실기고사,실기고사,,,
6,,,,,,,,,,,,,,,,,
6,,,,,,,,,,,,,,,,,
6,,,,,,,,,,,,,,,,,
6,,,,,,,,,,,,,,,,,
6,,,,,,,,,,,,,,,,,
6,,,,,,,,,,,,,,,,,
6,,,,,,,,,,,,,,,,,
6,,,,,,,,,,,,,,"총점
선택  실기능력
100
1,000",,,"총점
1,000
1,000"
6,,,,,,,,,,,,,,,,,
6,,,,,,,,,,,,,,,,,
6,,,,,,,,,,,,,,,,,
6,,,,,,,,,,,,,"1단계
(피아노)
600
250",,,"2단계
(작곡실기,  청음)
-
450",
6,,,,,,,,,,,,,,,,,
6,,,,,,,,,,,,,,,,,
6,,,,,,,,,,,,,,,,,
7,"일반계열
1,380명(39명)
체능계열
54명
국제계열
92명","연세한마음학생
83명
농어촌학생
87명
특성화고교졸업자
24명
특수교육대상자(체능계열)
약간  명",,,,,,,,,,,,,,,
7,"1,526명(39명)",194명,,,,,,,,,,,,,,,
8,추천형,"활동우수형
국제형
기회균형
특수교육대상자",논술전형,국제인재,체육인재,"중고교과정(2%)
전교육과정이수자
북한이탈주민",모든  전형,,,,,,,,,,
8,지원자격  제한,정성평가,정량평가,정성평가,지원자격  제한,정성평가,정량평가,,,,,,,,,,
8,모집단위,계열,"수시모집(115명)
정시모집(149명)
정원  내
정원  내
모집
수능
모집
학생부교과
학생부종합
논술
일반전형
인원
유형
인원
추천형
활동우수형
논술전형
‘가’군",,,,,,,,,,,,,,
8,모집단위,계열,"수시모집
정시모집
정원  내
정원  내
모집
수능
모집
학생부교과
학생부종합
논술
일반전형
인원
유형
인원
추천형
활동우수형
기회균형
논술전형
‘가’군",,,,,,,,,,,,,,
9,구분,,,,,"일반전형
고른기회전형
연세
농어촌
특성화고교
특수교육
일반계열
국제계열
체능계열
예능계열
한마음
학생
졸업자
대상자
학생",,,,,,,"◎
◎
◎
◎
◎
◎
◎
◎",,,,
9,"지원
자격","고등학교
졸업
(예정)자","고교
유형","국내
고등
학교","일반고
자율고
특목고
특성화고
마이스터고
영재학교
국내  학력인정
외국교육기관* 
외국  소재  고등학교","◎
◎
◎
◎
◎
◎
◎
◎","◎
◎
◎
◎
◎
◎
◎
◎","◎
◎
◎
◎
◎
◎
◎
◎","◎
◎
◎
◎
◎
◎
◎
◎","◎
◎
◎
◎
◎
◎
◎
◎","◎
◎
-
-
-
-
-
-","-
-
-
◎
-
-
-
-",,,,,
9,,,"졸업
연도",,"2026년  2월
2025년  8월
및  그  이전","◎
◎","◎
◎","◎
◎","◎
◎","◎
◎","◎
◎","◎
◎","◎
◎",,,,
9,,고등학교  졸업학력  검정고시  합격자,,,,◎,◎,◎,◎,◎,-,-,◎,,,,
12,문과대학,국어국문학과†,인문,유형  Ⅰ,42,20,-,○,○,○,-,,,,,,
12,,중어중문학과†,,,31,15,-,,,,,,,,,,
12,,영어영문학과†,,,68,31,-,,,,,,,,,,
12,,독어독문학과†,,,30,17,-,,,,,,,,,,
12,,불어불문학과†,,,31,12,-,,,,,,,,,,
12,,노어노문학과†,,,30,13,-,,,,,,,,,,
12,,사학과†,,,42,19,-,,,,,,,,,,
12,,철학과†,,,33,14,-,,,,,,,,,,
12,,문헌정보학과†,,,30,13,-,,,,,,,,,,
12,,심리학과†,,,32,12,-,,,,,,,,,,
12,상경대학,상경계열,인문,유형  Ⅰ,70,70,-,-,-,-,-,,,,,,
12,,경제학부,,,113,41,-,○,○,○,,,,,,,
12,,응용통계학과,,,38,15,-,,,,,,,,,,
12,경영대학,경영학과,인문,유형  Ⅰ,216,117,-,○,○,○,-,,,,,,
12,이과대학,수학과†,자연,유형  Ⅱ,35,13,-,○,○,○,-,,,,,,
12,,물리학과†,,,31,13,-,,,,,,,,,,
12,,화학과†,,,44,18,-,,,,,,,,,,
12,,지구시스템과학과†,,,30,13,-,,,,,,,,,,
12,,천문우주학과,,,27,11,-,,,,,,,,,,
12,,대기과학과,,,27,11,-,,,,,,,,,,
12,공과대학,화공생명공학부,자연,유형  Ⅱ,73,30,-,○,○,○,-,,,,,,
12,,전기전자공학부,,,151,69,-,,,,,,,,,,
12,,건축공학과,,,70,28,-,,,,,,,,,,
12,,도시공학과,,,35,14,-,,,,,,,,,,
12,,사회환경시스템공학부,,,75,29,-,,,,,,,,,,
12,,기계공학부,,,105,42,-,,,,,,,,,,
12,,신소재공학부,,,87,34,-,,,,,,,,,,
12,,산업공학과,,,33,13,-,,,,,,,,,,
12,,시스템반도체공학과,,,100,32,-,-,-,-,-,,,,,,
12,,디스플레이융합공학과,,,30,7,-,,,,,,,,,,
12,생명시스템대학,생명과학부†,자연,유형  Ⅱ,20,14,-,-,-,-,-,,,,,,
12,,시스템생물학과†,,,19,4,-,○,○,○,,,,,,,
12,,생화학과†,,,17,4,-,,,,,,,,,,
12,,생명공학과,,,48,18,-,,,,,,,,,,
12,인공지능융합대학,첨단컴퓨팅학부,자연,유형  Ⅱ,148,70,-,○,○,○,-,,,,,,
12,,IT융합공학전공,,,20,7,-,,,,,,,,,,
12,,지능형반도체전공,,,35,15,-,,,,,,,,,,
12,,모빌리티시스템전공,,,25,10,,,,,,,,,,,
12,신과대학,신학과†,인문,유형  Ⅰ,47,22,-,○,○,-,-,,,,,,
12,사회과학대학,정치외교학과,인문,유형  Ⅰ,71,30,-,○,○,○,-,,,,,,
12,,행정학과,,,69,29,-,,,,,,,,,,
12,,사회복지학과,,,27,14,-,,,,,,,,,,
12,,사회학과†,,,34,13,-,,,,,,,,,,
12,,문화인류학과,,,14,8,-,,,-,,,,,,,
12,,언론홍보영상학부,,,38,17,-,,,○,,,,,,,
13,음악대학,교회음악과,예능,유형  Ⅳ,17,-,17,-,"2
‘나’군",-,"○
‘나’군",,,,,,
13,,성악과†,,,24,-,24,,,,,,,,,,
13,,피아노과†,,,20,-,20,,,,,,,,,,
13,,관현악과†,,,40,-,40,,,,,,,,,,
13,,작곡과†,,,19,-,19,,,,,,,,,,
13,생활과학대학,의류환경학과†,통합,유형  Ⅲ,26,9,-,○,○,○,-,,,,,,
13,,식품영양학과†,,,25,12,-,,,,,,,,,,
13,,실내건축학과,,,25,11,-,,,,,,,,,,
13,,아동·가족학과†,,,26,10,-,,,,,,,,,,
13,,통합디자인학과,,,25,9,-,,,,,,,,,,
13,교육과학대학,교육학부†,인문,유형  Ⅰ,54,26,-,○,○,-,-,,,,,,
13,,체육교육학과†,체능,유형  Ⅲ,46,28,-,-,1,,○,,,,,,
13,,스포츠응용산업학과,,,43,26,-,1,1,,,,,,,,
13,언더우드국제대학,언더우드학부(인문·사회),국제,유형  Ⅲ,165,10,-,-,-,-,-,,,,,,
13,,언더우드학부(생명과학공학),,,,-,-,,,,,,,,,,
13,,아시아학전공,,,168,-,-,,,,,,,,,,
13,,융합인문사회과학부(HASS),,,,57,-,,,,,,,,,,
13,,융합과학공학부(ISE),,,80,25,-,,,,,,,,,,
13,글로벌인재대학,글로벌인재학부,국제,유형  Ⅲ,10,-,-,-,-,-,-,,,,,,
13,의과대학,의예과,자연,유형  Ⅱ,110,48,-,1,1,-,-,,,,,,
13,치과대학,치의예과,자연,유형  Ⅱ,60,27,-,1,1,-,-,,,,,,
13,간호대학,간호학과†,통합,유형  Ⅲ,73,36,-,○,○,○,-,,,,,,
13,약학대학,약학과,자연,유형  Ⅱ,30,14,-,3,2,-,-,,,,,,
13,"진리자유학부
자연
유형  Ⅱ
136
82",,인문,유형  Ⅰ,128,74,-,-,-,-,-,,,,,,
13,,,,,,,-,-,-,-,-,,,,,,
14,문과대학,독어독문학과,교육과학대학,전  모집단위,,,,,,,,,,,,,
14,공과대학,"도시공학과,  사회환경시스템공학부,
시스템반도체공학과,  디스플레이융합공학과",언더우드국제대학,"언더우드학부(생명과학공학),  아시아학전공",,,,,,,,,,,,,
14,인공지능융합대학,"인공지능학과,  인공지능시스템학과, 
IT융합공학전공,  지능형반도체전공, 
모빌리티시스템전공",의과대학,의예과,,,,,,,,,,,,,
14,신과대학,신학과,치과대학,치의예과,,,,,,,,,,,,,
14,사회과학대학,"사회복지학과,  문화인류학과",간호대학,간호학과,,,,,,,,,,,,,
14,음악대학,전  모집단위,약학대학,약학과,,,,,,,,,,,,,
14,인공지능융합대학,"IT융합공학전공,  지능형반도체전공,
모빌리티시스템전공",전  교육과정  국제캠퍼스  이수,,,,,,,,,,,,,,
14,언더우드국제대학,"융합인문사회과학부(HASS), 
융합과학공학부(ISE)",,,,,,,,,,,,,,,
14,약학대학,약학과,,,,,,,,,,,,,,,
14,음악대학,모든  학과,전  교육과정  신촌캠퍼스  이수,,,,,,,,,,,,,,
14,교육과학대학,"체육교육학과,  스포츠응용산업학과",1학년  2학기  이후  과정  신촌캠퍼스  이수,,,,,,,,,,,,,,
14,"0~1
2~8
9~10","1,566,000","724,000","842,000",,,,,,,,,,,,,
14,,,"232,000","1,334,000",,,,,,,,,,,,,
14,,,"184,000","1,382,000",,,,,,,,,,,,,
14,"0~1
2~8
9~10","997,600","536,000","461,600",,,,,,,,,,,,,
14,,,"124,000","873,600",,,,,,,,,,,,,
14,,,"92,000","905,600",,,,,,,,,,,,,
15,구분,,"일시
비고",,,,,,,,,,,,,,
15,원서,"인터넷
원서접수","2025.12.29.(월)  10:00
      ~  12.31.(수)  17:00",·  원서는  반드시  인터넷으로  접수,,,,,,,,,,,,,
15,"서류
제출","서류
업로드","원서접수  사이트에  업로드
2025.12.29.(월)  10:00
  ~2026.1.2.(금)  14:00","·  제출서류(해당자에  한함)는  원서접수  사이트에  업로드해야  하며,  마감
(2026.1.2.(금)  14:00  정각)  이후  업로드할  수  없고,  업로드된  서류는  변
경할  수  없음.
·  10~13쪽  ‘Ⅲ_2.  서류제출  주요사항’  참조",,,,,,,,,,,,,
16,"온라인
(제공  동의)","- 학교생활기록부
- 검정고시  합격증명서","2025.12.29.(월)  10:00
      ~  12.31.(수)  17:00",원서접수  시  온라인  제공  동의,,,,,,,,,,,,,
16,"온라인
(업로드)",하단의  ‘나.  1)  온라인  업로드  제출서류’  참조,"2025.12.29.(월)  10:00
~  2026.1.2.(금)  14:00",원서접수  사이트에  PDF  업로드,,,,,,,,,,,,,
16,학교생활기록부,"①  국내  고등학교  출신자  중  2021년  2월  이전  졸업자[2004학년도  졸업자(’05.2.졸업)  ~  2020학년
도  졸업자(’21.2.졸업)  중  대입전형자료  온라인  제공  신청자  제외]
②  온라인  미제공  고등학교  출신자
③  기타  온라인으로  제공할  수  없는  자
④  국내  고등학교  재학사실이  있는  외국  소재  고등학교,  국내  학력인정  외국교육기관,  검정고시  출신자",,,,,,,,,,,,,,,
16,합격증명서/졸업(예정)증명서,"①  외국  소재  고등학교,  국내  학력인정  외국교육기관  졸업(예정)자
②  검정고시  출신자  중  대입전형자료  온라인  제공  미동의자",,,,,,,,,,,,,,,
16,지원자격  증빙서류,고른기회전형  지원자,,,,,,,,,,,,,,,
16,기타서류,"아래의  서류제출  해당자에  한함
①  경기실적증명서(체능계열  지원자  중  실기고사  면제  희망자)
②  성명·주민등록번호  불일치  사항  확인서
③  전형료  환불신청서",,,,,,,,,,,,,,,
18,연세한마음학생,∙  지원자  기준  국민기초생활수급자  증명서  1부,,,,,,,,,,,,,,,
18,농어촌학생,"∙  초·중·고  전  교육과정  농어촌  이수자
    -  학교장  지원자격  확인서  1부(우리대학교  서식)
    -  초등학교  및  중학교  학교생활기록부  각  1부
    -  지원자  주민등록표  초본  1부(주소  변동  내역  포함)
∙  중·고  전  교육과정  농어촌  이수자
    -  학교장  지원자격  확인서  1부(우리대학교  서식)
    -  중학교  학교생활기록부  1부
    -  지원자,  부,  모  주민등록표  초본  각  1부(주소  변동  내역  포함)
    -  지원자  기준  가족관계증명서  1부
    -  아래는  해당자에  한하여  제출
        ·  부모가  이혼한  경우
            ­  지원자  기준  기본증명서(상세)  1부
            ­  지원자와  함께  거주하고  있는  부  또는  모  기준의  혼인관계증명서(상세)  1부
        ·  부모가  사망한  경우
            ­  사망한  부  또는  모의  기본증명서(상세)  또는  제적등본  1부
    -  부모의  실거주  요건  확인을  위해  별도  서류(직장  관련  서류  등)를  요청할  수  있음",,,,,,,,,,,,,,,
18,,"[농어촌학생  최종등록자  추가  제출서류]
∙  농어촌학생  자격을  갖춘  최종등록자  중  2026년  2월  졸업예정자는  고등학교  졸업  시까지  농어촌  지역에  거주
해야  하며  이를  입증하기  위한  서류를  추가로  제출해야  함
    -  제출서류
        ·  공통서류:  졸업증명서(졸업일자가  기재되어  있어야  함)  1부
        ·  초·중·고  전  교육과정  농어촌  이수자:  지원자  주민등록표  초본  1부
        ·  중·고  전  교육과정  농어촌  이수자:  지원자,  부,  모  주민등록표  초본  각  1부
    -  증명서  발급  기준일:  지원자  본인의  고등학교  졸업일  이후
    -  제출  방법:  방문  또는  등기우편(백주년기념관  3층  입학전형실로  2026.3.2.(월)까지  제출)",,,,,,,,,,,,,,,
18,특성화고교졸업자,"∙  연세대학교  지원  가능  모집단위에  해당되는  동일계열의  기준학과를  이수한  자
    -  자격별  제출서류  없음
∙  연세대학교  지원  가능  모집단위에  해당되는  동일계열의  기준학과를  이수하지  않았으나,  지원하고자  하는  모집
단위와  관련된  전문교과를  30단위  이상  이수한  자
    -  동일계열  이수  확인서  1부  ([연세대학교  입학처  홈페이지(서울캠퍼스)  자료실]에서  내려받아  작성)",,,,,,,,,,,,,,,
18,특수교육대상자,"구  분
장애인  등록자
상이등급자","제  출  서  류
∙  장애인증명서  1부 
    ※  자격심사  과정에서  필요한  경우  (장애)진단서,  장애인등록증(장애인복지카드)  등을 
          추가  서류로  요청할  수  있음
∙  상이등급(1~6등급  이내)이  기재된  국가보훈대상자(국가유공자  등)  증명서  1부",,,,,,,,,,,,,,
18,,,,,,,,,,,,,,,,,
18,,,,,,,,,,,,,,,,,
18,,,,,,,,,,,,,,,,,
18,,,,,,,,,,,,,,,,,
20,구분,,,"일시
방법
비고",,,,,,,,,,,,,
20,"인터넷  원서접수
(온라인)",,,"2025.12.29.(월)  10:00
      ~  12.31.(수)  17:00",연세대학교  입학처  홈페이지,·  원서는  반드시  인터넷으로  접수,,,,,,,,,,,
20,"서류  제출
(서류  업로드)",,,"2025.12.29.(월)  10:00
~  2026.1.2.(금)  14:00",원서접수  사이트에  업로드,"·  해당자에  한하여  제출하며,  기간  내 
필수  제출서류  미업로드  시  별도  통보 
없이  서류  미제출로  간주함",,,,,,,,,,,
20,"예·체능계열
실기고사 
및
면접평가","체능
계열",예비소집,2026.1.6.(화),서울캠퍼스  지정  장소,"·  예비소집은  스포츠응용산업학과만  해당
·  면접평가는  체육교육학과만  해당
·  구체적인  일정은  1.5.(월)까지
    입학처  홈페이지에  공지  예정",,,,,,,,,,,
20,,,실기고사,2026.1.7.(수)  ~  1.9.(금),,,,,,,,,,,,,
20,,,면접평가,2026.1.9.(금),,,,,,,,,,,,,
20,,"예능
계열",실기고사,2026.1.13.(화)  ~  1.20.(화),서울캠퍼스  지정  장소,"·  음악대학  전  모집단위  해당
·  구체적인  일정은  1.11.(일)까지
    입학처  홈페이지에  공지  예정",,,,,,,,,,,
20,2단계  평가대상자  발표,,,2026.1.9.(금),연세대학교  입학처  홈페이지,"·  의예과,  국제계열  지원자에  한함",,,,,,,,,,,
20,의예과  면접평가,,,2026.1.11.(일),서울캠퍼스  지정  장소,"·  의예과  2단계  평가(면접)대상자
·  면접장소는  2단계  평가대상자  발표  시
  공지  예정",,,,,,,,,,,
20,국제계열  면접평가,,,2026.1.11.(일),서울캠퍼스  지정  장소,"·  국제계열  2단계  평가(면접)대상자
·  면접장소는  2단계  평가대상자  발표  시
  공지  예정",,,,,,,,,,,
20,합격자  발표,,,2026.2.2.(월)  14:00,연세대학교  입학처  홈페이지,,,,,,,,,,,,
20,합격자  등록,,,2026.2.3.(화)  ~  2.5.(목)  16:00,합격자  발표  시  상세  안내,"·  등록금은  입금전용계좌로  송금  (인터넷
뱅킹,  계좌이체,  폰뱅킹  등)  해야  함",,,,,,,,,,,
20,"충원 
합격자
발표 
및  등록",1차,발표,2026.2.6.(금)  08:00,"발표:  연세대학교  입학처  홈페이지
등록:  합격자  발표  시  상세  안내","·  등록금은  입금전용계좌로  송금  (인터넷
뱅킹,  계좌이체,  폰뱅킹  등)  해야  함
·  등록에  관한  자세한  내용은  합격자  발
표  시  안내",,,,,,,,,,,
20,,,등록,2026.2.6.(금)  09:30  ~  14:00,,,,,,,,,,,,,
20,,2차,발표,2026.2.9.(월)  08:00,,,,,,,,,,,,,
20,,,등록,2026.2.9.(월)  09:30  ~  14:00,,,,,,,,,,,,,
20,,3차,발표,2026.2.10.(화)  08:00,,,,,,,,,,,,,
20,,,등록,2026.2.10.(화)  09:30  ~  14:00,,,,,,,,,,,,,
20,,4차,발표,2026.2.11.(수)  08:00,,,,,,,,,,,,,
20,,,등록,2026.2.11.(수)  09:30  ~  14:00,,,,,,,,,,,,,
20,,"5차
이후",발표,2026.2.12.(목)  09:00  ~  18:00,개별통보(전화충원),"·  등록금은  입금전용계좌로  송금  (인터넷
뱅킹,  계좌이체,  폰뱅킹  등)  해야  함
·  상세한  입금마감  시간은  합격자  발표 
시  개별  안내",,,,,,,,,,,
20,,,등록,"2026.2.12.(목)  11:00
      ~  2.13.(금)  16:00",합격자  발표  시  상세  안내,,,,,,,,,,,,
21,정원  내,일반계열,"30,000",-,"29,000",일괄합산  전형,,,,,,,,,,,
21,,일반계열(의예),"50,000","15,000","49,000",단계별  전형,,,,,,,,,,,
21,,국제계열,"50,000","15,000","49,000",단계별  전형,,,,,,,,,,,
21,,체능계열,"95,000",-,"94,000",일괄합산  전형,,,,,,,,,,,
21,,"교회음악과,  작곡과
예능
계열
성악과,  피아노과,  관현악과","95,000
95,000","-
15,000","94,000
94,000","일괄합산  전형
단계별  전형",,,,,,,,,,,
21,,,,,,,,,,,,,,,,,
21,정원  외,"연세한마음학생  일반계열,  체능계열","1,000",-,-,일괄합산  전형,,,,,,,,,,,
21,,"일반계열(의예  제외)
농어촌학생
  일반계열(의예)
예·체능계열","30,000
50,000
95,000","-
15,000
-","29,000
49,000
94,000","일괄합산  전형
단계별  전형
일괄합산  전형",,,,,,,,,,,
21,,,,,,,,,,,,,,,,,
21,,,,,,,,,,,,,,,,,
21,,특성화고교졸업자  일반계열,"30,000",-,"29,000",일괄합산  전형,,,,,,,,,,,
21,,특수교육대상자  예·체능계열,"95,000",-,"94,000",일괄합산  전형,,,,,,,,,,,
23,"유형  Ⅰ
(인문)",인문계열  모집단위,"국어,  수학,  영어,
사회탐구/과학탐구ⓑ,  한국사","사회탐구  과목  응시  시  해당과목의 
탐구변환점수에  3%  가산점  추가",,,,,,,,,,,,,
23,"유형  Ⅱ
[자연(의예  제외)]","자연계열  모집단위
(의예과  제외)",,"과학탐구  과목  응시  시  해당과목의 
탐구변환점수에  3%  가산점  추가",,,,,,,,,,,,,
23,"유형  Ⅲ
(통합)","생활과학대학,  간호대학",,별도  가산점  없음,,,,,,,,,,,,,
24,"유형  Ⅰ
(인문)",300ⓑ,200,100ⓒ,200,"950
(총점×950/800)",,,,,,,,,,,
24,"유형  Ⅱ
[자연(의예  제외)]",200,300ⓓ,,300ⓔ,"950
(총점×950/900)",,,,,,,,,,,
24,"유형  Ⅲ
(통합)",200,200,,100ⓕ,"950
(총점×950/600)",,,,,,,,,,,
25,"유형  Ⅱ
(의예)",의예과,"국어,  수학,  영어,
사회탐구/과학탐구ⓐ,  한국사","과학탐구  과목  응시  시  해당과목의 
탐구변환점수에  3%  가산점  추가",,,,,,,,,,,,,
25,"유형  Ⅲ
(국제)",언더우드국제대학,,별도  가산점  없음,,,,,,,,,,,,,
25,단계별  전형,의예과,1단계,250%,900,50,-,950,,,,,,,,,
25,,,2단계,100%,900,50,50,"1,000",,,,,,,,,
25,,"언더우드
국제대학",1단계,300%,900,50,-,950,,,,,,,,,
25,,,2단계,100%,900,50,50,"1,000",,,,,,,,,
26,"유형  Ⅱ
(의예)",200,300ⓑ,100ⓒ,300ⓓ,900,,,,,,,,,,,
26,"유형  Ⅲ
(국제)",,200,,100ⓔ,"900
(총점×900/600)",,,,,,,,,,,
26,Part.1,현장  대면  면접,"지원자  1명을  대상으로  복수의  평가위원이 
평가함","제시문을  바탕으로  의학  전공에 
필요한  인·적성을  평가함",,,,,,,,,,,,,
26,Part.2,현장  녹화  면접,"면접  당일  지원자가  현장에서  녹화한  영상을 
복수의  평가위원이  평가함","제시문을  바탕으로  대학  수학에 
필요한  기본  학업역량을  평가함",,,,,,,,,,,,,
27,"유형  Ⅱ
(의예)
Part.2",수학,,"수학,  기본  수학,  수학Ⅰ,  수학Ⅱ,  미적분,  확률과  통계,  실용  수학, 
기하,  경제  수학,  수학과제  탐구",,"·  2015  개정  교육과정  보통 
교과(공통  과목,  일반  선택,  진로 
선택)
·  2015  개정  교육과정  내의  타 
교과(군)의  보통  교과  내용이 
포함될  수  있음
※  수리・통계자료  또는 
과학관련  제시문이  포함될  수 
있음",,,,,,,,,,,
27,,과학,물리학,"물리학Ⅰ,  물리학Ⅱ","통합과학,  과학탐구실험,  과학사, 
생활과  과학,  융합과학",,,,,,,,,,,,
27,,,화학,"화학Ⅰ,  화학Ⅱ",,,,,,,,,,,,,
27,,,생명과학,"생명과학Ⅰ,  생명과학Ⅱ",,,,,,,,,,,,,
27,,,지구과학,"지구과학Ⅰ,  지구과학Ⅱ",,,,,,,,,,,,,
27,"유형  Ⅲ
(국제)",국어,,"국어,  화법과  작문,  독서,  언어와  매체,  문학,  실용  국어,  심화  국어, 
고전  읽기",,,,,,,,,,,,,
27,,영어,,"영어,  기본  영어,  영어  회화,  영어Ⅰ,  영어  독해와  작문,  영어Ⅱ,  실용 
영어,  영어권  문화,  진로  영어,  영미  문학  읽기",,,,,,,,,,,,,
27,,"사회
(역사,  도덕  포함)",,"통합사회,  한국지리,  세계지리,  세계사,  동아시아사,  경제,  정치와  법, 
사회・문화,  생활과  윤리,  윤리와  사상,  여행지리,  사회문제  탐구, 
고전과  윤리,  한국사",,,,,,,,,,,,,
29,항목,측정분야,배점,,,,,,,,,,,,,,
29,달리기,왕복달리기  (25m  왕복:  100m),34점,,,,,,,,,,,,,,
29,뛰기,제자리  멀리뛰기,33점,,,,,,,,,,,,,,
29,던지기,"메디신  볼  던지기  (남:  3kg,  여:  2kg)",33점,,,,,,,,,,,,,,
30,배점,"남자
(초)","여자
(초)",,,,,,,,,,,,,,
30,34,16초99이하,18초99이하,,,,,,,,,,,,,,
30,33,17초00~17초39,19초00~19초39,,,,,,,,,,,,,,
30,31,17초40~17초79,19초40~19초79,,,,,,,,,,,,,,
30,29,17초80~18초19,19초80~20초19,,,,,,,,,,,,,,
30,27,18초20~18초59,20초20~20초59,,,,,,,,,,,,,,
30,25,18초60~18초99,20초60~20초99,,,,,,,,,,,,,,
30,23,19초00~19초39,21초00~21초39,,,,,,,,,,,,,,
30,21,19초40~19초79,21초40~21초79,,,,,,,,,,,,,,
30,19,19초80~20초19,21초80~22초19,,,,,,,,,,,,,,
30,17,20초20~20초59,22초20~22초59,,,,,,,,,,,,,,
30,15,20초60~20초99,22초60~22초99,,,,,,,,,,,,,,
30,13,21초00~21초39,23초00~23초39,,,,,,,,,,,,,,
30,11,21초40~21초79,23초40~23초79,,,,,,,,,,,,,,
30,9,21초80~22초19,23초80~24초19,,,,,,,,,,,,,,
30,7,22초20~22초59,24초20~24초59,,,,,,,,,,,,,,
30,5,22초60~22초99,24초60~24초99,,,,,,,,,,,,,,
30,3,23초00~23초39,25초00~25초39,,,,,,,,,,,,,,
30,1,23초40이상,25초40이상,,,,,,,,,,,,,,
30,배점,"남자
(cm)","여자
(cm)",,,,,,,,,,,,,,
30,33,280이상,230이상,,,,,,,,,,,,,,
30,32,275~279,225~229,,,,,,,,,,,,,,
30,31,270~274,220~224,,,,,,,,,,,,,,
30,30,265~269,215~219,,,,,,,,,,,,,,
30,29,260~264,210~214,,,,,,,,,,,,,,
30,28,255~259,205~209,,,,,,,,,,,,,,
30,27,250~254,200~204,,,,,,,,,,,,,,
30,26,245~249,195~199,,,,,,,,,,,,,,
30,25,240~244,190~194,,,,,,,,,,,,,,
30,24,235~239,185~189,,,,,,,,,,,,,,
30,23,230~234,180~184,,,,,,,,,,,,,,
30,22,225~229,175~179,,,,,,,,,,,,,,
30,21,220~224,170~174,,,,,,,,,,,,,,
30,20,215~219,165~169,,,,,,,,,,,,,,
30,19,210~214,160~164,,,,,,,,,,,,,,
30,18,205~209,155~159,,,,,,,,,,,,,,
30,17,200~204,150~154,,,,,,,,,,,,,,
30,16,195~199,145~149,,,,,,,,,,,,,,
30,15,190~194,140~144,,,,,,,,,,,,,,
30,14,185~189,135~139,,,,,,,,,,,,,,
30,13,180~184,130~134,,,,,,,,,,,,,,
30,12,175~179,125~129,,,,,,,,,,,,,,
30,11,170~174,120~124,,,,,,,,,,,,,,
30,10,165~169,115~119,,,,,,,,,,,,,,
30,9,160~164,110~114,,,,,,,,,,,,,,
30,8,155~159,105~109,,,,,,,,,,,,,,
30,7,150~154,100~104,,,,,,,,,,,,,,
30,6,145~149,95~99,,,,,,,,,,,,,,
30,5,140~144,90~94,,,,,,,,,,,,,,
30,4,135~139,85~89,,,,,,,,,,,,,,
30,3,130~134,80~84,,,,,,,,,,,,,,
30,2,125~129,75~79,,,,,,,,,,,,,,
30,1,124이하,74이하,,,,,,,,,,,,,,
31,배점,"남자
(m)","여자
(m)",,,,,,,,,,,,,,
31,33,11.5이상,9.0이상,,,,,,,,,,,,,,
31,31,11.1~11.4,8.7~8.9,,,,,,,,,,,,,,
31,29,10.7~11.0,8.4~8.6,,,,,,,,,,,,,,
31,27,10.3~10.6,8.1~8.3,,,,,,,,,,,,,,
31,25,9.9~10.2,7.8~8.0,,,,,,,,,,,,,,
31,23,9.5~9.8,7.5~7.7,,,,,,,,,,,,,,
31,21,9.1~9.4,7.2~7.4,,,,,,,,,,,,,,
31,19,8.7~9.0,6.9~7.1,,,,,,,,,,,,,,
31,17,8.3~8.6,6.6~6.8,,,,,,,,,,,,,,
31,15,7.9~8.2,6.3~6.5,,,,,,,,,,,,,,
31,13,7.5~7.8,6.0~6.2,,,,,,,,,,,,,,
31,11,7.1~7.4,5.7~5.9,,,,,,,,,,,,,,
31,9,6.7~7.0,5.4~5.6,,,,,,,,,,,,,,
31,7,6.3~6.6,5.1~5.3,,,,,,,,,,,,,,
31,5,5.9~6.2,4.8~5.0,,,,,,,,,,,,,,
31,3,5.5~5.8,4.5~4.7,,,,,,,,,,,,,,
31,1,5.4이하,4.4이하,,,,,,,,,,,,,,
32,종목,평가내용,,,,,,,,,,,,,,,
32,검도,"-  기본치기
  -  본  (본국검법)
  -  타격대치기
  -  타격대  공격연습",,,,,,,,,,,,,,,
32,골프,"-  드라이버  샷  (드라이버)
  -  아이언  샷  (아이언  7번)
  -  어프로치  샷  (PW  또는  AW)",,,,,,,,,,,,,,,
32,농구,"-  골밑슛
  -  패스
  -  드리블  후  드라이빙  레이업  슛
  -  점프슛과  자유투",,,,,,,,,,,,,,,
32,배드민턴,"-  랠리
  -  연결동작",,,,,,,,,,,,,,,
32,수영,"-  개인혼영  200m(접영  25m,  배영  25m,  평영  50m,  자유형  100m)",,,,,,,,,,,,,,,
32,유도,"-  낙법
  -  기본기술",,,,,,,,,,,,,,,
32,축구,"-  리프팅 
  -  패스 
  -  트래핑 
  -  드리블 
  -  슈팅",,,,,,,,,,,,,,,
32,태권도,"-  기본  발차기 
  -  응용  발차기 
  -  연속  발차기 
  -  품새",,,,,,,,,,,,,,,
34,모집단위,모집인원,세부전공,세부전공별  모집인원,,,,,,,,,,,,,
34,교회음악과,17명,오르간  전공,9명,,,,,,,,,,,,,
34,,,하프시코드  전공,2명,,,,,,,,,,,,,
34,,,합창지휘  전공,"남  3명,  여  3명",,,,,,,,,,,,,
34,*성악과,24명,성악  전공,"남  12명,  여  12명",,,,,,,,,,,,,
34,*피아노과,20명,피아노  전공,20명,,,,,,,,,,,,,
34,*관현악과,40명,"현악,  하프  전공","바이올린
10명
콘트라베이스
3명","비올라
3명
하프
1명","첼로
5명",,,,,,,,,,,
34,,,관악  전공,"플루트
2명
바순
2명
트럼펫
1명
튜바
1명","오보에
2명
알토색소폰
1명
테너트롬본
2명
타악기
2명","클라리넷
2명
혼
2명
베이스트롬본
1명",,,,,,,,,,,
34,*작곡과,19명,작곡  전공,19명,,,,,,,,,,,,,
34,교회음악과,"일괄합산  전형:  전공별로  실기고사  총점(700점)  순으로  모집인원의  상위  150%에  대해서만 
대학수학능력시험(300점)  +  실기고사(700점)의  총점  순으로  최종합격자를  선발함",,,,,,,,,,,,,,,
34,성악과,"1단계:  실기고사  예심  총점  순으로  모집인원의  300%를  실기고사  본심  대상자로  선발함
2단계:  대학수학능력시험(300점)  +  실기고사(700점)의  총점  순으로  최종합격자를  선발함",,,,,,,,,,,,,,,
34,피아노과,"1단계:  실기고사  예심  총점  순으로  모집인원의  200%를  실기고사  본심  대상자로  선발함
2단계:  대학수학능력시험(300점)  +  실기고사(700점)의  총점  순으로  최종합격자를  선발함",,,,,,,,,,,,,,,
34,관현악과,"1단계:  실기고사  예심  총점  순으로  모집인원의  200%를  실기고사  본심  대상자로  선발함
            (단,  세부전공별  모집인원이  1명인  전공은  모집인원의  300%를  실기고사  본심  대상자로  선발함)
2단계:  전공별로  대학수학능력시험(300점)  +  실기고사(700점)의  총점  순으로  최종합격자를  선발함",,,,,,,,,,,,,,,
34,작곡과,일괄합산  전형:  대학수학능력시험(300점)  +  실기고사(700점)의  총점  순으로  최종합격자를  선발함,,,,,,,,,,,,,,,
37,구분,‘가’군,,,,,,,‘나’군,합계,비고,,,,,,
37,,유형  Ⅰ,유형  Ⅱ,,,,유형  Ⅲ,,유형 Ⅳ,,,,,,,,
37,,인문,자연,의예,치의예,약학,"통합
(생활과학대/
간호대)",체능,예능,,,,,,,,
37,"연세한마음
학생",40,34,1,1,3,3,1,-,83,"선택  가능한  모집단위별  정원의  최대 
5%  이내로  선발하며  총  83명  이내
로  선발  (소수점  이하  버림.  단,  1명 
미만일  경우  1명으로  함)",,,,,,
37,농어촌학생,41,37,1,1,2,3,2,2,89,"선택  가능한  모집단위별  정원의  최대 
5%  이내로  선발하며  총  89명  이내
로  선발  (소수점  이하  버림.  단,  1명 
미만일  경우  1명으로  함)",,,,,,
37,"특성화고교
졸업자",12,10,-,-,-,2,-,-,24,"선택  가능한  모집단위별  1명  이내로 
선발하며,  해당  모집단위  전체에서 
24명  이내로  선발",,,,,,
37,"특수교육
대상자",-,-,-,-,-,-,○,○,약간  명,,,,,,,
37,"유형  Ⅰ
(인문)","국어,  수학,  영어,
사회탐구/과학탐구/직업탐구ⓑ,  한국사",사회탐구  과목  응시  시  해당  과목의  탐구변환점수에  3%  가산점  추가ⓒ,,,,,,,,,,,,,,
37,"유형  Ⅱ
[자연(의예  포함)]",,과학탐구  과목  응시  시  해당  과목의  탐구변환점수에  3%  가산점  추가ⓒ,,,,,,,,,,,,,,
37,"유형  Ⅲ
(통합)",,별도  가산점  없음,,,,,,,,,,,,,,
38,"유형  Ⅰ(인문),
유형  Ⅱ[자연(의예  제외)],
유형  Ⅲ(통합)",일괄합산,100%,"1,000",-,"1,000",,,,,,,,,,,
38,유형  Ⅱ(의예),"1단계
단계별 전형 
2단계","300%
100%","950
950","-
50","950
1,000",,,,,,,,,,,
38,,,,,,,,,,,,,,,,,
39,수능  유형,"대학수학능력시험
탐구ⓐ
국어
수학
영어
반영점수
사회
과학
직업ⓑ",,,,,,,,,,,,,,,
39,"유형  Ⅰ
(인문)",300ⓒ,200,100ⓓ,200,"1,000
(총점×1,000/800)",,,,,,,,,,,
39,"유형  Ⅱ
[자연(의예  제외)]",200,300ⓔ,,300ⓕ,"1,000
(총점×1,000/900)",,,,,,,,,,,
39,"유형  Ⅱ
(의예)",,,,"300ⓕ
-","950
(총점×950/900)",,,,,,,,,,,
39,"유형  Ⅲ
(통합)",200,200,,100ⓖ,"1,000
(총점×1,000/600)",,,,,,,,,,,
41,구분,연세한마음학생,농어촌학생,특수교육대상자,,,,,,,,,,,,,
41,체육교육학과,-,1,○,,,,,,,,,,,,,
41,스포츠응용산업학과,1,1,,,,,,,,,,,,,,
41,합계,1,2,약간  명,,,,,,,,,,,,,
43,구분,농어촌학생,특수교육대상자,,,,,,,,,,,,,,
43,교회음악과,2,○,,,,,,,,,,,,,,
43,성악과,,,,,,,,,,,,,,,,
43,피아노과,,,,,,,,,,,,,,,,
43,관현악과,,,,,,,,,,,,,,,,
43,작곡과,,,,,,,,,,,,,,,,
43,합계,2,약간  명,,,,,,,,,,,,,,
49,"아시아,  대양주","뉴질랜드,  니우에,  마샬군도,  모리셔스,  몽골,  바누아투,  바레인,  방글라데시,  브루나이,  사모아,  사우디아라비아,  싱가포르,  오만,  오스트레일
리아(호주),  우즈베키스탄,  이스라엘,  인도,  인도네시아,  일본,  중국(마카오,  홍콩  포함),  쿡아일랜드(쿠크군도),  키르기즈스탄,  타지키스탄,  통
가,  파키스탄,  팔라우,  피지,  필리핀,  한국",,,,,,,,,,,,,,,
49,유럽,"그루지아/조지아,  그리스,  네덜란드,  노르웨이,  덴마크,  독일,  라트비아,  러시아,  루마니아,  룩셈부르크,  리투아니아,  리히텐슈타인,  북마케도
니아,  모나코,  몬테네그로,  몰도바,  몰타,  벨기에,  벨라루스,  보스니아  헤르체고비나,  불가리아,  사이프러스/키프로스,  산마리노,  세르비아,  스
웨덴,  스위스,  스페인,  슬로바키아,  슬로베니아,  아르메니아,  아이슬란드,  아일랜드,  아제르바이잔,  안도라,  알바니아,  에스토니아,  영국,  오스
트리아,  우크라이나,  이탈리아,  체코,  카자흐스탄,  코소보,  크로아티아,  튀르키예,  포르투갈,  폴란드,  프랑스,  핀란드,  헝가리",,,,,,,,,,,,,,,
49,북미,"미국(괌,  마우리제도,  사이판,  푸에르토리코  포함),  캐나다",,,,,,,,,,,,,,,
49,중남미,"가이아나,  과테말라,  그레나다,  니카라과,  도미니카공화국,  도미니카연방,  멕시코,  바베이도스,  바하마,  베네수엘라,  벨리즈,  볼리비아,  브라질, 
세인트루시아,  세인트빈센트  그레나딘,  세인트키츠네비스,  수리남,  아르헨티나,  앤티가바부다,  에콰도르,  엘살바도르,  온두라스,  우루과이,  칠레, 
코스타리카,  콜롬비아,  트리니다드토바고,  파나마,  페루,  파라과이,  자메이카",,,,,,,,,,,,,,,
49,아프리카,"나미비아,  남아프리카공화국,  라이베리아,  레소토,  말라위,  모로코,  보츠와나,  상투메프린시페,  세네갈,  세이셸,  에스와티니,  카보베르데,  브룬
디,  튀니지,  르완다",,,,,,,,,,,,,,,
50,"입학
성적
우수","연세특별
장학금","∙  등록금  전액,  정규  2개  학기  동안  지원
∙  계속수혜조건:  직전학기  15학점  이상  이수,  평량평균  3.5  이상
(단,  이수학점이나  평량평균  미달  시  장학금을  지급하지  않고 
장학생  자격  상실됨)","∙  선발인원:  입학정원  3%  이내
∙  수시모집  및  정시모집  신입생을  대상으로  서류평가,  논술
시험,  전형  총점,  대학수학능력시험,  기타  특기  적성  등의 
측면에서  지원자의  잠재력을  종합적으로  고려하여  최우수
학생을  선발(예·체능계열,  의예과,  치의예과,  간호학과,  언
더우드국제대학,  글로벌인재대학  소속학과  제외)",,,,,,,,,,,,,
50,,"연세
우수학생
프로그램
장학금","∙ 등록금  전액,  8학기  지원
∙ 기숙사  입사  시  기숙사비  지원
∙ 개인별  지도교수  배정
∙ 계속수혜조건:  직전학기  평량평균  3.5  이상(단,  총3회  미달 
시  장학생  자격  상실됨)","∙ 일정한  분야에서  탁월한  능력이나  소질을  가진  학생이  각자의 
소질과  능력을  최대한  계발할  수  있도록  교육하고  지원
∙ 입학성적  우수자  중  별도의  과정을  거쳐  선발",,,,,,,,,,,,,
50,"입학
전형","연세한마음
장학금","∙  등록금  전액,  정규학기  지원
∙  매  학기  생활비  지원  [단,  총지원액에는  한국장학재단에서  지
원하는  국가장학금 
I·II  유형이  포함되며,  연세한마음  장학생
은  매  학기  국가장학금을  신청해야  함]
∙  계속수혜조건:  가계경제  상황이  차상위계층  이하로  유지되며, 
직전학기  12학점  이상  이수,  평량평균  1.75  이상이고,  국가
장학금 
I유형  신청한  자(단,  이수학점이나  평량평균  미달  시 
다음  학기  장학금을  지급하지  않고  총  3회  미달  시  장학생  자
격  상실됨)","∙  수시모집  기회균형(국민기초생활수급자에  한함)  및  정시모
집  연세한마음  전형  입학자
∙  매  학기  국가장학금을  신청하여야  하며  미신청  시  지원불가
  ※  수시  및  정시  모집에서  위  해당  전형  외로  합격한  국민
기초생활수급자의  경우  「연세장학금」을  통한  장학금  수
혜  가능",,,,,,,,,,,,,
50,,보훈장학금,"∙  등록금  전액
∙  계속수혜조건:  직전학기  백분위  성적  70점  이상(단,  백분위 
성적  미달  시  다음  학기  장학금을  지급하지  않음)","∙ 
'국가유공자  등  예우  및  지원에  관한  법률'이  규정하는  요
건을  충족하는  국가유공자  본인,  자녀  및  독립유공자  손자
녀(단,  보훈청에서 
‘대학수업료등면제자증명서’를  발급받아 
학생복지처  학생지원팀에  제출한  자에  한함)",,,,,,,,,,,,,
50,,"북한이탈
주민지원
장학금","∙  등록금  전액
∙  계절학기  3학점  수강료  및  매학기  교재비  20만원  추가  지원
∙  계속수혜조건:  직전학기  백분위  성적  70점  이상(단,  북한이
탈주민  자녀의  경우  1회,  본인의  경우  연속  2회  백분위  성
적  미달  시  다음  학기  장학금을  지급하지  않음)","∙  '북한이탈주민의  보호  및  정착지원에  관한  법률'이  규정하
는  요건을  충족하는  북한이탈주민에게  등록금  전액  지원
(단,  관할  구청에서  ‘교육보호대상자증명서’를  발급받아  학
생복지처  학생지원팀에  제출한  자에  한함)",,,,,,,,,,,,,
51,"한국
장학
재단
연계","국가장학금
I·II  유형","∙  매  학기  한국장학재단(https://www.kosaf.go.kr)의  국가장
학금(I·II  유형)  신청  후  소득분위  결과에  따라  일정금액의  장
학금  지원","Ÿ 경제적인  이유로  중도에  학업을  포기하는  것을  방지하여 
소외계층의  고등교육기회를  보장하고자  한국장학재단에서 
지원
Ÿ 선발기준:  매  학기  사업안내  참조  확인
Ÿ 신청  필수(한국장학재단에서  신청)",,,,,,,,,,,,,
51,,"연세
장학금","∙  매  학기  한국장학재단(https://www.kosaf.go.kr)  국가장학
금을  신청한  학생으로  소득분위에  따라  국가장학금Ⅰ․Ⅱ유형
을  포함하여  일정액  지원","Ÿ 한국장학재단의  국가장학금  성적기준을  충족한  일정  소득
분위  이하인  자
Ÿ 신청  불필요(국가장학금  신청자  중  학교  자체  선발)",,,,,,,,,,,,,
51,,"국가우수
장학금
(인문100년)","∙  등록금  전액,  정규학기  지원
∙  계속수혜조건:  매  학기  사업안내  참조  확인","Ÿ 한국장학재단에서  선발하여  정규학기  동안의  등록금  전액
(입학금  포함)  및  교재비  지원
Ÿ 신청  필수(한국장학재단에서  신청)",,,,,,,,,,,,,
51,,"국가우수
장학금
(이공계)","∙  등록금  전액,  정규학기  지원
∙  계속수혜조건:  매  학기  사업안내  참조  확인","Ÿ 수능성적우수자와  수시입학성적우수자에게  한국장학재단
에서  선발하여  정규학기  동안의  등록금  전액(입학금  포
함)  지원
Ÿ 신청  불필요(학교  자체  선발)",,,,,,,,,,,,,
51,,"주거안정
장학금","∙  주거  관련  비용  월  20만원  내  지원,  정규학기  지원
∙  계속수혜조건:  매  학기  사업안내  참조  확인","Ÿ 한국장학재단에서  선발하며  교내  우선선발  및  지원제외 
기준  적용
Ÿ 신청  필수(한국장학재단에서  신청)",,,,,,,,,,,,,
51,"단과
대학","대학배정
장학금
(진리/자유
장학금)","∙  매  학기  대학배정  장학금을  신청한  재학생으로  등록금  전액, 
반액,  1/3,  기타  금액  등  각  학과에  배분된  예산에  맞춰 
지급","∙ 진리장학금:  직전  학기  이수학점이  12학점  이상이며  학업
성적이  평량평균  2.5  이상인  성적이  우수한  학생으로서  각 
대학에서  추천된  자
∙  자유장학금:  직전  학기  이수학점이  12학점  이상이며  학업
성적이  평량평균  2.5  이상인  경제적으로  어려운  학생으로
서  각  대학에서  추천된  자",,,,,,,,,,,,,
51,,"블루
버터플라이
장학금","∙  등록금  전액,  정규학기  지원
∙  교환학생  파견  시  최대  1년간  1천만원  지원 
∙  계속수혜조건
  1)  직전학기  12학점  이상  이수,  평량평균  3.3  이상(단,  이수
학점이나  평량평균  미달  시  경고  조치,  재발생  시  다음  학
기부터  장학금  미지급)
  2)  한국장학재단  국가장학금  신청  후  신청  지원서  제출
        (제출처:  상경대학/경영대학  행정팀)","∙  수시  및  정시모집  경영학과,  경제학부  및  응용통계학과  합
격자  가운데  각  대학  행정팀으로  해당  장학금을  신청한 
학생  중  학비마련에  재정적  도움이  필요한  학생  선발",,,,,,,,,,,,,
51,기타,"신문고
장학금",∙  학생복지처장이  정하는  금액,"∙  장학신문고  제도를  이용한  학생  중  경제적  어려움  등의 
사유로  학생복지처장이  추천하는  자",,,,,,,,,,,,,
51,,"우수선수
장학금",∙ 체육위원장이  정한  금액  지원,∙  우수한  체육선수  중  체육위원장이  추천하는  자,,,,,,,,,,,,,
51,,근로장학금,"∙  교내  각  부서에  배치되어  근무한  자에게  장학위원회에서  정
한  금액을  지급(단,  근로장학생은  배정된  부서에서  학기  중
에  120시간의  근무를  해야  함)","∙  교내근로장학금을  신청한  직전학기  학업성적이  평량평균 
1.75  이상인  재적생으로서  학생복지처장이  선발(단,  의/
치/간호대  소속학생  제외)",,,,,,,,,,,,,
51,,"국가고시
장학금",∙  장학위원회에서  정하는  금액,"∙  재적  중  국가고시(5급공개  경쟁채용시험  등,  입법고시,  외
교관후보자  선발시험)의  1차  시험에  합격한  자와  공인회계
사시험,  변리사시험에  최종  합격한  자  중  국가고시  지원센
터  소장이  추천하는  자에게  고시  종류  및  횟수와  관계없
이  재학  중  1회  지급(단,  합격증  사본을  학생복지처  경력
개발팀  국가고시  지원센터에  제출해야  함)",,,,,,,,,,,,,
51,,봉사장학금,∙  학생복지처장이  정하는  금액,"∙  총학생회  및  학생자치기구에서  봉사활동을  통해  학교발전
에  기여하고  있는  학생으로서  학업성적이  평량평균  1.75
이상인  자(단,  의/치/간호대  소속학생  제외)",,,,,,,,,,,,,
52,,평화장학금,∙  신문방송편집인이  정하는  금액,"∙  대학언론사에서  활동하는  학생  중  신문방송편집인이  추천
하는  학생으로서  직전학기  학업성적이  평량평균  2.0  이상
인  자(단,  의/치/간호대  소속학생  제외)",,,,,,,,,,,,,
52,,"국가근로
장학금",∙  한국장학재단이  정하는  금액,"∙  대한민국  국적자로서  직전학기  백분위  성적  70점  이상이
며  한국장학재단에서  정한  일정  소득분위  이하인  국가근로
장학금을  신청한  학생을  학생복지처  학생지원팀에서  선발",,,,,,,,,,,,,
52,,기금장학금,∙  장학기금을  재원으로  지급하는  장학금으로  대학배정장학금  지급기준에  준하여  지급,,,,,,,,,,,,,,
52,,교외장학금,"∙  용운장학재단,  일주학술문화재단  등  교외장학재단으로부터  학교  추천이나  장학재단  지정에  따라  장학금을  지급",,,,,,,,,,,,,,
55,"단과
대학","반도체
특성화대학
사업장학금","∙  '지능형반도체전공'  입학  후  첫  학기에는  일괄  450만원이  지
급되며,  두번째  학기부터는  직전  학기  성적에  따라서  300만
원~600만원  사이에서  차등  지급  (타  등록금  장학금  수혜액
과  합산하여  등록금을  초과하지  않는  범위  내에서  지급)
∙  당해학기  20학점  이상  수강,  직전학기  20학점  이상  이수, 
직전학기  성적  3.0/4.3  이상일  경우  지급  (첫  학기에는  수
강학점  기준만  적용)","∙  장학금  수혜조건을  만족하는  첨단융합공학부  지능형반도체
전공  26학번  입학생  전원에게  반도체특성화대학사업  기간 
중(2027-2학기까지)  지급
대한민국  국적  보유자인  전일제  학생에게만  지급하며  기
Ÿ
타  자세한  사항은  인공지능융합대학  첨단융합공학부
(sit@yonsei.ac.kr)에  문의
사업  조기  종료시에는  사업  종료시점까지만  지급하며,  사
Ÿ
업비  조정시에는  장학금액도  동일  비율로  조정될  수  있음",,,,,,,,,,,,,
59,문과대학,독어독문학과,교육과학대학,전  모집단위,,,,,,,,,,,,,
59,공과대학,"도시공학과,  사회환경시스템공학부, 
시스템반도체공학과,  디스플레이융합공학과",언더우드국제대학,"언더우드학부(생명과학공학),  아시아학전공",,,,,,,,,,,,,
59,인공지능융합대학,"인공지능학과,  인공지능시스템학과, 
IT융합공학전공,  지능형반도체전공, 
모빌리티시스템전공",의과대학,의예과,,,,,,,,,,,,,
59,신과대학,신학과,치과대학,치의예과,,,,,,,,,,,,,
59,사회과학대학,"사회복지학과,  문화인류학과",간호대학,간호학과,,,,,,,,,,,,,
59,음악대학,전  모집단위,약학대학,약학과,,,,,,,,,,,,,
61,지원  모집단위,,학과(학부/전공),,,,,,,,,,,,,,
61,"전형구분  및
지원자격요건",,"※  해당  자격  요건에  ∨  표시함  (아래의  자격  요건을  모두  충족시킬  경우  “초·중·고  전  교육과정  농어촌  지역  이수자”  지원자격에 
∨  하고  해당  지원자격  서류를  제출하는  것을  원칙으로  함)
      [      ]  초·중·고  전  교육과정  농어촌  이수자  [아래의  ②의  ‘(1)항’  지원자격]
      [      ]  중·고  전  교육과정  농어촌  이수자  [아래의  ②의  ‘(2)항’  지원자격]",,,,,,,,,,,,,,
61,성              명,,"주민등록번호
―",,,,,,,,,,,,,,
61,지 원 자 격 확 인,"지  원  자  격(①,  ②내용을  모두  충족해야  함)",,,,,,,,,,,,,,,
61,,"①  국내  정규  고등학교  졸업자  또는  2026년  2월  졸업예정자 
②  아래의  (1)항~(2)항  중  어느  하나에  해당하는  자
  (1)  ｢지방자치법｣  제3조에  의한  읍·면(광역시,  도,  도·농  통합시의  관할구역  안에  두는  읍·면)  또는  ｢도서·벽지  교육진흥법  시행규칙｣  제2조에 
따른  도서·벽지  소재  초·중·고등학교의  전  교육과정을  이수하고  초·중·고등학교  재학  기간  중  본인이  읍·면·도서·벽지에서  거주한  자
  (2)  ｢지방자치법｣  제3조에  의한  읍·면(광역시,  도,  도·농  통합시의  관할구역  안에  두는  읍·면)  또는  ｢도서·벽지  교육진흥법  시행규칙｣  제2조에 
따른  도서·벽지  소재  중·고등학교의  전  교육과정을  이수하고  중·고등학교  재학  기간  중  본인과  그의  부·모  모두가  읍·면·도서·벽지에서  거
주한  자",,,,,,,,,,,,,,,
61,재 학 사 항,재학기간,,학교명,학교  주소,,,,,,,,,,,,
61,,~,,,도(시)                군(구)                읍ㆍ면(동),,,,,,,,,,,,
61,,~,,,도(시)                군(구)                읍ㆍ면(동),,,,,,,,,,,,
61,,~,,,도(시)                군(구)                읍ㆍ면(동),,,,,,,,,,,,
61,,~,,,도(시)                군(구)                읍ㆍ면(동),,,,,,,,,,,,
61,,~,,,도(시)                군(구)                읍ㆍ면(동),,,,,,,,,,,,
61,,"※  작성  방법:  재학기간은  초등학교  1학년  ~  고등학교  3학년  전교육과정에  대하여  학교생활기록부에  기재된  날짜  기준으로  년,  월,  일  단위로  정확하게  작성하
고  학교  주소를  읍ㆍ면  단위까지  기재한다.",,,,,,,,,,,,,,,
61,"상기  내용은  사실과  같으며,  위  학생을  귀  대학교의  농어촌학생  지원  대상자로  확인합니다. 
20        년          월            일
지원자    성명:                            (인  또는  서명)
                고등학교장    [직  인]
연세대학교  총장  귀하",,,,,,,,,,,,,,,,
62,,지원  모집단위                                     학과(학부/전공),,,,,,,,,,,,,,,
62,"지  원  자
성        명",(인),,,"주민등록번호
―",,,,,,,,,,,,
62,집전화번호,,,,휴대전화번호,,,,,,,,,,,,
62,"출신고교
및
재학기간",학      교      명,,,교과  과정,,,재  학  기  간,,,,,,,,,
62,,고등학교,,,전공,,,"년            월  부터
년            월  까지",,,,,,,,,
62,,고등학교,,,전공,,,"년            월  부터
년            월  까지",,,,,,,,,
62,고교전화,고교팩스,,,,,,,,,,,,,,,
62,"지  원  자
동일계열
이수판단
근    거","▪  지원  모집단위와  관련된  전문교과를  기재하고  동일계열  이수의  판단  근거를  작성하여  주시기  바랍니다.
 
※  지원  모집단위와  관련된  전문교과는  동일계열  이수  확인서  등의  서류와  관련  자료를  검토하여  우리대학교에서 
인정  여부를  엄격히  판정함",,,,,,,,,,,,,,,
62,,,학년/학기,교과목명,,단위수,학년/학기,,교과목명,단위수,,,,,,,
62,,,,,,,,,,,,,,,,,
62,,,,,,,,,,,,,,,,,
62,,,,,,,,,,,,,,,,,
62,,,,,,,,,,,,,,,,,
62,,,,,,,,,,,,,,,,,
62,,,,,,,,,,,,,,,,,
62,,,,,,,,,,,,,,,,,
62,,,,,,,,,,,,,,,,,
62,,,동일계열  이수  판단근거,,,,,,,,,,,,,,
62,,,,,,,,,,,,,,,,,
62,,,,,,,,,,,,,,,,,
62,"위  학생은  특성화고등학교  교육과정을  이수하고  졸업한  자  또는  2026년  2월  졸업예정자로서,  귀  대학의  상기  지원  모집단위와 
관련된  전문교과를  30단위  이상  이수하였음을  확인합니다.
20    년            월              일
                고등학교장    [직  인]
  연세대학교  총장  귀하",,,,,,,,,,,,,,,,
63,학교명,학교정보,,,,,,,,,,,,,,,
63,,주소,,,,,,,,,,,,,,,
63,,전화번호,,,,,,,,,,,,,,,
63,,팩스번호,,,,,,,,,,,,,,,
63,,홈페이지  URL,,,,,,,,,,,,,,,
63,,이메일  주소*,,,,,,,,,,,,,,,
63,,주소,,,,,,,,,,,,,,,
63,,전화번호,,,,,,,,,,,,,,,
63,,팩스번호,,,,,,,,,,,,,,,
63,,홈페이지  URL,,,,,,,,,,,,,,,
63,,이메일  주소*,,,,,,,,,,,,,,,
63,,주소,,,,,,,,,,,,,,,
63,,전화번호,,,,,,,,,,,,,,,
63,,팩스번호,,,,,,,,,,,,,,,
63,,홈페이지  URL,,,,,,,,,,,,,,,
63,,이메일  주소*,,,,,,,,,,,,,,,
63,,주소,,,,,,,,,,,,,,,
63,,전화번호,,,,,,,,,,,,,,,
63,,팩스번호,,,,,,,,,,,,,,,
63,,홈페이지  URL,,,,,,,,,,,,,,,
63,,이메일  주소*,,,,,,,,,,,,,,,
63,,주소,,,,,,,,,,,,,,,
63,,전화번호,,,,,,,,,,,,,,,
63,,팩스번호,,,,,,,,,,,,,,,
63,,홈페이지  URL,,,,,,,,,,,,,,,
63,,이메일  주소*,,,,,,,,,,,,,,,
64,지원  모집단위,학과(학부/전공),,,,,,,,,,,,,,,
64,수험번호,집전화번호,,,,,,,,,,,,,,,
64,성        명,"(서명  혹은  날인)
휴대전화번호",,,,,,,,,,,,,,,
64,고등학교,고등학교                              년                  월  졸업(예정),,,,,,,,,,,,,,,
64,"※  이  수정요청서는  원서접수  시  학교생활기록부  온라인  제공에  동의한  지원자  중  학교생활기록부  전산자료에  입력된  내용의  추
가  및  수정이  필요한  경우  제출할  수  있으며,  학교생활기록부  작성기준일(2025.11.30.)까지의  내용에  한하여  수정  요청할  수 
있음.  단,  2026.1.2.(금)까지  전자공문으로  제출해야  함
전산자료  수정  요청  내용
[붙임]  학교생활기록부  1부(학교장  직인  날인  필)  -  수정  사항을  형광펜  등으로  표시하여  제출
20        년          월            일
연세대학교  총장  귀하",,,,,,,,,,,,,,,,
65,지원모집단위,,학과(학부/전공),,,,,,,,,,,,,,
65,수험번호,,,,,집전화번호,,,,,,,,,,,
65,성        명,,(자필  서명  또는  날인),,,휴대전화번호,,,,,,,,,,,
65,고등학교,,고등학교                년        월  졸업(예정),,,,,,,,,,,,,,
65,"1.  이  서식은  개명,  외국인  등록  등으로  인하여  입학원서,  학교생활기록부  및  대학수학능력시험  성적표에  기재된  성명  또는
주민등록번호가  서로  일치하지  않는  지원자에  한하여  작성합니다.
2.  해당자는  다음의  서식에  입학원서,  학교생활기록부  및  대학수학능력시험  성적표에  기재된  성명  및  주민등록번호와  성명·주민
등록번호  불일치  사유를  기재하시기  바랍니다. 
[지원자  성명  주민등록번호  불일치  현황]
20          년          월            일
연세대학교  총장  귀하
붙임:  관련  증빙서류  1부  [주민등록표  초본(개명사실  포함),  외국인등록  사실증명  등]",,,,,,,,,,,,,,,,
65,,구분,,입학원서,학교생활기록부,,대학수학능력시험  성적표,,,,,,,,,,
65,,성명,,,,,,,,,,,,,,,
65,,주민등록번호,,,,,,,,,,,,,,,
65,,불일치  사유,,,,,,,,,,,,,,,
65,,,,,,,,,,,,,,,,,
66,성        명,(자필  서명  또는  날인),연락처,,,,,,,,,,,,,,
66,수험번호,,모집단위,학과(학부/전공),,,,,,,,,,,,,
66,전형명,,,,,,,,,,,,,,,,
66,환불  요청  사유,"□  국가보훈대상자 
□  국민기초생활수급자
□  차상위계층
□  한부모가족",,,,,,,,,,,,,,,
66,환불  계좌  정보,,,,,,,,,,,,,,,,
66,"금융기관명
예금주명",,,,,,,,,,,,,,,,
66,계좌번호,,,,,,,,,,,,,,,,
66,"위  환불  요청  사유에  해당되어  아래와  같이  서류를  첨부하여  환불  신청합니다.
20      년          월            일
연세대학교  총장  귀하",,,,,,,,,,,,,,,,
66,"첨부
서류","※  환불신청서를  증빙서류와  함께  1개의  PDF  파일로  병합하여  서류제출  마감일까지  원서접수  사이트에  업로드
※  증빙서류는  원본을  PDF  파일로  변환하는  것을  원칙으로  하되,  진위확인을  위해  증빙서류  원본의  우편  발송을  추가로 
요청할  수  있음
1.  반환금  수령할  통장  사본(원서접수  시  기재한  은행  및  계좌번호로  수령할  경우  제출  불필요)
2.  자격별  증빙서류(모든  서류는  2025년  12월  1일  이후  발급된  서류이어야  함)
    ∙  국가보훈대상자
        -  대학입학특별전형대상자증명서(보훈번호와  대상구분)  1부
    ∙  국민기초생활수급자
        -  국민기초생활수급자(지원자  또는  부모  명의)  증명서  1부
        -  (부모  명의의  증명서를  제출  시)국민기초생활수급자와  지원자  간의  관계를  확인할  수  있는  가족관계증명서  1부
    ∙  차상위계층/한부모가족
        -  자격별  서류  1부:  차상위  본인부담  경감대상자  증명서,  자활근로자  확인서,  장애(아동)수당  대상자  확인서,  장애인연금
            대상자  확인서,  한부모가족  증명서,  우선돌봄  차상위  확인서  중  차상위계층/한부모가족임을  증명할  수  있는  서류
        -  차상위계층/한부모가족  대상자가  지원자  본인이  아닐  경우:  차상위계층/한부모가족  대상자  명의의  가족관계증명서 
            1부,  차상위계층/한부모가족  대상자  명의의  주민등록표  등본  1부",,,,,,,,,,,,,,,
67,입학  안내,입학처  입학안내실,"TEL
(02)2123-4131",,,,,,,,,,,,,,
67,,,"FAX
(02)2123-8614",,,,,,,,,,,,,,
67,등록금  수납  및  환불,총무처  재무회계팀,"TEL
(02)2123-4500",,,,,,,,,,,,,,
67,장학금  문의,학생복지처  학생지원팀,"TEL
(02)2123-8191~2",,,,,,,,,,,,,,
67,"기숙사  안내
-  신촌:  무악학사
-  국제:  송도학사",[신촌]  생활관,"TEL
(02)2123-3601~2",,,,,,,,,,,,,,
67,,[국제]  종합행정센터  기숙사운영팀,"TEL
(032)749-2991~2",,,,,,,,,,,,,,
