Page,0,1,2,3,4,5,6,7,8,9,10,11
4,"Ⅰ. 전형 요약 및 주요 변경 사항  
 05
Ⅱ. 모집단위 및 계열별 입학정원  
 07
Ⅲ. 전형별 모집인원  
 10
Ⅳ. 원서접수 및 전형일정, 합격자 발표 및 등록 안내  
 13
Ⅴ. 세부 전형별 안내  
 16
수능(KU일반학생)•16
수능(기초생활및차상위)•22
수능(농어촌학생)•25
수능(특성화고교졸업자)•29
Ⅴ–1. 제출서류 안내  
 32
Ⅵ. 대학수학능력시험 성적 반영방법  
 34
Ⅶ. 학교폭력 조치사항 반영방법  
 36
Ⅷ. 지원자 유의사항  
 37
Ⅸ. 전형료  
 39
Ⅹ.  동점자 처리기준  
 40
.  학사 안내:  장학, 학사, 진로/취업/창업,  
Ⅹ
Ⅰ
국제교류 프로그램, 기숙사  
 41",,,,,,,,,,,
5,"전형명
정원 구분
계열",,,,,"전형방법
모집인원
(반영요소 및 반영비율)",,,,,,
5,수능,KU일반학생,가군,내,"인문/자연/
KU자유전공학부",•수능 100%,349,,,,,
5,,,,,예체능,•수능 60% + 실기 40%,67,,,,,
5,,,나군,내,인문/자연,•수능 100%,420,,,,,
5,,,,,예체능,•수능 60% + 실기 40%,146,,,,,
5,,,다군,내,인문/자연,•수능 100%,192,,,,,
5,,,,,예체능,•수능 60% + 실기 40%,34,,,,,
5,,기초생활및차상위,가군,외,인문/자연,•수능 100%,18,,,,,
5,,,나군,외,,,39,,,,,
5,,,다군,외,,,7,,,,,
5,,농어촌학생,가군,외,인문/자연,•수능 100%,27,,,,,
5,,,나군,외,,,44,,,,,
5,,,다군,외,,,8,,,,,
5,,특성화고교졸업자,,외,공통,•수능 100%,수시 미충원 인원,,,,,
5,합계,,,,,,"1,351",,,,,
5,구분,,수능,,,,,,,,,
5,,,KU일반학생,기초생활및차상위,농어촌학생,특성화고교졸업자,,,,,,
5,국내 고교,일반고,◯,◯,◯,×,,,,,,
5,,자율고,◯,◯,◯,×,,,,,,
5,,특수목적고,◯,◯,×,×,,,,,,
5,,영재학교,◯,◯,×,×,,,,,,
5,,특성화고,◯,◯,×,◯,,,,,,
5,고등학교 졸업과 동등 이상 학력자,,◯,◯,×,×,,,,,,
6,구조개편 전,,,구조개편 후,,,,,,,,
6,단과대학,모집단위,"정원
(정원 내)","정원
단과대학
모집단위
(정원 내)",,,,,,,,
6,건축대학,"건축학전공
건축학부
건축공학전공",76,건축대학,"건축학전공(5년제)
건축학부
건축공학전공",76,,,,,,
6,,,,,,,,,,,,
6,공과대학,화공학부,62,공과대학,화공·생명·에너지공학부,62,,,,,,
6,,신산업융합학과,1,,산업경영융합학부,"0
(정원 외 
인원으로 선발)",,,,,,
6,,K뷰티산업융합학과,1,,,,,,,,,
6,사회과학대학,"사회과학대학
융합전공학부",74,사회과학대학,"사회과학대학
융합전공학부",76,,,,,,
6,구분,,2025학년도,,,,,,,,,
6,단과대학,모집단위,"가
나",,다,,,,,,,
6,문과대학,미디어커뮤니케이션학과,,,5,,,,,,,
6,공과대학,전기전자공학부,65,,,,,,,,,
6,,컴퓨터공학부,49,,,,,,,,,
6,가,나,다,,,,,,,,,
6,,5,,,,,,,,,,
6,,,63,,,,,,,,,
6,,,47,,,,,,,,,
7,단과대학,모집단위,계열,"모집인원
(정원 내)",학과 및 전공,,,,,,,
7,문과대학,국어국문학과,인문,30,국어국문학과,,,,,,,
7,,영어영문학과,인문,45,영어영문학과,,,,,,,
7,,중어중문학과,인문,29,중어중문학과,,,,,,,
7,,철학과,인문,25,철학과,,,,,,,
7,,사학과,인문,25,사학과,,,,,,,
7,,지리학과,인문,25,지리학과,,,,,,,
7,,미디어커뮤니케이션학과,인문,31,미디어커뮤니케이션학과,,,,,,,
7,,문화콘텐츠학과,인문,27,문화콘텐츠학과,,,,,,,
7,,문과대학자유전공학부,인문,49,문과대학자유전공학부,,,,,,,
7,이과대학,수학과,자연,25,수학과,,,,,,,
7,,물리학과,자연,41,물리학과,,,,,,,
7,,화학과,자연,25,화학과,,,,,,,
7,,이과대학자유전공학부,자연,24,이과대학자유전공학부,,,,,,,
7,건축대학,건축학부,자연,76,건축학부,"건축학전공(5년제)
건축공학전공",,,,,,
7,공과대학,사회환경공학부,자연,100,사회환경공학부,"스마트시티전공
지속가능인프라전공
기후·에너지환경전공",,,,,,
7,,기계·로봇·자동차공학부,자연,70,기계·로봇·자동차공학부,"첨단융합기계전공
로봇전공
미래자동차전공",,,,,,
7,,전기전자공학부,자연,120,전기전자공학부,"통신및네트워크전공
디지털신호처리제어전공
RF/집적회로및반도체전공
에너지AI전공
e-모빌리티전공",,,,,,
7,,화공·생명·에너지공학부,자연,62,화공·생명·에너지공학부,"에코화공생명전공
미래에너지전공
첨단화공소재전공",,,,,,
8,단과대학,모집단위,계열,"모집인원
(정원 내)",학과 및 전공,,,,,,,
8,공과대학,컴퓨터공학부,자연,100,컴퓨터공학부,,"인공지능전공
실감미디어전공
스마트ICT융합전공
시스템소프트웨어전공
풀스택개발전공",,,,,
8,,재료공학과,자연,55,"첨단융합
공학부",재료공학과,"반도체·에너지재료전공
친환경·고분자재료전공",,,,,
8,,항공우주·모빌리티공학과,자연,45,,"항공우주· 
모빌리티공학과","항공우주공학전공
스마트운행체공학전공",,,,,
8,,생물공학과,자연,42,,생물공학과,"바이오프로세스전공
바이오머티어리얼스전공
화장품공학전공",,,,,
8,,산업공학과,자연,32,,산업공학과,"스마트팩토리전공
비즈니스애널리틱스전공",,,,,
8,,산업경영융합학부,인문,0,산업경영융합학부,,"산업융합전공
벤처창업전공
디지털혁신전공",,,,,
8,,공과대학자유전공학부,자연,195,공과대학자유전공학부,,,,,,,
8,사회과학대학,정치외교학과,인문,30,정치외교학과,,,,,,,
8,,경제학과,인문,72,경제학과,,,,,,,
8,,행정학과,인문,52,행정학과,,,,,,,
8,,국제무역학과,인문,59,국제무역학과,,,,,,,
8,,응용통계학과,인문,40,응용통계학과,,,,,,,
8,,사회과학대학융합전공학부,인문,76,사회과학대학융합전공학부,,,,,,,
8,경영대학,경영학과,인문,146,경영학과,,,,,,,
8,,기술경영학과,인문,34,기술경영학과,,,,,,,
8,부동산과학원,부동산학과,인문,38,부동산학과,,,,,,,
8,융합과학기술원,첨단바이오공학부,자연,45,첨단바이오공학부,,"줄기세포재생공학전공
의생명공학전공
첨단동물생명공학전공",,,,,
8,,시스템생명공학과,자연,26,생명공학부,,시스템생명공학과,,,,,
8,,융합생명공학과,자연,26,,,융합생명공학과,,,,,
8,,융합과학기술원자유전공학부,자연,33,융합과학기술원자유전공학부,,,,,,,
9,단과대학,모집단위,계열,"모집인원
(정원 내)",학과 및 전공,,,,,,,
9,생명과학대학,동물자원·식품과학·유통학부,자연,95,동물자원·식품과학·유통학부,"동물자원전공
식품과학전공
식품유통전공",,,,,,
9,,환경보건·산림조경학부,자연,52,환경보건·산림조경학부,"환경보건전공
산림조경전공",,,,,,
9,,생명과학특성학과,자연,32,생명과학특성학과,,,,,,,
9,,식량자원과학과,자연,30,식량자원과학과,,,,,,,
9,,생명과학대학자유전공학부,자연,46,생명과학대학자유전공학부,,,,,,,
9,수의과대학,수의예과,자연,69,수의예(학)과,,,,,,,
9,예술디자인대학,커뮤니케이션디자인학과,예체능,39,커뮤니케이션디자인학과,,,,,,,
9,,산업디자인학과,예체능,34,산업디자인학과,,,,,,,
9,,의상디자인학과–인문계,인문,17,의상디자인학과,,,,,,,
9,,의상디자인학과–예체능계,예체능,17,,,,,,,,
9,,리빙디자인학과,예체능,45,리빙디자인학과,,,,,,,
9,,현대미술학과,예체능,32,현대미술학과,,,,,,,
9,,영상학과,예체능,35,영상학과,,,,,,,
9,,매체연기학과,예체능,25,매체연기학과,,,,,,,
9,사범대학,일어교육과,인문,22,일어교육과,,,,,,,
9,,수학교육과,자연,25,수학교육과,,,,,,,
9,,체육교육과,예체능,38,체육교육과,,,,,,,
9,,음악교육과,예체능,20,음악교육과,,,,,,,
9,,교육공학과,인문,25,교육공학과,,,,,,,
9,,영어교육과,인문,20,영어교육과,,,,,,,
9,상허교양대학,KU자유전공학부,인문/자연,308,KU자유전공학부,,,,,,,
9,합계,※ 2024학년도 이월 인원 1명 포함,,"3,001",,,,,,,,
10,단과대학,모집단위,계열,수능(정원 내),,,수능(정원 외),,,,,
10,,,,KU일반학생,,,기회균형특별전형,,,,,
10,,,,,,,기초생활및차상위,,,농어촌학생,,
10,,,,가군,나군,다군,가군,나군,다군,가군,나군,다군
10,문과대학,국어국문학과,인문,,6,,,1,,,1,
10,,영어영문학과,인문,,6,,,2,,,2,
10,,중어중문학과,인문,,5,,,1,,,1,
10,,철학과,인문,,3,,,1,,,1,
10,,사학과,인문,,4,,,1,,,1,
10,,지리학과,인문,,3,,,1,,,1,
10,,미디어커뮤니케이션학과,인문,,5,,,1,,,1,
10,,문화콘텐츠학과,인문,,6,,,1,,,1,
10,,문과대학자유전공학부,인문,,,,4,,,4,,
10,이과대학,수학과,자연,,8,,,1,,,1,
10,,물리학과,자연,12,,,2,,,2,,
10,,화학과,자연,,9,,,1,,,1,
10,,이과대학자유전공학부,자연,,,,,,,,,
10,건축대학,건축학부,자연,39,,,2,,,2,,
10,공과대학,사회환경공학부*,자연,,42,,,3,,,3,
10,,기계·로봇·자동차공학부*,자연,37,,,2,,,3,,
10,,전기전자공학부*,자연,,,63,,,3,,,4
10,,화공·생명·에너지공학부*,자연,30,,,2,,,3,,
10,,컴퓨터공학부,자연,,,47,,,3,,,3
10,,재료공학과*,자연,26,,,1,,,1,,
10,,항공우주·모빌리티공학과*,자연,25,,,1,,,1,,
10,,생물공학과,자연,15,,,1,,,1,,
10,,산업공학과*,자연,,16,,,1,,,1,
10,,산업경영융합학부,인문,,,,,,,,,
10,,공과대학자유전공학부,자연,,,60,,,,,,
11,단과대학,모집단위,계열,수능(정원 내),,,수능(정원 외),,,,,
11,,,,KU일반학생,,,기회균형특별전형,,,,,
11,,,,,,,기초생활및차상위,,,농어촌학생,,
11,,,,가군,나군,다군,가군,나군,다군,"가군
나군
다군",,
11,사회과학대학,정치외교학과,인문,,13,,,1,,,1,
11,,경제학과,인문,,32,,,2,,,3,
11,,행정학과,인문,,25,,,2,,,2,
11,,국제무역학과,인문,32,,,1,,,2,,
11,,응용통계학과,인문,,18,,,1,,,1,
11,,사회과학대학융합전공학부,인문,,2,,,,,,,
11,경영대학,경영학과,인문,,65,,,2,,,5,
11,,기술경영학과,인문,15,,,1,,,2,,
11,부동산과학원,부동산학과,인문,,14,,,1,,,1,
11,융합과학기술원,첨단바이오공학부,자연,,19,,,5,,,4,
11,,시스템생명공학과,자연,,,11,,,,,,
11,,융합생명공학과,자연,,,11,,,1,,,1
11,,융합과학기술원자유전공학부,자연,,,,,,,,,
11,생명과학대학,동물자원·식품과학·유통학부,자연,,42,,,4,,,5,
11,,환경보건·산림조경학부,자연,,23,,,4,,,5,
11,,생명과학특성학과,자연,,12,,,1,,,1,
11,,식량자원과학과,자연,,12,,,1,,,1,
11,,생명과학대학자유전공학부,자연,,,,,,,,,
11,수의과대학,수의예과,자연,39,,,1,,,6,,
11,예술디자인대학,커뮤니케이션디자인학과,예체능,,39,,,,,,,
11,,산업디자인학과,예체능,,,34,,,,,,
11,,의상디자인학과–인문계,인문,,17,,,,,,,
11,,의상디자인학과–예체능계,예체능,,17,,,,,,,
11,,리빙디자인학과,예체능,,45,,,,,,,
11,,현대미술학과,예체능,32,,,,,,,,
11,,영상학과,예체능,35,,,,,,,,
11,,매체연기학과,예체능,,,,,,,,,
12,단과대학,모집단위,계열,수능(정원 내),,,수능(정원 외),,,,,
12,,,,KU일반학생,,,기회균형특별전형,,,,,
12,,,,,,,기초생활및차상위,,,농어촌학생,,
12,,,,가군,나군,다군,가군,나군,다군,가군,나군,다군
12,사범대학,일어교육과,인문,3,,,,,,,,
12,,수학교육과,자연,8,,,,,,,,
12,,체육교육과,예체능,,25,,,,,,,
12,,음악교육과–성악,예체능,,7,,,,,,,
12,,음악교육과–피아노,예체능,,7,,,,,,,
12,,음악교육과–바이올린,예체능,,4,,,,,,,
12,,음악교육과–비올라,예체능,,1,,,,,,,
12,,음악교육과–첼로,예체능,,1,,,,,,,
12,,교육공학과,인문,,13,,,,,,,
12,,영어교육과,인문,8,,,,,,,,
12,상허교양대학,KU자유전공학부,인문/자연,60,,,,,,,,
12,합계,,,416,566,226,18,39,7,27,44,8
14,구분,전형명,,일정,비고,,,,,,,
14,원서접수,전체 전형,,"2025.  12. 29.(월) 10:00 ~  
12. 31.(수) 17:00","•  원서접수 사이트에서  
인터넷 접수",,,,,,,
14,"서류제출
(PDF 업로드)",전체 전형,,"2025. 12. 29.(월) 10:00 ~ 
2026. 1. 2.(금) 17:00","•  원서접수 사이트에  
PDF 업로드
•  우편과 방문 제출 모두 불가",,,,,,,
14,실기고사,가군,현대미술학과,2026. 1. 12.(월),"•  세부 일정, 고사장 및  
입실 완료 시간 등은  
고사 3~4일 전  
본교 입학처 홈페이지에 공고",,,,,,,
14,,,영상학과,,,,,,,,,
14,,나군,커뮤니케이션디자인학과,2026. 1. 13.(화),,,,,,,,
14,,,의상디자인학과-예체능계,,,,,,,,,
14,,,리빙디자인학과,,,,,,,,,
14,,,체육교육과,2026.  1. 14.(수) ~ 1. 16.(금)*,,,,,,,,
14,,,음악교육과,2026. 1. 20.(화),,,,,,,,
14,,다군,산업디자인학과,2026. 1. 21.(수),,,,,,,,
14,최초합격자 발표,전체 전형,,2026.  2. 2.(월) 14:00,•  본교 입학처 홈페이지에 공고,,,,,,,
14,최초합격자 등록,전체 전형,,"2026.  2. 3.(화) 10:00 ~  
2. 5.(목) 14:00",•  수시모집 본 등록 포함,,,,,,,
14,추가합격자 발표,전체 전형,,"2026.  2. 6.(금) 16:00 ~  
2. 12.(목) 18:00","•  세부 사항은 본교 입학처 
홈페이지에 추후 공고",,,,,,,
14,추가합격자 등록,전체 전형,,"2026.  2. 6.(금) 16:00 ~  
2. 13.(금) 14:00",,,,,,,,
14,구분,일시,비고,,,,,,,,,
14,최초합격자 발표,2026. 2. 2.(월) 14:00 예정,•본교 입학처 홈페이지에 공고,,,,,,,,,
14,최초합격자 등록,2026. 2. 3.(화) 10:00 ~ 2. 5.(목) 14:00,•수시모집 본 등록 포함,,,,,,,,,
15,차수,발표일시,등록기간,발표방법,,,,,,,,
15,1차,2026. 2. 6.(금) 16:00 예정,2026. 2. 6.(금) 16:00 ~ 2. 9.(월) 10:00,"•입학처 홈페이지 공지
※  개별 전화 통보 일정은  
추후 홈페이지를 통하여 안내",,,,,,,,
15,2차 이후,2026. 2. 9.(월) ~ 2. 12.(목) 18:00,2026. 2. 9.(월) ~ 2. 13.(금) 14:00,,,,,,,,,
15,구분,일정,비고,,,,,,,,,
15,최초합격자,2026. 2. 3.(화) 10:00 ~ 2. 5.(목) 14:00,"• 합격차수별 등록금 납부 기간은 합격자 조회 시  
합격자 유의사항을 통해 안내
※  기한 내에 등록금을 납부하지 않을 경우 등록 의사가  
없는 것으로 간주하여, 별도의 통보 없이 해당 합격을 취소함",,,,,,,,,
15,추가합격자,2026. 2. 6.(금) 16:00 ~ 2. 13.(금) 14:00,,,,,,,,,,
16,모 집 군,단과대학,계열,모집단위,인원,,,,,,,
16,다 군,공과대학,자연,전기전자공학부,63,,,,,,,
16,,,자연,컴퓨터공학부,47,,,,,,,
16,,,자연,공과대학자유전공학부,60,,,,,,,
16,,융합과학기술원,자연,시스템생명공학과,11,,,,,,,
16,,,자연,융합생명공학과,11,,,,,,,
16,,예술디자인대학 예체능,,산업디자인학과,34,,,,,,,
16,다군 총합계,,,,226,,,,,,,
16,모 집 군,단과대학,계열,모집단위,인원,,,,,,,
16,가 군,이과대학,자연,물리학과,12,,,,,,,
16,,건축대학,자연,건축학부,39,,,,,,,
16,,공과대학,자연,기계·로봇·자동차공학부,37,,,,,,,
16,,,자연,화공·생명·에너지공학부,30,,,,,,,
16,,,자연,재료공학과,26,,,,,,,
16,,,자연,항공우주·모빌리티공학과,25,,,,,,,
16,,,자연,생물공학과,15,,,,,,,
16,,사회과학대학,인문,국제무역학과,32,,,,,,,
16,,경영대학,인문,기술경영학과,15,,,,,,,
16,,수의과대학,자연,수의예과,39,,,,,,,
16,,예술디자인대학,예체능,현대미술학과,32,,,,,,,
16,,,예체능,영상학과,35,,,,,,,
16,,사범대학,인문,일어교육과,3,,,,,,,
16,,,자연,수학교육과,8,,,,,,,
16,,,인문,영어교육과,8,,,,,,,
16,,상허교양대학,"인문/
자연",KU자유전공학부,60,,,,,,,
16,가군 총합계,,,,416,,,,,,,
17,"모 집 군
단과대학",,"계열
모집단위",,인원,,,,,,,
17,나 군,문과대학,인문,국어국문학과,6,,,,,,,
17,,,인문,영어영문학과,6,,,,,,,
17,,,인문,중어중문학과,5,,,,,,,
17,,,인문,철학과,3,,,,,,,
17,,,인문,사학과,4,,,,,,,
17,,,인문,지리학과,3,,,,,,,
17,,,인문,미디어커뮤니케이션학과,5,,,,,,,
17,,,인문,문화콘텐츠학과,6,,,,,,,
17,,이과대학,자연,수학과,8,,,,,,,
17,,,자연,화학과,9,,,,,,,
17,,공과대학,자연,사회환경공학부,42,,,,,,,
17,,,자연,산업공학과,16,,,,,,,
17,,사회과학대학,인문,정치외교학과,13,,,,,,,
17,,,인문,경제학과,32,,,,,,,
17,,,인문,행정학과,25,,,,,,,
17,,,인문,응용통계학과,18,,,,,,,
17,,,인문,사회과학대학융합전공학부,2,,,,,,,
17,,경영대학,인문,경영학과,65,,,,,,,
17,모 집 군,단과대학,계열,"모집단위
인원",,,,,,,,
17,나 군,부동산과학원,인문,부동산학과,14,,,,,,,
17,,융합과학기술원,자연,첨단바이오공학부,19,,,,,,,
17,,생명과학대학,자연,동물자원·식품과학·유통학부,42,,,,,,,
17,,,자연,환경보건·산림조경학부,23,,,,,,,
17,,,자연,생명과학특성학과,12,,,,,,,
17,,,자연,식량자원과학과,12,,,,,,,
17,,예술디자인대학,예체능,커뮤니케이션디자인학과,39,,,,,,,
17,,,인문,의상디자인학과–인문계,17,,,,,,,
17,,,예체능,의상디자인학과–예체능계,17,,,,,,,
17,,,예체능,리빙디자인학과,45,,,,,,,
17,,사범대학,예체능,체육교육과,25,,,,,,,
17,,,예체능,음악교육과–성악,7,,,,,,,
17,,,예체능,음악교육과–피아노,7,,,,,,,
17,,,예체능,음악교육과–바이올린,4,,,,,,,
17,,,예체능,음악교육과–비올라,1,,,,,,,
17,,,예체능,음악교육과–첼로,1,,,,,,,
17,,,인문,교육공학과,13,,,,,,,
17,나군 총합계,,,,566,,,,,,,
18,모집군,모집단위,수능(비율),실기(비율),합계(비율),,,,,,,
18,가군,인문계/자연계 모집단위,"1,000(100%)",–,"1,000(100%)",,,,,,,
18,,KU자유전공학부,,,,,,,,,,
18,,매체연기학과*,,,,,,,,,,
18,,현대미술학과,600(60%),400(40%),"1,000(100%)",,,,,,,
18,,영상학과,,,,,,,,,,
18,나군,인문계/자연계 모집단위,"1,000(100%)",–,"1,000(100%)",,,,,,,
18,,의상디자인학과–인문계,,,,,,,,,,
18,,커뮤니케이션디자인학과,600(60%),400(40%),"1,000(100%)",,,,,,,
18,,의상디자인학과–예체능계,,,,,,,,,,
18,,리빙디자인학과,,,,,,,,,,
18,,체육교육과,,,,,,,,,,
18,,음악교육과,,,,,,,,,,
18,다군,인문계/자연계 모집단위,"1,000(100%)",–,"1,000(100%)",,,,,,,
18,,산업디자인학과,600(60%),400(40%),"1,000(100%)",,,,,,,
18,모집군,모집단위,수능,,,,실기,,,,,
18,,,"최고
최저",,차이,"실질
반영비율",최고,최저,차이,"실질
반영비율",,
18,가군,인문계/자연계 모집단위,"1,000",0,"1,000",100%,–,–,–,–,,
18,,KU자유전공학부,,,,,,,,,,
18,,매체연기학과*,,,,,,,,,,
18,,현대미술학과,600,0,600,60%,400,0,400,40%,,
18,,영상학과,,,,,,,,,,
18,나군,인문계/자연계 모집단위,"1,000",0,"1,000",100%,–,–,–,–,,
18,,의상디자인학과–인문계,,,,,,,,,,
18,,커뮤니케이션디자인학과,600,0,600,60%,400,0,400,40%,,
18,,의상디자인학과–예체능계,,,,,,,,,,
18,,리빙디자인학과,,,,,,,,,,
18,,체육교육과,,,,,,,,,,
18,,음악교육과,,,,,,,,,,
18,다군,인문계/자연계 모집단위,"1,000",0,"1,000",100%,–,–,–,–,,
18,,산업디자인학과,600,0,600,60%,400,0,400,40%,,
19,모집단위,실기고사 과목,준비사항/비고,,,,,,,,,
19,커뮤니케이션디자인학과,"[기초디자인]
• 용지: 화용지(용지의 크기는 출제 시 제시함)
• 출제내용:  기초 조형능력을 평가할 수 있는 
주제해석과 표현","• 모든 표현 재료 및 도구 사용 허용 
(※ 단, 입체적 첨가 형식의 재료(유화 포함)  
사용은 불허함)",,,,,,,,,
19,산업디자인학과,,,,,,,,,,,
19,의상디자인학과–예체능계,,,,,,,,,,,
19,리빙디자인학과,,,,,,,,,,,
19,영상학과,,,,,,,,,,,
19,현대미술학과,"[인체색채소묘]
• 용지: 화용지(2절: 79×54㎝)
• 출제내용:  인체 전신을 채색 재료로 표현 
(※ 복장을 착용한 인물 사진 
(이미지)과 정물 제시)",,,,,,,,,,
19,음악교육과,성악전공,"• 이태리 가곡 1곡
• 독일 가곡 1곡",• 암보하여 원어로 부름,,,,,,,,
19,,피아노전공,"• Etude나 이에 준하는 1곡
• 위의 사항에 중복되지 않는 자유곡",• 반복 없이 암보하여 연주,,,,,,,,
19,,현악전공,• 자유곡 1곡(7분 내외),• 반복 없이 암보하여 연주,,,,,,,,
20,골반,• 골반이 들리지 않음,• 골반 반동 시,,,,,,,,,
20,양팔,"• 양팔이 모두  
무릎 위에 닿음","• 한쪽 팔만  
닿은 경우",,,,,,,,,
20,팔꿈치,"• 팔꿈치가  
무릎 위에 있음","• 팔꿈치가 무릎  
아래에 있는 경우
• 팔꿈치가 무릎에  
닿지 않는 경우",,,,,,,,,
20,어깨,"• 어깨가 바닥에  
완전히 닿음","• 어깨가 바닥에  
닿지 않는 경우",,,,,,,,,
20,손깍지 • 손깍지가 온전함,,"• 깍지 풀림
• 머리 잡기
• 정수리 잡는 경우",,,,,,,,,
20,"모집단위
실기고사 과목
종목별 실시방법",,,파울 기준,,,,,,,,
20,"체육
교육과","20m왕복달리기
(20m×4회)","• 가번호 호명 시 자신의 가번호를 복창한다.
• 준비 완료 시 출발 자세로 대기한다.
• 부저가 울리면 출발한다.
• 반환점에서 버튼 터치 후 반환한다.
• 피니쉬 지점에서 센서 안으로 통과한다.","• 2회 이상 파울 시 40점 부여
   – 출발 자세에서 몸과 발이 움찔거리는 경우
   – 예측 출발을 하거나 출발신호가 울리기 전  
출발하는 경우
   – 발이 출발선을 넘어간 채로 출발하는 경우
   – 발이 선을 넘지 않은 채로 부저를 터치하는 경우
   – 부저를 눌렀을 때 불이 들어오지 않거나, 바닥에  
손을 짚거나, 손과 팔이 다른 신체에 닿는 경우
• 부상으로 인한 중도포기 또는 기타 사유로 인해  
응시를 포기하는 경우는 최저점수인 0점으로 기록",,,,,,,,
20,,육상: 높이뛰기,"• 가번호 호명 시 자신의 가번호를 복창한다.
• 준비 완료 시 바로 시작한다.
• 총 1회 실시이지만 실패 시 1회 다시 시도할 수 있다.
• 바 높이는 10cm 단위, 170cm 이하로 자유롭게  
설정할 수 있다.  
(한번 설정한 바 높이는 변경 불가능)
• 도움닫기 후에 바를 넘지 않아도 1회 실시로 간주한다.","• 부상으로 인한 중도포기 또는 기타 사유로 인해  
응시를 포기하는 경우는 최저점수인 0점으로 기록",,,,,,,,
20,,"기계체조: 
핸드스프링","• 가번호 호명 시 자신의 가번호를 복창한다.
• 준비 완료 시 바로 시작한다.
• 핸드스프링은 총 2회 실시한다.
• 도움닫기와 동시에 1회 실시로 간주한다.
• 매트가 미끄러울 수 있으니 주의한다.","• 부상으로 인한 중도포기 또는 기타 사유로 인해  
응시를 포기하는 경우는 최저점수인 0점으로 기록",,,,,,,,
20,,"농구: 
레이업 슛, 
점프 슛","• 가번호 호명 시 자신의 가번호를 복창한다.
• 남학생은 7호공으로 실시하고, 여학생은 6호공,  
7호공 중 선택할 수 있다.
• 준비 완료 시 바로 시작한다.
• 왼손 드리블 및 왼손 레이업 슛 1회를 실시한다.
• 오른손 드리블 및 오른손 레이업 슛 1회를 실시한다.
• 보조자의 패스를 받아 점프 슛 2회를 실시한다.
• 반드시 빨간선 뒤에서 패스를 받아 점프 슛을 실시한다. 
(남자 6m, 여자 4m)","• 부상으로 인한 중도포기 또는 기타 사유로 인해  
응시를 포기하는 경우는 최저점수인 0점으로 기록",,,,,,,,
20,,"윗몸일으키기
(60초)","• 가번호 호명 시 자신의 가번호를 복창한다.
• 연습 3회 실시 후 기구를 자신의 몸에 맞춰  
조절하도록 요청한다.
• 윗몸일으키기는 60초간 실시한다.","•	파울	시	총	측정	개수에	미포함한다.
구분
정상 자세
파울
골반
양팔
팔꿈치
어깨
•	부상으로	인한	중도포기	또는	기타	사유로	인해	응시를	
포기하는	경우는	최저점수인	0점으로	기록","• 골반이 들리지 않음
• 양팔이 모두  
무릎 위에 닿음
• 팔꿈치가  
무릎 위에 있음
• 어깨가 바닥에  
완전히 닿음
손깍지 • 손깍지가 온전함","• 골반 반동 시 
• 한쪽 팔만  
닿은 경우 
• 팔꿈치가 무릎  
아래에 있는 경우
• 팔꿈치가 무릎에  
닿지 않는 경우
• 어깨가 바닥에  
닿지 않는 경우
• 깍지 풀림
• 머리 잡기
• 정수리 잡는 경우",,,,,,
20,,,,,,,,,,,,
20,,,,,,,,,,,,
20,,,,,,,,,,,,
20,,,,,,,,,,,,
20,,,,,,,,,,,,
20,,,,,,,,,,,,
21,대상,,제출서류,,,,,,,,,
21,"국내 정규 고등학교 
졸업(예정)자","학생부 온라인 제공 
동의자","• 서류제출(PDF 업로드) 불필요
   ※ 대상: 2022년 2월 ~ 2026년 2월 졸업(예정)자
   ※  2005년 2월 ~ 2021년 2월 졸업자 중 희망자의 경우 온라인 생성  
신청 시스템(apply.neis.go.kr)을 통해 대입전형자료 온라인 신청 가능",,,,,,,,,
21,,"학생부 온라인 제공 
미동의자 및 불가자","• 대입전형용 학교생활기록부 1부
• 교육기관(초·중·고교), 공공기관, 무인민원발급기, 인터넷 발급
• 원서접수 사이트에서 서류제출(PDF 업로드)",,,,,,,,,
21,"고등학교 졸업학력 
검정고시 출신자1)","검정고시 자료 온라인 제공 
동의자","• 서류제출(PDF 업로드) 불필요
   ※  대상: 2017년 1회차 ~ 2025년 2회차 합격자
   ※   해당 시·도교육청 나이스 검정고시 홈페이지(https://kged.go.kr/)에 접속하여 
대입전형자료 제공 신청",,,,,,,,,
21,,"검정고시 자료 온라인 제공 
미동의자 및 불가자","• 고등학교 졸업학력 검정고시 합격증명서(대입전형용) 1부
• 원서접수 사이트에서 서류제출(PDF 업로드)",,,,,,,,,
21,국외 고등학교 출신자1),,"• 국외 고등학교 졸업(예정)증명서 1부
• 국외 고등학교 성적증명서 1부
   ※ 국외 고교 출신자 제출서류 안내(p.33) 필독
• 원서접수 사이트에서 서류제출(PDF 업로드)",,,,,,,,,
22,모 집 군,단과대학,계열,모집단위,인원,,,,,,,
22,가 군,문과대학,인문,문과대학자유전공학부,4,,,,,,,
22,,이과대학,자연,물리학과,2,,,,,,,
22,,건축대학,자연,건축학부,2,,,,,,,
22,,공과대학,자연,기계·로봇·자동차공학부,2,,,,,,,
22,,,자연,화공·생명·에너지공학부,2,,,,,,,
22,,,자연,재료공학과,1,,,,,,,
22,,,자연,항공우주·모빌리티공학과,1,,,,,,,
22,,,자연,생물공학과,1,,,,,,,
22,,사회과학대학,인문,국제무역학과,1,,,,,,,
22,,경영대학,인문,기술경영학과,1,,,,,,,
22,,수의과대학,자연,수의예과,1,,,,,,,
22,가군 총합계,,,,18,,,,,,,
22,다 군,공과대학,자연,전기전자공학부,3,,,,,,,
22,,,자연,컴퓨터공학부,3,,,,,,,
22,,융합과학기술원,자연,융합생명공학과,1,,,,,,,
22,다군 총합계,,,,7,,,,,,,
22,모 집 군,단과대학,계열,모집단위,인원,,,,,,,
22,나 군,문과대학,인문,국어국문학과,1,,,,,,,
22,,,인문,영어영문학과,2,,,,,,,
22,,,인문,중어중문학과,1,,,,,,,
22,,,인문,철학과,1,,,,,,,
22,,,인문,사학과,1,,,,,,,
22,,,인문,지리학과,1,,,,,,,
22,,,인문,미디어커뮤니케이션학과,1,,,,,,,
22,,,인문,문화콘텐츠학과,1,,,,,,,
22,,이과대학,자연,수학과,1,,,,,,,
22,,,자연,화학과,1,,,,,,,
22,,공과대학,자연,사회환경공학부,3,,,,,,,
22,,,자연,산업공학과,1,,,,,,,
22,,사회과학대학,인문,정치외교학과,1,,,,,,,
22,,,인문,경제학과,2,,,,,,,
22,,,인문,행정학과,2,,,,,,,
22,,,인문,응용통계학과,1,,,,,,,
22,,경영대학,인문,경영학과,2,,,,,,,
22,,부동산과학원,인문,부동산학과,1,,,,,,,
22,,융합과학기술원,자연,첨단바이오공학부,5,,,,,,,
22,,생명과학대학,자연,동물자원·식품과학·유통학부,4,,,,,,,
22,,,자연,환경보건·산림조경학부,4,,,,,,,
22,,,자연,생명과학특성학과,1,,,,,,,
22,,,자연,식량자원과학과,1,,,,,,,
22,나군 총합계,,,,39,,,,,,,
23,대상,,제출서류,,,,,,,,,
23,"국내 정규 고등학교 
졸업(예정)자","학생부 온라인 제공 
동의자","• 서류제출(PDF 업로드) 불필요
   ※  대상: 2022년 2월 ~ 2026년 2월 졸업(예정)자
   ※  2005년 2월 ~ 2021년 2월 졸업자 중 희망자의 경우 온라인 생성  
신청 시스템(apply.neis.go.kr)을 통해 대입전형자료 온라인 신청 가능",,,,,,,,,
23,,"학생부 온라인 제공 
미동의자 및 불가자","• 대입전형용 학교생활기록부 1부
• 교육기관(초·중·고교), 공공기관, 무인민원발급기, 인터넷 발급
• 원서접수 사이트에서 서류제출(PDF 업로드)",,,,,,,,,
23,"고등학교 졸업학력 
검정고시 출신자1)","검정고시 자료 온라인 제공 
동의자","• 서류제출(PDF 업로드) 불필요
   ※  대상: 2017년 1회차 ~ 2025년 2회차 합격자
   ※  해당 시·도교육청 나이스 검정고시 홈페이지(https://kged.go.kr/)에 접속하여 
대입전형자료 제공 신청",,,,,,,,,
23,,"검정고시 자료 온라인 제공 
미동의자 및 불가자","• 고등학교 졸업학력 검정고시 합격증명서(대입전형용) 1부
• 원서접수 사이트에서 서류제출(PDF 업로드)",,,,,,,,,
23,국외 고등학교 출신자1),,"• 국외 고등학교 졸업(예정)증명서 1부
• 국외 고등학교 성적증명서 1부
   ※  국외 고교 출신자 제출서류 안내(p.33) 필독
• 원서접수 사이트에서 서류제출(PDF 업로드)",,,,,,,,,
23,대상,제출서류,제출 방법 및 기한,,,,,,,,,
23,"검정고시 및 국외 고등학교 출신자 중 
국내 학교생활기록부가 있는 자※",[대상자만] 국내 고교 학교생활기록부 1부,"• 원서접수 사이트에서 서류제출(PDF 업로드)
• 2025. 12. 29.(월) 10:00 ~  
2026. 1. 2.(금) 17:00",,,,,,,,,
24,"구분
제출서류",,비고,,,,,,,,,
24,국민기초생활보장수급자,국민기초생활보장수급자증명서,"• 지원자 기준으로 발급
• 정부24(www.gov.kr) 또는 행정복지센터 발급",,,,,,,,,
24,"차상위복지급여
수급 중인
차상위계층 학생",차상위계층확인서,"• 행정복지센터 발행 
• 단, 차상위본인부담경감대상자증명서는 국민건강보험공단 발행
   ※  수급(권)자가 지원자 본인이 아닌 경우: 부 또는 모 기준 
가족관계증명서와 주민등록표등본 추가 제출",,,,,,,,,
24,,차상위본인부담경감대상자증명서,,,,,,,,,,
24,,자활근로자확인서,,,,,,,,,,
24,,장애수당대상자확인서,,,,,,,,,,
24,,장애인연금대상자확인서,,,,,,,,,,
24,한부모가족 지원대상자,한부모가족증명서,"• 정부24(www.gov.kr) 또는 행정복지센터 발급
   ※  수급(권)자가 지원자 본인이 아닌 경우: 부 또는 모 기준 
가족관계증명서와 주민등록표등본 추가 제출",,,,,,,,,
25,"모 집 군
단과대학",,"계열
모집단위",,인원,,,,,,,
25,가 군,문과대학,인문,문과대학자유전공학부,4,,,,,,,
25,,이과대학,자연,물리학과,2,,,,,,,
25,,건축대학,자연,건축학부,2,,,,,,,
25,,공과대학,자연,기계·로봇·자동차공학부,3,,,,,,,
25,,,자연,화공·생명·에너지공학부,3,,,,,,,
25,,,자연,재료공학과,1,,,,,,,
25,,,자연,항공우주·모빌리티공학과,1,,,,,,,
25,,,자연,생물공학과,1,,,,,,,
25,,사회과학대학,인문,국제무역학과,2,,,,,,,
25,,경영대학,인문,기술경영학과,2,,,,,,,
25,,수의과대학,자연,수의예과,6,,,,,,,
25,가군 총합계,,,,27,,,,,,,
25,다 군,공과대학,자연,전기전자공학부,4,,,,,,,
25,,,자연,컴퓨터공학부,3,,,,,,,
25,,,자연,융합생명공학과,1,,,,,,,
25,다군 총합계,,,,8,,,,,,,
25,모 집 군,단과대학,계열,"모집단위
인원",,,,,,,,
25,나 군,문과대학,인문,국어국문학과,1,,,,,,,
25,,,인문,영어영문학과,2,,,,,,,
25,,,인문,중어중문학과,1,,,,,,,
25,,,인문,철학과,1,,,,,,,
25,,,인문,사학과,1,,,,,,,
25,,,인문,지리학과,1,,,,,,,
25,,,인문,미디어커뮤니케이션학과,1,,,,,,,
25,,,인문,문화콘텐츠학과,1,,,,,,,
25,,이과대학,자연,수학과,1,,,,,,,
25,,,자연,화학과,1,,,,,,,
25,,공과대학,자연,사회환경공학부,3,,,,,,,
25,,,자연,산업공학과,1,,,,,,,
25,,사회과학대학,인문,정치외교학과,1,,,,,,,
25,,,인문,경제학과,3,,,,,,,
25,,,인문,행정학과,2,,,,,,,
25,,,인문,응용통계학과,1,,,,,,,
25,,경영대학,인문,경영학과,5,,,,,,,
25,,부동산과학원,인문,부동산학과,1,,,,,,,
25,,융합과학기술원,자연,첨단바이오공학부,4,,,,,,,
25,,생명과학대학,자연,동물자원·식품과학·유통학부,5,,,,,,,
25,,,자연,환경보건·산림조경학부,5,,,,,,,
25,,,자연,생명과학특성학과,1,,,,,,,
25,,,자연,식량자원과학과,1,,,,,,,
25,나군 총합계,,,,44,,,,,,,
26,"※	행정구역(읍·면)의	적용	등	세부	기준
	
1.	고등학교(초등학교·중학교)	재학	당시의	행정구역(읍·면)	단위를	기준으로	적용함
	
2.	고등학교(초등학교·중학교)	재학	중에	읍·면이	동으로	행정구역이	개편된	경우,	개편된	동	지역을	읍·면	지역으로	인정함
	
3.		고등학교(초등학교·중학교)	재학	당시	읍·면이었던	행정구역이	졸업	이후	동으로	개편된	경우,	개편된	동	지역을	읍·면	지역으로	
인정함
	
4.	2개	이상의	학교에서	재학한	경우에	해당	학교	모두	반드시	읍·면	지역에	소재하는	학교이어야	하나,	동일한	읍·면	지역이	아니어도	됨
	
5.	지원자의	거주지,	부모의	거주지,	재학한	학교	소재지가	동일한	읍·면	지역	또는	도서·벽지	지역이	아니어도	됨
	
6.		[지원자격	1]	중학교	입학일부터	고등학교	졸업일까지	주민등록표초본	상	본인,	부,	모	중	한	명	이상이	단	하루라도	말소된	기록이	있는	
경우는	지원자격에	해당되지	않음
	
7.		[지원자격	2]	초등학교	입학일부터	고등학교	졸업일까지	주민등록표초본	상	본인이	단	하루라도	말소된	기록이	있는	경우는	지원자격에	
해당되지	않음
	
8.	[지원자격	1]	지원자격	특이자
구분
부모의 이혼
부모의 사망","자격요건
이혼 전 부모의 주소지와 이혼 후의 주민등록 상 지원자 본인의 양육권이 있는 부(모)의 주소지가 농어촌 지역이어야 함
①  부모 모두가 사망한 경우에는 부모 모두가 법률 상의 사망일 이전까지의 주소지가 농어촌 지역이어야 하며,  
사망일 이후부터 지원자의 주소지가 농어촌 지역이어야 함
②  부(모)가 사망한 경우에는 부(모)가 법률 상의 사망일 이전까지의 주소지가 농어촌 지역이어야 하며,  
지원자 본인과 생존한 부(모)의 주소지가 농어촌 지역이어야 함",,,,,,,,,,
26,,,,,,,,,,,,
26,,,,,,,,,,,,
26,,,,,,,,,,,,
26,,,,,,,,,,,,
27,대상,,제출서류,,,,,,,,,
27,학교생활기록부,"온라인 제공 
동의자","• 서류제출(PDF 업로드) 불필요
  ※  대상: 2022년 2월 ~ 2026년 2월 졸업(예정)자
  ※  2005년 2월 ~ 2021년 2월 졸업자 중 희망자의 경우 온라인 생성  
신청 시스템(apply.neis.go.kr)을 통해 대입전형자료 온라인 신청 가능",,,,,,,,,
27,,"온라인 제공 
미동의자 및 불가자","• 대입전형용 학교생활기록부 1부
• 교육기관(초·중·고교), 공공기관, 무인민원발급기, 인터넷 발급
• 원서접수 사이트에서 서류제출(PDF 업로드)",,,,,,,,,
27,"[지원자격 1]
중·고등학교
전 교육과정 이수자",가족관계증명서,•지원자 기준,,,,,,,,,
27,,주민등록표초본,"•부, 모, 지원자 기준 각 1부씩, 총 3부
   ※ 주소변동사항 및 상세내역 포함",,,,,,,,,
27,,중학교 학교생활기록부,"•교육기관(초·중·고교), 공공기관, 무인민원발급기, 인터넷 발급",,,,,,,,,
27,,농어촌학생 지원자격 확인서,"•본교 양식(읍·면 지역을 확인할 수 있도록 지번주소로 작성)
   ※  본교 입학처 홈페이지에 게시된 양식을 다운로드 받아 작성한 후,  
고등학교장 직인 날인한 서류를 스캔하여 PDF 업로드",,,,,,,,,
27,"[지원자격 2]
초·중·고등학교 
전 교육과정 이수자",주민등록표초본,"•지원자 기준
   ※ 주소변동사항 및 상세내역 포함",,,,,,,,,
27,,초·중학교 학교생활기록부,"•교육기관(초·중·고교), 공공기관, 무인민원발급기, 인터넷 발급",,,,,,,,,
27,,농어촌학생 지원자격 확인서,"•본교 양식(읍·면 지역을 확인할 수 있도록 지번주소로 작성)
   ※  본교 입학처 홈페이지에 게시된 양식을 다운로드 받아 작성한 후,  
고등학교장 직인 날인한 서류를 스캔하여 PDF 업로드",,,,,,,,,
28,구분,"제출서류
비고",,,,,,,,,,
28,부모 이혼,부모 혼인관계증명서,"• 읍·면·동 행정복지센터 또는  
대한민국법원 전자가족관계등록시스템  
(http://efamily.scourt.go.kr)에서 발급 가능",,,,,,,,,
28,,기본증명서(지원자 기준),,,,,,,,,,
28,부(모) 또는 부모 사망,"사망한 부(모)의 기본증명서
※ 2008년 이전 사망 시, 제적등본으로 대체",,,,,,,,,,
28,"수능(농어촌학생) 최종등록자는 고등학교 졸업 시까지 농어촌 지역에 거주해야 하며, 이를 입증하기 위한 서류를 추가 제출해야 함. 
미제출 시 입학 이후라도 입학이 취소될 수 있음
• 대상:  2026년 2월 졸업예정자 
(2025년 기준 고등학교 3학년 / 2025년 12월 및 2026년 1월 졸업예정자 포함)
• 제출기한: 2026. 2. 20.(금)까지(마감일 우편소인 인정)
• 제출서류
구분
[지원자격 1]
중·고등학교 
전 교육과정 이수자
[지원자격 2]
초·중·고등학교 
전 교육과정 이수자
• 제출방법: 입학처로 등기우편 제출(방문 제출 불가)","제출서류
1. 고등학교 졸업증명서
2. 부, 모, 지원자 기준 주민등록표초본 각 1부씩, 총 3부
   ※ 고등학교 졸업일 이후 발급분(주소변동사항 포함한 상세 내역)
1. 고등학교 졸업증명서
2. 지원자 기준 주민등록표초본
   ※ 고등학교 졸업일 이후 발급분(주소변동사항 포함한 상세 내역)",,,,,,,,,,
28,,,,,,,,,,,,
28,,,,,,,,,,,,
28,,,,,,,,,,,,
28,,,,,,,,,,,,
29,대학,"모집단위
계열",,기준학과,,,,,,,,
29,건축대학,건축학부,자연,"토목과, 건축시공과, 조경과, 디자인과, 문화콘텐츠과, 농업토목과, 산업설비과, 
산업안전과",,,,,,,,
29,공과대학,사회환경공학부,자연,"토목과, 건축시공과, 조경과, 디자인과, 문화콘텐츠과, 농업토목과, 환경보건과, 
산업안전과, 산림자원과, 농업기계과",,,,,,,,
29,,기계·로봇·자동차공학부,자연,"기계과, 냉동공조과, 자동차과, 조선과, 항공과, 금속재료과, 세라믹과, 산업설비과, 
전기과, 전자과, 농업기계과, 항해과, 기관과, 정보컴퓨터과, 산업안전과",,,,,,,,
29,,전기전자공학부,자연,"전기과, 전자과, 기계과, 냉동공조과, 자동차과, 조선과, 항공과, 디자인과, 
문화콘텐츠과, 방송·통신과, 정보컴퓨터과, 산업안전과",,,,,,,,
29,,화공·생명·에너지공학부,자연,"화학공업과, 금속재료과, 세라믹과, 산업설비과, 식품가공과, 환경보건과, 
산업안전과, 섬유과",,,,,,,,
29,,컴퓨터공학부,자연,"디자인과, 문화콘텐츠과, 기계과, 방송·통신과, 정보컴퓨터과, 항해과, 전자과, 
산업안전과",,,,,,,,
29,,재료공학과,자연,"화학공업과, 금속재료과, 세라믹과, 산업설비과, 식품가공과, 환경보건과, 
산업안전과, 섬유과",,,,,,,,
29,,항공우주·모빌리티공학과,자연,"기계과, 냉동공조과, 자동차과, 조선과, 항공과, 금속재료과, 세라믹과, 산업설비과, 
전기과, 전자과, 농업기계과, 항해과, 기관과, 정보컴퓨터과, 산업안전과",,,,,,,,
29,,생물공학과,자연,"식품가공과, 환경보건과, 산업안전과, 해양생산과, 수산양식과",,,,,,,,
30,대학,"모집단위
계열
기준학과",,,,,,,,,,
30,사회과학대학,정치외교학과,인문,"경영·사무과, 재무·회계과, 유통과, 금융과, 판매과, 정보컴퓨터과",,,,,,,,
30,,경제학과,인문,"경영·사무과, 재무·회계과, 유통과, 금융과, 판매과, 정보컴퓨터과, 보육과, 
사회복지과, 보건간호과",,,,,,,,
30,,행정학과,인문,"경영·사무과, 재무·회계과, 유통과, 금융과, 판매과, 정보컴퓨터과, 보육과, 
사회복지과, 보건간호과",,,,,,,,
30,,국제무역학과,인문,"경영·사무과, 재무·회계과, 유통과, 금융과, 판매과, 정보컴퓨터과",,,,,,,,
30,,응용통계학과,인문,"경영·사무과, 재무·회계과, 유통과, 금융과, 판매과, 정보컴퓨터과",,,,,,,,
30,경영대학,경영학과,인문,"경영·사무과, 재무·회계과, 유통과, 금융과, 판매과, 정보컴퓨터과, 문화콘텐츠과",,,,,,,,
30,,기술경영학과,인문,"경영·사무과, 재무·회계과, 유통과, 금융과, 판매과, 정보컴퓨터과, 해양레저과, 
항해과, 기관과",,,,,,,,
30,부동산과학원,부동산학과,인문,"경영·사무과, 재무·회계과, 유통과, 금융과, 판매과, 정보컴퓨터과",,,,,,,,
30,생명과학대학,동물자원·식품과학·유통학부,자연,"농업과, 원예과, 농업기계과, 농업토목과, 동물자원과, 식품가공과, 유통과, 
화학공업과, 해양생산과, 수산양식과",,,,,,,,
30,,환경보건·산림조경학부,자연,"환경보건과, 산업안전과, 농업과, 원예과, 산림자원과, 농업기계과, 농업토목과, 
식품가공과, 조경과",,,,,,,,
30,,식량자원과학과,자연,"농업과, 원예과, 농업기계과, 농업토목과, 식품가공과, 유통과, 화학공업과, 
해양생산과, 수산양식과",,,,,,,,
31,대상,,제출서류,,,,,,,,,
31,학교생활기록부,"온라인 제공 
동의자","• 서류제출(PDF 업로드) 불필요
  ※  대상: 2022년 2월 ~ 2026년 2월 졸업(예정)자
  ※  2005년 2월 ~ 2021년 2월 졸업자 중 희망자의 경우 온라인 생성  
신청 시스템(apply.neis.go.kr)을 통해 대입전형자료 온라인 신청 가능",,,,,,,,,
31,,"온라인 제공 
미동의자 및 불가자","• 대입전형용 학교생활기록부 1부
• 교육기관(초·중·고교), 공공기관, 무인민원발급기, 인터넷 발급
• 원서접수 사이트에서 서류제출(PDF 업로드)",,,,,,,,,
31,대상,"제출서류
제출방법",,,,,,,,,,
31,"모집단위별 기준학과와 
일치하지 않는 지원자",기준학과 인정 확인서,"※  본교 양식을 입학처 홈페이지에서 다운로드하여 작성한 후,  
출신 고등학교장 직인 날인 후 PDF 업로드",,,,,,,,,
31,"졸업 당시 기준학과가 
설정되어 있지 않았던 지원자",,,,,,,,,,,
32,구분,,제출서류,,,,,,,,,
32,"국내 정규 고등학교 
졸업(예정)자","학생부 온라인 제공 
동의자","•서류제출(PDF 업로드) 불필요
   ※ 대상: 2022년 2월 ~ 2026년 2월 졸업(예정)자
   ※  2005년 2월 ~ 2021년 2월 졸업자 중 희망자의 경우 온라인 생성  
신청 시스템(apply.neis.go.kr)을 통해 대입전형자료 온라인 신청 가능",,,,,,,,,
32,,"학생부 온라인 제공 
미동의자 및 불가자","•대입전형용 학교생활기록부 1부
•교육기관(초·중·고교), 공공기관, 무인민원발급기, 인터넷 발급
•원서접수 사이트에서 서류제출(PDF 업로드)",,,,,,,,,
32,"고등학교 졸업학력 
검정고시 출신자","검정고시 자료 온라인 제공 
동의자","•서류제출(PDF 업로드) 불필요
   ※ 대상: 2017년 1회차 ~ 2025년 2회차 시험 합격자
   ※  해당 시·도교육청 나이스 검정고시 홈페이지(https://kged.go.kr/)에 접속하여 
대입전형자료 제공 신청",,,,,,,,,
32,,"검정고시 자료 온라인 제공 
미동의 및 불가자","•고등학교 졸업학력 검정고시 합격증명서(대입전형용) 1부
•원서접수 사이트에서 서류제출(PDF 업로드)",,,,,,,,,
32,,국내 고교 이수학기가 있는 자*,"•국내 고교 학교생활기록부
•원서접수 사이트에서 서류제출(PDF 업로드)",,,,,,,,,
32,"국외 고등학교 
출신자",지원자 전체,"•국외 고등학교 졸업(예정)증명서 1부
•국외 고등학교 성적증명서 1부
   ※ 국외 고교 출신자 제출서류 안내(p.33) 필독
•원서접수 사이트에서 서류제출(PDF 업로드)",,,,,,,,,
32,,국내 고교 이수학기가 있는 자*,"•국내 고교 학교생활기록부
•원서접수 사이트에서 서류제출(PDF 업로드)",,,,,,,,,
32,전형명,대상,제출서류,제출방식,제출기한,,,,,,,
32,수능(농어촌학생),지원자 전체,"농어촌학생 
지원자격 확인서","본교 양식을 입학처 
홈페이지에서 내려받아 
작성 후, 원서접수 
사이트에서 서류제출
(PDF 업로드)","2025. 12. 29.(월) 10:00 ~ 
2026. 1. 2.(금) 17:00",,,,,,,
32,수능(특성화고교졸업자),"지원 모집단위의 
기준학과 미충족자","기준학과 
인정 확인서",,,,,,,,,
32,,"졸업 당시 기준학과가 
설정되어 있지 않았던 지원자",,,,,,,,,,
33,전형,대상,제출서류,기한,,,,,,,,
33,정시 전체 전형,"• 최종등록자 중 원서접수 시  
서류를 PDF로 업로드하여 제출한 자",• PDF로 업로드한 서류 전체,"• 2026. 2. 20.(금)까지
• 마감일 우편소인 인정",,,,,,,,
33,수능(농어촌학생),"• 최종등록자 중 2026년 2월 졸업예정자 
(2025년 기준 고등학교 3학년)","•[지원자격1]
    - 고등학교 졸업증명서
    -  주민등록표초본 
(지원자, 부, 모 기준 각 1부)
       ※  위 서류 모두 졸업일 이후  
발급분으로 제출
•[지원자격2]
    - 고등학교 졸업증명서
    - 주민등록표초본(지원자 기준 1부)
       ※  위 서류 모두 졸업일 이후  
발급분으로 제출",,,,,,,,,
34,구분,국어,수학,"사/과탐
영어
(2과목 반영)",,한국사,,,,,,
34,언어중심(A),40%,30%,20%,10%,감점,,,,,,
34,수리중심(B),30%,40%,20%,10%,감점,,,,,,
34,예체능,45%,(30%),(30%),25%,감점,,,,,,
34,KU자유전공학부,A와 B 모두 적용하여 높은 점수를 반영,,,,감점,,,,,,
34,구분,단과대학,모집단위,영역별 수능성적 반영비율(%),,,,,,,,
34,"언어
중심
(A)",문과대학,"국어국문학과, 영어영문학과, 중어중문학과, 철학과, 사학과, 지리학과, 
미디어커뮤니케이션학과, 문화콘텐츠학과, 문과대학자유전공학부*","국어(40), 수학(30), 영어(10), 
사/과탐(20), 한국사(감점)",,,,,,,,
34,,예술디자인대학,"의상디자인학과–인문계, 매체연기학과*",,,,,,,,,
34,,사범대학,"일어교육과, 교육공학과, 영어교육과",,,,,,,,,
34,"수리
중심
(B)",이과대학,"수학과, 물리학과, 화학과, 이과대학자유전공학부*","국어(30), 수학(40), 영어(10), 
사/과탐(20), 한국사(감점)",,,,,,,,
34,,건축대학,건축학부,,,,,,,,,
34,,공과대학,"사회환경공학부, 기계·로봇·자동차공학부, 전기전자공학부, 
화공·생명·에너지공학부, 컴퓨터공학부, 재료공학과, 
항공우주·모빌리티공학과, 생물공학과, 산업공학과, 공과대학자유전공학부",,,,,,,,,
34,,사회과학대학,"정치외교학과, 경제학과, 행정학과, 국제무역학과, 응용통계학과, 
사회과학대학융합전공학부",,,,,,,,,
34,,경영대학,"경영학과, 기술경영학과",,,,,,,,,
34,,부동산과학원,부동산학과,,,,,,,,,
34,,융합과학기술원,"첨단바이오공학부, 시스템생명공학과, 융합생명공학과, 
융합과학기술원자유전공학부*",,,,,,,,,
35,구분,단과대학,모집단위,영역별 수능성적 반영비율(%),,,,,,,,
35,"수리
중심
(B)",생명과학대학,"동물자원·식품과학·유통학부, 환경보건·산림조경학부, 생명과학특성학과, 
식량자원과학과, 생명과학대학자유전공학부*","국어(30), 수학(40), 영어(10), 
사/과탐(20), 한국사(감점)",,,,,,,,
35,,수의과대학,수의예과,,,,,,,,,
35,,사범대학,수학교육과,,,,,,,,,
35,예체능,예술디자인대학,"커뮤니케이션디자인학과, 산업디자인학과, 의상디자인학과–예체능계, 
리빙디자인학과, 현대미술학과, 영상학과","국어(45), 수학(30), 영어(25), 
사/과탐(30), 한국사(감점)
※  단, 수학과 사/과탐 영역 중 
반영점수가 높은 영역 반영",,,,,,,,
35,,사범대학,"체육교육과, 음악교육과",,,,,,,,,
35,무전공,상허교양대학,KU자유전공학부,"언어중심(A)과 수리중심(B)의 
반영방법을 모두 적용하여 
높은 점수를 반영",,,,,,,,
36,「학교폭력예방 및 대책에 관한 법률」 제17조제1항,감점 비율,,,,,,,,,,
36,제1호 (피해학생에 대한 서면사과),감점 없음,,,,,,,,,,
36,"제2호 (피해학생 신고·고발 학생에 대한 접촉, 협박 및 보복행위의 금지)",20점(2%),,,,,,,,,,
36,제3호 (학교에서의 봉사),30점(3%),,,,,,,,,,
36,제4호 (사회봉사),200점(20%),,,,,,,,,,
36,제5호 (학내외 전문가에 의한 특별교육 이수 또는 심리치료),300점(30%),,,,,,,,,,
36,제6호 (출석정지),500점(50%),,,,,,,,,,
36,제7호 (학급교체),,,,,,,,,,,
36,제8호 (전학),,,,,,,,,,,
36,제9호 (퇴학처분),,,,,,,,,,,
39,전형,전형료,,,,,,,,,,
39,수능(KU일반학생) 인문계/자연계/KU자유전공학부/매체연기학과,"35,000원",,,,,,,,,,
39,수능(KU일반학생) 예체능계,"95,000원",,,,,,,,,,
39,수능(기초생활및차상위),면제,,,,,,,,,,
39,수능(농어촌학생),"35,000원",,,,,,,,,,
39,수능(특성화고교졸업자),"35,000원",,,,,,,,,,
39,반환 사유,반환액,,,,,,,,,,
39,응시자의 착오로 과납한 경우,과납액 전액,,,,,,,,,,
39,본교의 귀책 사유,전형료 전액,,,,,,,,,,
39,천재지변으로 인하여 입학전형에 응시하지 못한 경우,"전형료 전액
※ 단, 해당 사항을 증명할 수 있는 경우만 해당",,,,,,,,,,
39,질병 또는 사고 등으로 의료기관에 입원하여 입학전형에 응시하지 못한 경우,,,,,,,,,,,
39,본인의 사망으로 입학전형에 응시하지 못한 경우,,,,,,,,,,,
40,원서접수 마감 이전,전형료에서 원서접수 수수료를 제외한 금액,,,,,,,,,,
40,원서접수 마감 후 일주일 이내,전형료에서 원서접수 수수료를 제외한 금액의 50%,,,,,,,,,,
40,원서접수 마감 일주일 경과 후 ~ 전형 1일 이전,전형료에서 원서접수 수수료를 제외한 금액의 25%,,,,,,,,,,
40,전형별 고사일 이후,없음,,,,,,,,,,
40,전형(계열),,우선순위,,,,,,,,,
40,"수능(KU일반학생)(인문/자연/KU자유전공학부/매체연기학과), 
수능(농어촌학생), 수능(기초생활및차상위), 수능(특성화고교졸업자)",,"① 대학수학능력시험의 국어영역 성적*이 높은 자
② 대학수학능력시험의 수학영역 성적*이 높은 자
③ 대학수학능력시험의 영어영역 등급이 높은 자",,,,,,,,,
40,수능(KU일반학생)(예체능),"예술디자인대학
(매체연기학과 제외)","① 실기평가 성적이 높은 자
② 대학수학능력시험의 총점이 높은 자
③ 대학수학능력시험의 국어영역 성적*이 높은 자",,,,,,,,,
40,,사범대학,"① 대학수학능력시험의 총점이 높은 자
② 대학수학능력시험의 국어영역 성적*이 높은 자
③ 실기평가 성적이 높은 자",,,,,,,,,
41,장학명,구분,내용,,,,,,,,,
41,상허 1급,대상,장학기준점수 전체 계열 최고득점자,,,,,,,,,
41,,장학혜택,"① 4년간 수업료 전액(수의예과는 6년간)
② 4년간 학업장려비 2,400만원(수의예과는 6년간 3,600만원) <연 600만원>
③ 4년간 기숙사 제공(수의예과는 6년간)
④ 교환학생장학금 500만원
⑤ 본교 일반대학원 석사 및 박사과정 등록금 전액",,,,,,,,,
41,상허 2급,대상,"계열별(자연/공학, 인문/사회, 예체능) 장학기준점수 최고득점자",,,,,,,,,
41,,장학혜택,"① 4년간 수업료 전액(수의예과는 6년간) 
② 4년간 학업장려비 960만원(수의예과는 6년간 1,440만원) <연 240만원>
③ 본교 일반대학원 석사 및 박사과정 등록금 전액",,,,,,,,,
41,상허 3급,대상,"계열별(자연/공학, 인문/사회, 예체능) 장학기준점수 차득점자",,,,,,,,,
41,,장학혜택,4년간 수업료의 75%(수의예과는 6년간),,,,,,,,,
41,상허 4급,대상,단과대학별 장학기준점수 최고득점자,,,,,,,,,
41,,장학혜택,4년간 수업료의 50%(수의예과는 6년간),,,,,,,,,
41,상허 5급,대상,단과대학별 장학기준점수 차득점자,,,,,,,,,
41,,장학혜택,2년간 수업료의 50%(수의예과는 3년간),,,,,,,,,
41,"예술디자인
우수장학",대상,"예술디자인대학 실기대회 디자인 및 미술 분야 총장상 및 금상 수상자 중 시상년도 포함 
4년 이내 입학자",,,,,,,,,
41,,장학혜택,"분야
총장상
금상
수업료 2년간 전액 
수업료 1년간 전액
디자인
수업료 1년간 전액
수업료 1학기 전액
미술",,,,,,,,,
41,장학명,구분,내용,,,,,,,,,
41,건국가족장학,대상,"①  같은 학기에 본교 학부, 대학원에 가족 재학 
(형제 중 1인 이상, 부모 중 1인 이상, 배우자)
②  본교 학부 졸업생 가족(신청자 본인은 학부 재학생에 한함) 
(부모 모두, 부모 중 1인과 형제자매 중 1인, 조부모와 부모 각1인)",,,,,,,,,
41,,장학혜택,1인당 50만원,,,,,,,,,
41,목련장학,대상,"건국대학교 사범대학 부속중학교, 부속고등학교를 모두 졸업한 자
(직전학기 12학점 이수, 평점 2.0 이상 충족 시 계속 장학생 유지)",,,,,,,,,
41,,장학혜택,4년간 수업료 50%,,,,,,,,,
42,구분,내용,,,,,,,,,,
42,신청자격,•3~8학기 등록(진급) 예정자(편입생 포함),,,,,,,,,,
42,신청시기,"•1월, 7월(신청 및 포기기간이 동일)",,,,,,,,,,
42,신청방법,•포탈[학사행정 → 학적 → 제2전공신청/포기 → 다(부)전공신청],,,,,,,,,,
42,선발인원,•학과(전공)의 수용능력을 감안하여 학과(전공)별로 결정,,,,,,,,,,
42,전공학점 이수,다전공,원전공 이수학점,다전공 이수학점,,,,,,,,
42,,,36학점 이상,36학점 이상,,,,,,,,
42,,부전공,원전공 이수학점,부전공 이수학점,,,,,,,,
42,,,51 또는 54학점 이상,21 또는 24학점 이상,,,,,,,,
42,신청제한,"• 일반학과 학생은 예체능계학과(단, 의상디자인학과로는 신청 가능), 수의과대학, 산업경영융합학부,  
국제대학, KU자유전공학부, 단과대학 자유전공학부로 신청 불가
•사범대 학과 다(부)전공은 원전공의 교직과정 이수예정자로 선발된 자만 신청 가능",,,,,,,,,,
42,학위수여,"•다전공: 제1전공과 제2(3)전공 학위명이 함께 표기된 학위증 수여
•부전공: 부전공 학과명이 표기된 원전공 학위증 수여(부전공은 학위가 수여되지 않음)",,,,,,,,,,
42,전공이수 형태,내용,졸업에 필요한 최저 이수학점,,,,,,,,,
42,,,제1전공,제2전공,,,,,,,,
42,다전공,•재학 중 제1전공 외 1개 이상의 전공 학위 취득을 목적으로 이수하는 형태,36,36,,,,,,,,
42,주·부전공,•재학 중 제1전공 외 1개 이상 부전공 의무 이수,51 또는 54,21 또는 24,,,,,,,,
42,심화전공,•제1전공을 심화하여 이수하는 형태,72,–,,,,,,,,
43,구분,내용,,,,,,,,,,
43,신청대상,•2학년 1~2학기 등록 재학생(교직과정이 설치되어 있는 학과에 한함),,,,,,,,,,
43,신청방법,"• 매년 봄학기(5월, 9월) 정해진 신청기간에 포탈(학사행정→교직)에서 신청 및 신청서 학과(전공)사무실 제출 
(5월 선발 후 잔여인원을 9월에 선발함)",,,,,,,,,,
43,선발방법,"• 교육부에서 승인된 인원수 내에서 1차 전형인 교직 적·인성검사와 2차 전형인 성적 + 면접 전형을  
실시 후(해당 학과), 교직과에서 3차 최종 면접을 실시하여 선발",,,,,,,,,,
43,이수학점,"• 전공과목 50학점(교과교육영역 3과목 및 기본이수과목 21학점 포함) 이상, 교직과목 22학점 이상 취득 
(상세 내용은 선발 후 공지)",,,,,,,,,,
43,모집단위,표시과목,,,,,,,,,,
43,행정학과,일반사회,,,,,,,,,,
43,국제무역학과,상업,,,,,,,,,,
43,경영학과,상업,,,,,,,,,,
43,생명과학특성학과,생물,,,,,,,,,,
43,"동물자원·식품과학·유통학부
동물자원전공",동물자원,,,,,,,,,,
43,커뮤니케이션디자인학과,디자인,,,,,,,,,,
43,의상디자인학과,의상,,,,,,,,,,
43,리빙디자인학과,디자인,,,,,,,,,,
43,영상학과,연극영화,,,,,,,,,,
43,매체연기학과,연극영화,,,,,,,,,,
43,국어국문학과,국어,,,,,,,,,,
43,중어중문학과,중국어,,,,,,,,,,
43,철학과,철학,,,,,,,,,,
43,사학과,역사,,,,,,,,,,
43,지리학과,지리,,,,,,,,,,
43,물리학과,물리,,,,,,,,,,
43,화학과,화학,,,,,,,,,,
43,건축학부 건축학전공,건설,,,,,,,,,,
43,컴퓨터공학부,정보·컴퓨터,,,,,,,,,,
43,정치외교학과,일반사회,,,,,,,,,,
43,경제학과,일반사회,,,,,,,,,,
44,구분,,1학년,2학년,3학년,4학년,,,,,,
44,,,자기이해와 진로탐색,진로설정과 직업탐색,취업전략과 직무역량개발,실전 취업역량개발,,,,,,
44,교과,,CSP진로탐색,진로설계와 직업탐색,"기업직무분석 및 역량개발 
커리어설계 실습과 코칭","실전 취업 특강 
외국계 기업 취업실전전략
면접과 PT 스피치 실습",,,,,,
44,비 교 과,기초,KU Career Class,,"Junior Elite Program
자소서 하루 완성 프로그램
면접 미리패스",,,,,,,
44,,심화,"KU Career Coaching
KU 진로탐험대
직무의 발견",,"Elite Program
릴레이 직무 컨설팅 프로그램
취업 스터디
상·하반기 채용 대비 입사지원서/면접 프로그램
면접 하이패스
대기업 및 공기업 직무적성검사 대비 프로그램
현장실습 지원 대비 프로그램
제로인턴십 일경험 연계 프로그램
이공계 5대 산업 취업합격전략 특강
KU Global Career Start Program",,,,,,,
44,,,"기업 탐방, 현직자 동문선배 멘토링 프로그램 ‘멘토래담’",,,,,,,,,
44,,상시,"진로·취업 1:1 상담, 채용설명회 & 상담회, 추천채용, 멘토래담 서비스, 코멘토, 잡플래닛, AI역량검사(잡다CC)",,,,,,,,,
44,구분,,창업기초,"아이디어구현
창업실무",,창업체험 및 사업화,,,,,,
44,교과,,"Startup Base Camp,
청년창업과 기업가정신","창업의 기회,
비즈니스 모델","기술창업: 지식서비스
창업 금융과 투자","창업기획 및 실행,
기술사업화 실무",,,,,,
44,학사제도,,창업장학금,스타트업 인턴십,창업휴학제,드림학기제: 창업연계형,,,,,,
44,비 교 과,교육,스타트업 내비게이션,스타트업 아카데미,스타트업 스테이션,스타트업 데스티네이션,,,,,,
44,,,KU 창업캠프,학생창업 엑셀러레이터 활동,KU 창업클럽,"KU 글로벌 스타트업 
프런티어",,,,,,
44,,실전,"네트워킹 
퍼스트 스타트업 
네트워킹 데이",학생 창업 유망팀300+,"사업화 자금 
예비창업패키지, 
청년창업사관학교","캠퍼스타운 입주, 
글로벌 창업 박람회
(CES) 참가지원",,,,,,
44,상시,,"1:1 원스톱 창업 멘토링 서비스 (위인전에서 신청, 창업상담전문교수)",,,,,,,,,
45,구분,상담 설명,진행방식,,,,,,,,,
45,진로상담,"•강점 분석, 진로 로드맵 설정 및 진로 상담
•다전공 및 전과 상담","•대면 상담: 학생회관 2층 203호
•비대면 상담: Zoom/전화
※ 희망하는 방법으로 1:1 상담 가능",,,,,,,,,
45,취업상담,"•취업 관련 종합 상담 제공
•직업심리검사 진행 및 상담",,,,,,,,,,
45,"자기소개서
컨설팅","•경험 분석 및 자기소개서 작성 지도
•지원 기업 맞춤 자기소개서 첨삭 지도",,,,,,,,,,
45,면접 컨설팅,"•인성 검사 및 AI 역량 검사 지도 
•직무 면접, 인성 면접, 화상 면접, PT 면접, AI 면접 지도
•면접 스크립트 작성 및 모의 면접 지도",,,,,,,,,,
45,이직상담,"•커리어 로드맵 설정 및 취업 상담
•자기소개서 및 면접 컨설팅 진행",,,,,,,,,,
46,구분,실습시기,학점 인정 학기,,,,,,,,,
46,학기 중,"1학기(3~6월)
2학기(9~12월)",해당 정규학기,,,,,,,,,
46,방학 중,"하계방학(7~8월)
동계방학(1~2월)",해당 계절학기,,,,,,,,,
48,구분,보증금,기숙사비(2인실),,,,,,,,,
48,,,"비전홀, 프론티어홀, 드림홀",레이크홀,비고,,,,,,,
48,학기 중,"100,000","1,603,000","1,822,000","※  매 학기 학사일정에 따른  
입주일 변동으로 차이가 있을 수 있음",,,,,,,
48,6개월,"100,000","2,411,000","2,741,000",,,,,,,,
