2,,,,,,,,,,,,,,,,,,
2,,,,,,,,,,,,,,,,,,
2,,,,,,,,,,,,,,,,,,
2,,,,,,,,,,,,,,,,,,
3,,,,,,,,,,,,,,,,,,
3,,,,,,,,,,,,,,,,,,
3,,,,,,,,,,,,,,,,,,
3,,,,,,,,,,,,,,,,,,
3,,,,,,,,,,,,,,,,,,
4,SUNDAY,MONDAY,"TUESDAY 
WEDNESDAY
THURSDAY
FRIDAY
SATURDAY",,,,,,,,,,,,,,,
4,,1,"2
3
4
5
6",,,,,,,,,,,,,,,
4,7,8,"수시
9
10
11
13
12
모집 
수시모집 원서접수 : 9. 9.(화) 10:00 ~ 9. 12.(금) 17:00 
서류제출 및 실기/실적(KU연기우수자) 1단계 영상 업로드 : 9. 9.(화) 10:00 ~ 9. 16.(화) 17:00",,,,,,,,,,,,,,,
4,"14
15",,"16
17
18
19
학생부교과(KU지역균형) 학교장 추천 명단 입력 : 9. 15.(월) 9:00 ~ 9. 19.(금) 18:00",,20,,,,,,,,,,,,,
4,21,22,23,"26
24
25",27,,,,,,,,,,,,,
4,28,29,30,,,,,,,,,,,,,,,
4,SUNDAY,MONDAY,TUESDAY,WEDNESDAY,THURSDAY,FRIDAY,SATURDAY,,,,,,,,,,,
4,,,,1,2,3,4,,,,,,,,,,,
4,5,6,7,8,9,10,11,,,,,,,,,,,
4,12,13,14,15,"16
1단계 
합격자 발표
실기/실적 전체",17,18,,,,,,,,,,,
4,19,20,21,22,23,24,"25
실기고사
실기/실적
(KU체육특기자)",,,,,,,,,,,
4,26,27,28,"29
30
31
실기고사: 실기/실적(KU연기우수자)
10. 29.(수) ~ 10. 31.(금)",,,,,,,,,,,,,,
5,SUNDAY,MONDAY,TUESDAY,WEDNESDAY,THURSDAY,FRIDAY,SATURDAY,,,,,,,,,,,
5,,,,,,,1,,,,,,,,,,,
5,2,3,4,5,6,7,"8
면접
실기/실적
(KU체육특기자)",,,,,,,,,,,
5,9,10,11,12,13,"14
1단계 합격자 발표
학생부종합(KU자기추천, 
특수교육대상자)","15
논술고사
논술(KU논술우수자)",,,,,,,,,,,
5,,,,,,2단계 전형료 납부,,,,,,,,,,,,
5,"16
17
2단계 전형료 납부
학생부종합(KU자기추천, 특수교육대상자)
11. 14.(금) ~ 11. 17.(월) 14:00",,18,19,20,21,22,,,,,,,,,,,
5,23,24,25,26,27,"28
최초합격자 발표
실기/실적
(KU체육특기자)","29
면접
학생부종합
(KU자기추천, 
특수교육대상자)",,,,,,,,,,,
5,"30
면접
학생부종합(KU자기추천)",,,,,,,,,,,,,,,,,
5,SUNDAY,MONDAY,TUESDAY,WEDNESDAY,THURSDAY,FRIDAY,SATURDAY,,,,,,,,,,,
5,,1,2,3,4,5,6,,,,,,,,,,,
5,7,8,9,10,11,"12
최초합격자 발표
수시모집 전체(실기/
실적(KU체육특기자) 제외)",13,,,,,,,,,,,
5,14,"15
16
17
수시모집 온라인 문서등록
12. 15.(월) 10:00 ~ 12. 17.(수) 14:00",,,"20
18
19
추가합격자 발표 : 수시모집 전체
12. 18.(목) 10:00 ~ 12. 23.(화) 18:00",,,,,,,,,,,,,
5,"21
22
23",,,"24
추가합격자 
등록 마감
수시모집 전체",25,26,27,,,,,,,,,,,
5,"28
29
30",,,31,"수시모집 등록금 납부
2026. 2. 3.(화) ~ 2. 5.(목)",,,,,,,,,,,,,
6,"Ⅰ. 전형 요약 및 주요 변경 사항  
 07
Ⅱ. 모집단위별 모집인원  
 12
Ⅲ. 전형별 모집인원  
 15
Ⅳ. 원서접수 및 전형일정, 합격자 발표 및 등록 안내  
 18
Ⅴ. 세부 전형별 안내  
 22
학생부교과(KU지역균형)•22
학생부종합(KU자기추천)•25
학생부종합(기회균형)•29
학생부종합(특성화고교졸업자)•35
학생부종합(특수교육대상자)•39
논술(KU논술우수자)•43
실기/실적(KU연기우수자)•46
실기/실적(KU체육특기자)•49
[전형기간 자율화 전형] 학생부종합(특성화고졸재직자)•54
Ⅴ–1. 제출서류 안내  
 57
Ⅵ. 학교생활기록부 반영방법  
 59
Ⅶ. 학생부위주전형 안내  
 61
Ⅷ. 지원자 유의사항  
 66
Ⅸ. 전형료  
 68
Ⅹ.  학교생활 안내: 장학, 학사, 진로/취업/창업 프로그램,  
국제교류 프로그램, 기숙사  
 70
[부록] 제출서류 서식  
 78",,,,,,,,,,,,,,,,,
7,전형명,,정원구분,계열,"전형방법
(반영요소 및 반영비율)",모집인원,,,,,,,,,,,,
7,학생부교과,KU지역균형,내,공통,•학생부(교과정량) 70% + 학생부(교과정성) 30%,477,,,,,,,,,,,,
7,학생부종합,KU자기추천,내,공통,"•1단계: 서류 100% (3배수)
•2단계: 1단계 성적 70% + 면접 30%","870
20",,,,,,,,,,,,
7,,특수교육대상자,외,공통,,,,,,,,,,,,,,
7,,기회균형,내,공통,•서류 70% + 학생부(교과정량) 30%,"80
22
130",,,,,,,,,,,,
7,,특성화고교졸업자,외,공통,,,,,,,,,,,,,,
7,,특성화고졸재직자*,외,공통,,,,,,,,,,,,,,
7,논술,KU논술우수자,내,공통,•논술 100% (수능최저학력기준 적용),328,,,,,,,,,,,,
7,실기/실적,KU연기우수자,내,예체능,"•1단계: 실기(비대면) 100% (10배수)
•2단계:  실기(대면) 70% + 학생부(교과정량) 20% +  
학생부(출결정량) 10%",25,,,,,,,,,,,,
7,,KU체육특기자,내,예체능,"•1단계: 경기실적 100% (6배수)
•2단계:  1단계 성적 50% + 면접 또는 실기 30% +  
학생부(교과정량) 15% + 학생부(출결정량) 5%",13,,,,,,,,,,,,
7,총계,,,,,"1,965",,,,,,,,,,,,
8,구분,,"학생부
교과",학생부종합,,,,,논술,실기/실적,,,,,,,,
8,,,"KU
지역
균형","KU
자기
추천","기회
균형","특성화
고교
졸업자","특수
교육
대상자","특성화
고졸
재직자","KU
논술
우수자","KU
연기
우수자","KU
체육
특기자",,,,,,,
8,"국내 
고교",일반고,◯,◯,◯,×,◯,×,◯,◯,◯,,,,,,,
8,,자율고,◯,◯,◯,×,◯,×,◯,◯,◯,,,,,,,
8,,특수목적고,△1),◯,△2),×,◯,△4),◯,◯,◯,,,,,,,
8,,영재학교,×,◯,△3),×,◯,×,◯,X,X,,,,,,,
8,,특성화고,×,◯,△2),◯,◯,◯,◯,◯,◯,,,,,,,
8,"고등학교 졸업과
동등 이상 학력자
(검정고시, 해외고 포함)",,×,◯,△2),×,◯,×,◯,◯,◯,,,,,,,
8,전형명,,평가방법,,,,제출서류,,,,,,,,,,,
8,,,서류,"학생부
(교과정성)","학생부
(교과정량)",면접,입학원서,"학교생활
기록부",기타,,,,,,,,,
8,학생부교과,KU지역균형,×,◯,◯,×,◯,◯,"학교장
추천 명단",,,,,,,,,
8,학생부종합,KU자기추천,◯,×,×,◯,◯,◯,×,,,,,,,,,
8,,기회균형,◯,×,◯,×,◯,◯,"지원자격
서류",,,,,,,,,
8,,특성화고교졸업자,◯,×,◯,×,◯,◯,,,,,,,,,,
8,,특수교육대상자,◯,×,×,◯,◯,◯,,,,,,,,,,
8,,특성화고졸재직자,◯,×,◯,×,◯,◯,,,,,,,,,,
9,전형명,,,단계별 전형,,,,일괄합산 전형,,,,,,,,,,
9,,,,학생부종합,,실기/실적,,"학생부
교과",학생부종합,논술,,,,,,,,
9,,,,"KU
자기추천","특수교육
대상자","KU
연기
우수자","KU
체육
특기자","KU
지역균형","특성화
특성화
기회균형
고교
고졸
졸업자
재직자","KU
논술
우수자",,,,,,,,
9,1 단 계,학생부,교과정량,–,–,–,–,70%,30%,–,,,,,,,,
9,,,교과정성*,–,–,–,–,30%,–,–,,,,,,,,
9,,서류,"학생부
(교과·비교과 
정성)","100%
(3배수)","100%
(3배수)",–,–,–,70%,–,,,,,,,,
9,,논술,,–,–,–,–,–,–,"100%
(수능최저)",,,,,,,,
9,,경기실적,,–,–,–,"100%
(6배수)",–,–,–,,,,,,,,
9,,실기,,–,–,"100%
(10배수)",–,–,–,–,,,,,,,,
9,2 단 계,1단계 성적,,70%,70%,–,50%,,,,,,,,,,,
9,,면접,,30%,30%,–,"30%
(육상·테니스)",,,,,,,,,,,
9,,실기,,–,–,70%,"30%
(야구)",,,,,,,,,,,
9,,"교과정량
학생부
출결정량",,–,–,20%,15%,,,,,,,,,,,
9,,,,–,–,10%,5%,,,,,,,,,,,
9,구조개편 전,,,구조개편 후,,,,,,,,,,,,,,
9,"정원
단과대학
모집단위
(정원 내)",,,"단과대학
모집단위",,"정원
(정원 내)",,,,,,,,,,,,
9,건축대학,"건축학전공
건축학부
건축공학전공",76,건축대학,"건축학전공(5년제)
건축학부
건축공학전공",76,,,,,,,,,,,,
9,,,,,,,,,,,,,,,,,,
9,공과대학,화공학부,62,공과대학,화공·생명·에너지공학부,62,,,,,,,,,,,,
9,,신산업융합학과,1,,산업경영융합학부*,"0
(정원 외 
인원으로 선발)",,,,,,,,,,,,
9,,K뷰티산업융합학과,1,,,,,,,,,,,,,,,
9,사회과학대학,"사회과학대학
융합전공학부",74,사회과학대학,"사회과학대학
융합전공학부",76,,,,,,,,,,,,
10,구분,2025학년도,2026학년도,,,,,,,,,,,,,,,
10,지원자격,"• 국내 고등학교에서 5학기 이상의 교육과정을 이수한  
졸업(예정)자로서, 고등학교장의 추천을 받은 자
※  지원 불가 
– 특성화고, 산업수요맞춤형고, 전문계과정(일반고,  
종합고), 영재학교, 예술고, 체육고, 학력인정  
평생교육시설, 비인가 대안학교, 방송통신고,  
고등기술학교, 각종학교 
    – 학생부 교과목별 석차등급을 산출할 수 없는 자","• 국내 고등학교에서 5학기 이상의 교육과정을 이수한 
졸업(예정)자로서, 고등학교장의 추천을 받은 자 
– 3학년 1학기까지 국내 고등학교에서 5학기 이상의  
성적을 취득한 자(추가)
※  지원 불가 
–특성화고, 산업수요맞춤형고, 전문계과정(일반고,  
종합고), 영재학교, 예술고, 체육고, 학력인정  
평생교육시설, 비인가 대안학교, 방송통신고,  
고등기술학교, 각종학교 
    – 학생부 교과목별 석차등급을 산출할 수 없는 자",,,,,,,,,,,,,,,
10,구분,2025학년도,,,,,2026학년도,,,,,,,,,,,
10,유형,인문사회Ⅰ,인문사회Ⅱ,KU자유전공학부,,자연,인문,통합,,자연,,,,,,,,
10,고사시간,100분,100분,100분,,100분,100분,100분,,100분,,,,,,,,
10,문항 수,2문항,4문항,1문항,3문항,4문항,2문항,1문항,3문항,4문항,,,,,,,,
10,출제범위,국어/사회,"국어/
수학/
사회
사회","국어/
통합
사회",수학,수학,국어/사회,"국어/
통합
사회",수학,수학,,,,,,,,
10,,"•  국어, 사회  
교과 분야의  
다양한 지문","• (1번) 
국어, 사회 
교과 분야의 
다양한 지문
• (2번) 
수학, 수학Ⅰ, 
수학Ⅱ, 
확률과 통계","• (1번) 
국어, 통합사회 
교과 분야의 
다양한 지문
• (2번) 
수학, 수학Ⅰ, 
수학Ⅱ",,"•  수학, 수학Ⅰ, 
수학Ⅱ,  
확률과 통계, 
미적분, 기하","•  국어, 사회  
교과 분야의 
다양한 지문","• (1번) 
국어, 통합사회 
교과 분야의 
다양한 지문
• (2번) 
수학, 수학Ⅰ, 
수학Ⅱ",,"•  수학, 수학Ⅰ, 
수학Ⅱ,  
확률과 통계, 
미적분, 기하",,,,,,,,
10,구분,"2025학년도
2026학년도",,,,,,,,,,,,,,,,
10,전형방법,"• [1단계] 학생부(교과정량) 100%(25배수)
• [2단계] 실기 100%","• [1단계] 실기(비대면) 100%(10배수)
• [2단계]  실기(대면) 70% + 학생부(교과정량) 20% + 
학생부(출결정량) 10%",,,,,,,,,,,,,,,
10,실기고사,자유연기(3분 이내),"비대면 
영상 제출(2분 이내)",,,,,,,,,,,,,,,
10,,,"대면 
자유연기(3분 이내)",,,,,,,,,,,,,,,
11,종목,2025학년도,2026학년도,,,,,,,,,,,,,,,
11,공통,"• 국내·외 고등학교 졸업(예정)자 또는 법령에 의하여 이와  
동등 이상의 학력이 있다고 인정된 자로서 다음 종목별 
지원자격 중 하나에 해당하는 자
   –국내 고교 3학기 이상 학생부(교과정량) 석차등급 
산출내역이 있는 자
   –단, 야구와 육상 종목은 고등학교 3학년 재학 중  
경기실적이 있어야 함
   –단체종목 지원자는 입학 후 바로 본교 체육부에 소속되어 
4년간 선수로 참가하는 데 결격사유가 없는 자","• 국내·외 고등학교 졸업(예정)자 또는 법령에 의하여 이와  
동등 이상의 학력이 있다고 인정된 자로서 다음 종목별  
지원자격 중 하나에 해당하는 자
   – 국내 고교 3학기 이상 학생부(교과정량) 성적  
산출내역이 있는 자
   – 고등학교 3학년 재학 중 경기실적이 있는 자
   – 단체종목 지원자는 입학 후 바로 본교 체육부에 소속되어  
4년간 선수로 참가하는 데 결격사유가 없는 자",,,,,,,,,,,,,,,
11,야구,"• 고교 3학년 실적 기준
   –대한야구소프트볼협회에서 인정하는 고교야구 대회*에서 
소속팀 경기 숫자의 30% 이상 출전하고 투수 16이닝 이상,  
타자 25타석 이상 출전한 자(단, 타자는 주 수비 포지션** 
에서 50이닝 이상 출전한 자여야 하며 주 포지션으로  
지원해야 함) 
      *경기실적증명서에 기재된 대회 기준
      ** 주 수비 포지션: 경기실적증명서 기준으로 가장 많은  
이닝을 출전한 포지션","• 고교 3학년 재학 중 다음의 실적을 모두 갖춘 자
   – 대한야구소프트볼협회에서 인정하는 고교야구 대회*에서  
소속팀 경기 숫자의 50% 이상 출전하고 투수 25이닝  
이상, 타자 40타석 이상 출전한 자 
(단, 타자는 주 수비 포지션**에서 70이닝 이상 출전한  
자여야 하며 주 포지션으로 지원해야 함) 
   – 본교에서 인정하는 전국대회***에서 16강 이내의 입상 
실적이 있는 자
      * 대한야구소프트볼협회에서 인정하는 고교야구 대회: 경기
실적증명서에 기재된 대회 기준
      ** 주 수비 포지션: 경기실적증명서 기준으로 가장 많은  
이닝을 출전한 포지션
      *** 본교에서 인정하는 전국대회: 이마트배, 황금사자기,  
청룡기, 대통령배, 봉황대기",,,,,,,,,,,,,,,
11,테니스,"• 고교 재학 중 다음의 실적을 모두 갖춘 자
   – 고교 재학 중 ITF(국제테니스연맹)에서 인정하는 국제대회 
또는 전국규모의 대회에서 4강 이내의 입상실적이 있는 자
   – 고교 재학 중 전국규모의 국내대회(대학, 실업), 국제대회의 
단체전, 개인전에 3년 이내 25개 대회 이상 출전한 자 
(※ 전대회 출전기록(수상성적 내외)을 포함한 경기실적  
증명서 제출)","• 고교 재학 중 다음의 실적을 모두 갖춘 자
   – 고교 재학 중 ITF(국제테니스연맹)에서 인정하는 국제대회 
또는 전국규모의 국내대회 개인전(단식, 복식)에서  
4강 이내의 입상실적이 있는 자
   – 고교 재학 중 ITF(국제테니스연맹)에서 인정하는 국제 
대회 또는 전국규모의 국내대회 개인전(단식, 복식)에서  
3년 이내 15개 대회 이상 출전한 자
  ※  전대회 출전기록 및 수상실적을 포함한 경기실적 증명서  
제출",,,,,,,,,,,,,,,
11,전형방법,"• [1단계] 경기실적 100%(6배수)
• [2단계]  1단계 성적 50% + 면접 30% +  
학생부(교과정량) 15% + 학생부(출결정량) 5%","• [1단계] 경기실적 100%(6배수)
• [2단계]  1단계 성적 50% + 실기 30% +  
학생부(교과정량) 15% + 학생부(출결정량) 5%",,,,,,,,,,,,,,,
11,실기고사,–,"포지션
항목
볼스피드, 제구력, 변화구
투수
포구, 송구, 타격
포수·내야수·외야수",,,,,,,,,,,,,,,
12,단과대학,모집단위,계열,"모집인원
(정원 내)",학과 및 전공,,,,,,,,,,,,,
12,문과대학,국어국문학과,인문,30,국어국문학과,,,,,,,,,,,,,
12,,영어영문학과,인문,45,영어영문학과,,,,,,,,,,,,,
12,,중어중문학과,인문,29,중어중문학과,,,,,,,,,,,,,
12,,철학과,인문,25,철학과,,,,,,,,,,,,,
12,,사학과,인문,25,사학과,,,,,,,,,,,,,
12,,지리학과,인문,25,지리학과,,,,,,,,,,,,,
12,,미디어커뮤니케이션학과,인문,31,미디어커뮤니케이션학과,,,,,,,,,,,,,
12,,문화콘텐츠학과,인문,27,문화콘텐츠학과,,,,,,,,,,,,,
12,,문과대학자유전공학부,인문,49,문과대학자유전공학부,,,,,,,,,,,,,
12,이과대학,수학과,자연,25,수학과,,,,,,,,,,,,,
12,,물리학과,자연,41,물리학과,,,,,,,,,,,,,
12,,화학과,자연,25,화학과,,,,,,,,,,,,,
12,,이과대학자유전공학부,자연,24,이과대학자유전공학부,,,,,,,,,,,,,
12,건축대학,건축학부,자연,76,건축학부,"건축학전공(5년제)
건축공학전공",,,,,,,,,,,,
12,공과대학,사회환경공학부,자연,100,사회환경공학부,"스마트시티전공
지속가능인프라전공
기후·에너지환경전공",,,,,,,,,,,,
12,,기계·로봇·자동차공학부,자연,70,기계·로봇·자동차공학부,"첨단융합기계전공
로봇전공
미래자동차전공",,,,,,,,,,,,
12,,전기전자공학부,자연,120,전기전자공학부,"통신및네트워크전공
디지털신호처리제어전공
RF/집적회로및반도체전공
에너지AI전공
e-모빌리티전공",,,,,,,,,,,,
12,,화공·생명·에너지공학부,자연,62,화공·생명·에너지공학부,"에코화공생명전공
미래에너지전공
첨단화공소재전공",,,,,,,,,,,,
13,단과대학,모집단위,계열,"모집인원
(정원 내)",학과 및 전공,,,,,,,,,,,,,
13,공과대학,컴퓨터공학부,자연,100,컴퓨터공학부,,"인공지능전공
실감미디어전공
스마트ICT융합전공
시스템소프트웨어전공
풀스택개발전공",,,,,,,,,,,
13,,재료공학과,자연,55,"첨단융합
공학부",재료공학과,"반도체·에너지재료전공
친환경·고분자재료전공",,,,,,,,,,,
13,,항공우주·모빌리티공학과,자연,45,,"항공우주· 
모빌리티공학과","항공우주공학전공
스마트운행체공학전공",,,,,,,,,,,
13,,생물공학과,자연,42,,생물공학과,"바이오프로세스전공
바이오머티어리얼스전공
화장품공학전공",,,,,,,,,,,
13,,산업공학과,자연,32,,산업공학과,"스마트팩토리전공
비즈니스애널리틱스전공",,,,,,,,,,,
13,,산업경영융합학부,인문,0,"산업경영
융합학부","산업융합전공
벤처창업전공
디지털혁신전공",,,,,,,,,,,,
13,,공과대학자유전공학부,자연,195,공과대학자유전공학부,,,,,,,,,,,,,
13,사회과학대학,정치외교학과,인문,30,정치외교학과,,,,,,,,,,,,,
13,,경제학과,인문,72,경제학과,,,,,,,,,,,,,
13,,행정학과,인문,52,행정학과,,,,,,,,,,,,,
13,,국제무역학과,인문,59,국제무역학과,,,,,,,,,,,,,
13,,응용통계학과,인문,40,응용통계학과,,,,,,,,,,,,,
13,,사회과학대학융합전공학부,인문,76,사회과학대학융합전공학부,,,,,,,,,,,,,
13,경영대학,경영학과,인문,146,경영학과,,,,,,,,,,,,,
13,,기술경영학과,인문,34,기술경영학과,,,,,,,,,,,,,
13,부동산과학원,부동산학과,인문,38,부동산학과,,,,,,,,,,,,,
13,융합과학기술원,첨단바이오공학부,자연,45,첨단바이오공학부,,"줄기세포재생공학전공
의생명공학전공
첨단동물생명공학전공",,,,,,,,,,,
13,,시스템생명공학과,자연,26,생명공학부,,"시스템생명공학과
융합생명공학과",,,,,,,,,,,
13,,융합생명공학과,자연,26,,,,,,,,,,,,,,
13,,융합과학기술원자유전공학부,자연,33,융합과학기술원자유전공학부,,,,,,,,,,,,,
14,단과대학,모집단위,계열,"모집인원
(정원 내)",학과 및 전공,,,,,,,,,,,,,
14,생명과학대학,동물자원·식품과학·유통학부,자연,95,동물자원·식품과학·유통학부,"동물자원전공
식품과학전공
식품유통전공",,,,,,,,,,,,
14,,환경보건·산림조경학부,자연,52,환경보건·산림조경학부,"환경보건전공
산림조경전공",,,,,,,,,,,,
14,,생명과학특성학과,자연,32,생명과학특성학과,,,,,,,,,,,,,
14,,식량자원과학과,자연,30,식량자원과학과,,,,,,,,,,,,,
14,,생명과학대학자유전공학부,자연,46,생명과학대학자유전공학부,,,,,,,,,,,,,
14,수의과대학,수의예과,자연,69,수의예(학)과,,,,,,,,,,,,,
14,예술디자인대학,커뮤니케이션디자인학과,예체능,39,커뮤니케이션디자인학과,,,,,,,,,,,,,
14,,산업디자인학과,예체능,34,산업디자인학과,,,,,,,,,,,,,
14,,의상디자인학과-인문계,인문,17,의상디자인학과,,,,,,,,,,,,,
14,,의상디자인학과-예체능계,예체능,17,,,,,,,,,,,,,,
14,,리빙디자인학과,예체능,45,리빙디자인학과,,,,,,,,,,,,,
14,,현대미술학과,예체능,32,현대미술학과,,,,,,,,,,,,,
14,,영상학과,예체능,35,영상학과,,,,,,,,,,,,,
14,,매체연기학과,예체능,25,매체연기학과,,,,,,,,,,,,,
14,사범대학,일어교육과,인문,22,일어교육과,,,,,,,,,,,,,
14,,수학교육과,자연,25,수학교육과,,,,,,,,,,,,,
14,,체육교육과,예체능,38,체육교육과,,,,,,,,,,,,,
14,,음악교육과,예체능,20,음악교육과,,,,,,,,,,,,,
14,,교육공학과,인문,25,교육공학과,,,,,,,,,,,,,
14,,영어교육과,인문,20,영어교육과,,,,,,,,,,,,,
14,상허교양대학,KU자유전공학부,인문/자연,308,KU자유전공학부,,,,,,,,,,,,,
14,합계,※ 2024학년도 이월 인원 1명 포함,,"3,001",,,,,,,,,,,,,,
15,단과대학,모집단위,계열,"수시
모집
인원",수시모집,,,,,,,,"전형기간
자율화",,,,,
15,,,,,"학생부
교과","학생부
종합",기회균형특별전형,,,논술,실기/실적,,"학생부
종합",,,,,
15,,,,,,,학생부종합,,,,,,,,,,,
15,,,,,"지역균형
KU","자기추천
KU",기회균형,특성화고교졸업자,특수교육대상자,"논술우수자
KU","연기우수자
KU","체육특기자
KU",특성화고졸재직자,,,,,
15,문과대학,국어국문학과,인문,24,3,15,1,,8,5,,,,,,,,
15,,영어영문학과,인문,39,4,30,2,,,3,,,,,,,,
15,,중어중문학과,인문,24,3,16,2,,,3,,,,,,,,
15,,철학과,인문,22,3,15,1,,,3,,,,,,,,
15,,사학과,인문,21,3,14,1,,,3,,,,,,,,
15,,지리학과,인문,22,3,15,1,,,3,,,,,,,,
15,,미디어커뮤니케이션학과,인문,26,6,13,1,,,6,,,,,,,,
15,,문화콘텐츠학과,인문,21,4,13,1,,,3,,,,,,,,
15,,문과대학자유전공학부,인문,49,35,,,,,14,,,,,,,,
15,이과대학,수학과,자연,17,5,7,1,,,4,,,,,,,,
15,,물리학과,자연,29,8,13,1,,,7,,,,,,,,
15,,화학과,자연,16,3,8,1,,,4,,,,,,,,
15,,이과대학자유전공학부,자연,24,13,,,,,11,,,,,,,,
15,건축대학,건축학부,자연,38,8,20,3,1,,6,,,,,,,,
15,공과대학,사회환경공학부,자연,59,7,40,4,1,,7,,,,,,,,
15,,기계·로봇·자동차공학부,자연,34,18,7,3,1,,5,,,,,,,,
15,,전기전자공학부,자연,58,8,38,4,1,,7,,,,,,,,
15,,화공·생명·에너지공학부,자연,33,5,19,3,1,,5,,,,,,,,
15,,컴퓨터공학부,자연,55,8,34,4,2,,7,,,,,,,,
15,,재료공학과,자연,30,4,22,3,1,,,,,,,,,,
15,,항공우주·모빌리티공학과,자연,21,3,9,3,1,,5,,,,,,,,
15,,생물공학과,자연,28,3,15,2,1,,7,,,,,,,,
15,,산업공학과,자연,16,3,8,2,,,3,,,,,,,,
15,,산업경영융합학부,인문,130,,,,,,,,,130,,,,,
15,,공과대학자유전공학부,자연,135,100,,,,,35,,,,,,,,
16,단과대학,모집단위,계열,"수시
모집
인원",수시모집,,,,,,,,"전형기간
자율화",,,,,
16,,,,,"학생부
교과","학생부
종합",기회균형특별전형,,,논술,실기/실적,,"학생부
종합",,,,,
16,,,,,,,학생부종합,,,,,,,,,,,
16,,,,,"지역균형
KU","자기추천
KU",기회균형,특성화고교졸업자,특수교육대상자,"논술우수자
KU","연기우수자
KU","체육특기자
KU",특성화고졸재직자,,,,,
16,사회과학대학,정치외교학과,인문,18,3,9,1,1,8,4,,,,,,,,
16,,경제학과,인문,41,7,23,3,1,,7,,,,,,,,
16,,행정학과,인문,28,6,14,2,1,,5,,,,,,,,
16,,국제무역학과,인문,28,4,14,2,1,,7,,,,,,,,
16,,응용통계학과,인문,23,4,13,2,1,,3,,,,,,,,
16,,사회과학대학융합전공학부,인문,74,66,,,,,8,,,,,,,,
16,경영대학,경영학과,인문,82,15,47,4,1,4,15,,,,,,,,
16,,기술경영학과,인문,20,3,10,2,1,,4,,,,,,,,
16,부동산과학원,부동산학과,인문,25,4,13,2,1,,5,,,,,,,,
16,융합과학기술원,첨단바이오공학부,자연,26,3,18,2,,,3,,,,,,,,
16,,시스템생명공학과,자연,15,3,8,1,,,3,,,,,,,,
16,,융합생명공학과,자연,15,3,8,1,,,3,,,,,,,,
16,,융합과학기술원자유전공학부,자연,33,26,,,,,7,,,,,,,,
16,생명과학대학,동물자원·식품과학·유통학부,자연,55,5,40,4,2,,4,,,,,,,,
16,,환경보건·산림조경학부,자연,30,3,20,3,1,,3,,,,,,,,
16,,생명과학특성학과,자연,20,3,11,2,,,4,,,,,,,,
16,,식량자원과학과,자연,19,3,10,2,1,,3,,,,,,,,
16,,생명과학대학자유전공학부,자연,46,39,,,,,7,,,,,,,,
16,수의과대학,수의예과,자연,30,5,16,3,,,6,,,,,,,,
16,예술디자인대학,커뮤니케이션디자인학과,예체능,,,,,,,,,,,,,,,
16,,산업디자인학과,예체능,,,,,,,,,,,,,,,
16,,의상디자인학과–인문계,인문,,,,,,,,,,,,,,,
16,,의상디자인학과–예체능계,예체능,,,,,,,,,,,,,,,
16,,리빙디자인학과,예체능,,,,,,,,,,,,,,,
16,,현대미술학과,예체능,,,,,,,,,,,,,,,
16,,영상학과,예체능,,,,,,,,,,,,,,,
16,,매체연기학과,예체능,25,,,,,,,25,,,,,,,
17,단과대학,모집단위,계열,"수시
모집
인원",수시모집,,,,,,,,"전형기간
자율화",,,,,
17,,,,,"학생부
교과","학생부
종합",기회균형특별전형,,,논술,실기/실적,,"학생부
종합",,,,,
17,,,,,,,학생부종합,,,,,,,,,,,
17,,,,,"지역균형
KU","자기추천
KU",기회균형,특성화고교졸업자,특수교육대상자,"논술우수자
KU","연기우수자
KU","체육특기자
KU",특성화고졸재직자,,,,,
17,사범대학,일어교육과,인문,19,3,16,,,,,,,,,,,,
17,,수학교육과,자연,17,5,6,,,,6,,,,,,,,
17,,체육교육과,예체능,13,,,,,,,,13,,,,,,
17,,음악교육과,예체능,,,,,,,,,,,,,,,
17,,교육공학과,인문,12,,12,,,,,,,,,,,,
17,,영어교육과,인문,12,4,8,,,,,,,,,,,,
17,상허교양대학,KU자유전공학부,인문/자연,248,,183,,,,65,,,,,,,,
17,합계,,,"1,945*",477,870,80,22,20,328,25,13,130,,,,,
18,면접일정,전형,비고,,,,,,,,,,,,,,,
18,2025. 11. 29.(토),"학생부종합(KU자기추천): 이과대학, 공과대학, 부동산과학원, 
사회과학대학(경제학과, 국제무역학과, 응용통계학과), 융합과학기술원, 사범대학","※  1단계 합격 이후 고사일정이  
중복될 경우, 택1 하여 응시",,,,,,,,,,,,,,,
18,,학생부종합(특수교육대상자),,,,,,,,,,,,,,,,
19,구분,내용,,일정,비고,,,,,,,,,,,,,
19,원서접수,전체 전형,,"2025.  9. 9.(화) 10:00 ~  
9. 12.(금) 17:00","• 원서접수 사이트에서 
접수",,,,,,,,,,,,,
19,"서류제출
(PDF 업로드)",전체 전형,,"2025.  9. 9.(화) 10:00 ~  
9. 16.(화) 17:00","• 원서접수 사이트에  
PDF 업로드 및 1단계 
영상 업로드
※  우편과 방문 제출  
모두 불가",,,,,,,,,,,,,
19,온라인 입력,학생부종합전형,"학교생활기록부 
대체 서식 입력","2025.  9. 9.(화) 10:00 ~ 
9. 16.(화) 17:00","• 원서접수 사이트에서 
입력",,,,,,,,,,,,,
19,,학생부교과(KU지역균형),학교장 추천 명단 입력,"2025.  9. 15.(월) 9:00 ~ 
9. 19.(금) 18:00",,,,,,,,,,,,,,
19,"1단계
합격자 발표","실기/실적(KU연기우수자, KU체육특기자)",,2025. 10. 16.(목) 14:00 예정,"• 본교 입학처 홈페이지 
공고",,,,,,,,,,,,,
19,,"학생부종합(KU자기추천, 특수교육대상자)",,2025. 11. 14.(금) 14:00 예정,,,,,,,,,,,,,,
19,"2단계 
전형료 납부","학생부종합(KU자기추천, 특수교육대상자)",,"1단계 합격자 발표 이후 ~
2025. 11. 17.(월) 14:00","• 기한 내 미납부 시  
2단계 응시자격 상실",,,,,,,,,,,,,
19,실기고사,실기/실적(KU체육특기자),,2025. 10. 25.(토),"• 고사장 및 입실 완료  
시간은 고사 3~4일 전  
본교 입학처 홈페이지 
공고",,,,,,,,,,,,,
19,,실기/실적(KU연기우수자),,2025. 10. 29.(수) ~ 10. 31.(금),,,,,,,,,,,,,,
19,논술고사,"인문, 통합
논술(KU논술우수자)
자연",,2025. 11. 15.(토) 9:20 ~ 11:00,,,,,,,,,,,,,,
19,,,,2025. 11. 15.(토) 14:00 ~ 15:40,,,,,,,,,,,,,,
19,면접,실기/실적(KU체육특기자),,2025. 11. 8.(토),,,,,,,,,,,,,,
19,,"이과대학, 공과대학, 부동산과학원, 
학생부종합
사회과학대학(경제학과, 국제무역학과, 
(KU자기추천)
응용통계학과), 융합과학기술원, 사범대학",,2025. 11. 29.(토),,,,,,,,,,,,,,
19,,학생부종합(특수교육대상자),,,,,,,,,,,,,,,,
19,,"문과대학, 건축대학, 경영대학, 
학생부종합
사회과학대학(정치외교학과, 행정학과), 
(KU자기추천)
생명과학대학, 수의과대학, 상허교양대학",,2025. 11. 30.(일),,,,,,,,,,,,,,
19,"최초합격자 
발표",실기/실적(KU체육특기자),,2025. 11. 28.(금) 14:00 예정,"• 본교 입학처 홈페이지 
공고",,,,,,,,,,,,,
19,,"학생부교과(KU지역균형), 학생부종합전형 전체, 
논술(KU논술우수자), 실기/실적(KU연기우수자)",,2025. 12. 12.(금) 14:00 예정,,,,,,,,,,,,,,
19,"온라인 
문서 등록",전체 전형,,"2025.  12. 15.(월) 10:00 ~ 
12. 17.(수) 14:00",,,,,,,,,,,,,,
19,"추가합격자 
발표",,,"2025.  12. 18.(목) 10:00 ~ 
12. 23.(화) 18:00",,,,,,,,,,,,,,
19,"추가합격자 
등록 마감",,,2025. 12. 24.(수) 14:00,,,,,,,,,,,,,,
19,등록금 납부,,,2026. 2. 3.(화) ~ 2. 5.(목),,,,,,,,,,,,,,
19,"등록금 납부 
이후 충원",학생부종합(특성화고졸재직자),,2026. 2. 6.(금) ~ 2. 27.(금),"• 상세 일정은 추후 본교 
입학처 홈페이지 공고",,,,,,,,,,,,,
20,구분,전형,발표일시,발표방법,,,,,,,,,,,,,,
20,1단계 합격자,"실기/실적(KU연기우수자, KU체육특기자)",2025. 10. 16.(목) 14:00 예정,"• 본교 입학처 홈페이지 
공고",,,,,,,,,,,,,,
20,,"학생부종합(KU자기추천, 특수교육대상자)",2025. 11. 14.(금) 14:00 예정,,,,,,,,,,,,,,,
20,최초합격자,실기/실적(KU체육특기자),2025. 11. 28.(금) 14:00 예정,,,,,,,,,,,,,,,
20,,"학생부교과(KU지역균형), 학생부종합전형 전체,
논술(KU논술우수자), 실기/실적(KU연기우수자)",2025. 12. 12.(금) 14:00 예정,,,,,,,,,,,,,,,
20,차수,발표일시,등록일시,발표방법,,,,,,,,,,,,,,
20,1차,2025. 12. 18.(목) 10:00 예정,"2025.   12. 18.(목) 10:00 ~  
12. 19.(금) 10:00","• 입학처 홈페이지 발표
 ※  개별 전화 통보 일정은 추후 
홈페이지를 통하여 안내",,,,,,,,,,,,,,
20,2차 이후,2025. 12. 19.(금) ~ 12. 23.(화) 18:00,"2025.  12. 19.(금) 16:00 ~  
12. 24.(수) 14:00",,,,,,,,,,,,,,,
22,대학,모집단위,계열,인원,,,,,,,,,,,,,,
22,문과대학,국어국문학과,인문,3,,,,,,,,,,,,,,
22,,영어영문학과,인문,4,,,,,,,,,,,,,,
22,,중어중문학과,인문,3,,,,,,,,,,,,,,
22,,철학과,인문,3,,,,,,,,,,,,,,
22,,사학과,인문,3,,,,,,,,,,,,,,
22,,지리학과,인문,3,,,,,,,,,,,,,,
22,,미디어커뮤니케이션학과,인문,6,,,,,,,,,,,,,,
22,,문화콘텐츠학과,인문,4,,,,,,,,,,,,,,
22,,문과대학자유전공학부,인문,35,,,,,,,,,,,,,,
22,이과대학,수학과,자연,5,,,,,,,,,,,,,,
22,,물리학과,자연,8,,,,,,,,,,,,,,
22,,화학과,자연,3,,,,,,,,,,,,,,
22,,이과대학자유전공학부,자연,13,,,,,,,,,,,,,,
22,건축대학,건축학부,자연,8,,,,,,,,,,,,,,
22,공과대학,사회환경공학부,자연,7,,,,,,,,,,,,,,
22,,기계·로봇·자동차공학부,자연,18,,,,,,,,,,,,,,
22,,전기전자공학부,자연,8,,,,,,,,,,,,,,
22,,화공·생명·에너지공학부,자연,5,,,,,,,,,,,,,,
22,,컴퓨터공학부,자연,8,,,,,,,,,,,,,,
22,,재료공학과,자연,4,,,,,,,,,,,,,,
22,,항공우주·모빌리티공학과,자연,3,,,,,,,,,,,,,,
22,,생물공학과,자연,3,,,,,,,,,,,,,,
22,,산업공학과,자연,3,,,,,,,,,,,,,,
22,,공과대학자유전공학부,자연,100,,,,,,,,,,,,,,
22,대학,모집단위,계열,인원,,,,,,,,,,,,,,
22,사회과학대학,정치외교학과,인문,3,,,,,,,,,,,,,,
22,,경제학과,인문,7,,,,,,,,,,,,,,
22,,행정학과,인문,6,,,,,,,,,,,,,,
22,,국제무역학과,인문,4,,,,,,,,,,,,,,
22,,응용통계학과,인문,4,,,,,,,,,,,,,,
22,,사회과학대학융합전공학부,인문,66,,,,,,,,,,,,,,
22,경영대학,경영학과,인문,15,,,,,,,,,,,,,,
22,,기술경영학과,인문,3,,,,,,,,,,,,,,
22,부동산과학원,부동산학과,인문,4,,,,,,,,,,,,,,
22,융합과학기술원,첨단바이오공학부,자연,3,,,,,,,,,,,,,,
22,,시스템생명공학과,자연,3,,,,,,,,,,,,,,
22,,융합생명공학과,자연,3,,,,,,,,,,,,,,
22,,융합과학기술원자유전공학부,자연,26,,,,,,,,,,,,,,
22,생명과학대학,동물자원·식품과학·유통학부,자연,5,,,,,,,,,,,,,,
22,,환경보건·산림조경학부,자연,3,,,,,,,,,,,,,,
22,,생명과학특성학과,자연,3,,,,,,,,,,,,,,
22,,식량자원과학과,자연,3,,,,,,,,,,,,,,
22,,생명과학대학자유전공학부,자연,39,,,,,,,,,,,,,,
22,수의과대학,수의예과,자연,5,,,,,,,,,,,,,,
22,사범대학,일어교육과,인문,3,,,,,,,,,,,,,,
22,,수학교육과,자연,5,,,,,,,,,,,,,,
22,,영어교육과,인문,4,,,,,,,,,,,,,,
23,전형요소,최고점,최저점,차이,실질 반영비율,,,,,,,,,,,,,
23,학생부(교과정량),700,0,700,70%,,,,,,,,,,,,,
23,학생부(교과정성),300,0,300,30%,,,,,,,,,,,,,
23,평가요소,반영비율,평가항목,,,,,,,,,,,,,,,
23,학업역량,20%,학업성취도 / 학업태도,,,,,,,,,,,,,,,
23,진로역량,10%,전공(계열) 관련 교과 이수 노력 / 전공(계열) 관련 교과 성취도,,,,,,,,,,,,,,,
24,구분,일정,,,,,,,,,,,,,,,,
24,원서접수,2025. 9. 9.(화) 10:00 ~ 9. 12.(금) 17:00,,,,,,,,,,,,,,,,
24,서류제출(PDF 업로드),2025. 9. 9.(화) 10:00 ~ 9. 16.(화) 17:00,,,,,,,,,,,,,,,,
24,학교장 추천 명단 입력(온라인),2025. 9. 15.(월) 9:00 ~ 9. 19.(금) 18:00,,,,,,,,,,,,,,,,
24,최초합격자 발표,2025. 12. 12.(금) 14:00 예정,,,,,,,,,,,,,,,,
24,제출서류,,비고,,,,,,,,,,,,,,,
24,학교생활기록부,"온라인 제공 
동의자","•서류제출(PDF 업로드) 불필요
   ※ 대상: 2022년 2월 ~ 2026년 2월 졸업(예정)자
   ※  2005년 2월 ~ 2021년 2월 졸업자 중 희망자의 경우 온라인 생성 신청 시스템 
(apply.neis.go.kr)을 통해 대입전형자료 온라인 신청 가능",,,,,,,,,,,,,,,
24,,"온라인 제공 
미동의자 및 불가자","•대입전형용 학교생활기록부 1부
•교육기관(초·중·고교), 공공기관, 무인민원발급기, 인터넷 발급
•원서접수 사이트에서 서류제출(PDF 업로드)",,,,,,,,,,,,,,,
24,학교장 추천 명단,,"•고교별 지정교사 1인이 원서접수 사이트에서 학교장 추천 명단 입력
•고교별 추천 인원 제한 없음
•지원자는 재학 중인(또는 졸업한) 고교와 반드시 사전협의 후 원서접수 가능
•지원자는 선(先)지원하고, 고교별 지정교사가 추천서를 후(後)접수",,,,,,,,,,,,,,,
24,순위,항목,,,,,,,,,,,,,,,,
24,1순위,학생부(교과정량) 성적 총점 우수자,,,,,,,,,,,,,,,,
24,2순위,학생부(교과정성) 학업역량 점수 우수자,,,,,,,,,,,,,,,,
24,3순위,학생부(교과정성) 진로역량 점수 우수자,,,,,,,,,,,,,,,,
24,4순위,국어 교과 성적 산출점수 우수자,,,,,,,,,,,,,,,,
24,5순위,수학 교과 성적 산출점수 우수자,,,,,,,,,,,,,,,,
25,대학,모집단위,계열,인원,,,,,,,,,,,,,,
25,문과대학,국어국문학과,인문,15,,,,,,,,,,,,,,
25,,영어영문학과,인문,30,,,,,,,,,,,,,,
25,,중어중문학과,인문,16,,,,,,,,,,,,,,
25,,철학과,인문,15,,,,,,,,,,,,,,
25,,사학과,인문,14,,,,,,,,,,,,,,
25,,지리학과,인문,15,,,,,,,,,,,,,,
25,,미디어커뮤니케이션학과,인문,13,,,,,,,,,,,,,,
25,,문화콘텐츠학과,인문,13,,,,,,,,,,,,,,
25,이과대학,수학과(★),자연,7,,,,,,,,,,,,,,
25,,물리학과(★),자연,13,,,,,,,,,,,,,,
25,,화학과(★),자연,8,,,,,,,,,,,,,,
25,건축대학,건축학부,자연,20,,,,,,,,,,,,,,
25,공과대학,사회환경공학부(★),자연,40,,,,,,,,,,,,,,
25,,기계·로봇·자동차공학부(★),자연,7,,,,,,,,,,,,,,
25,,전기전자공학부(★),자연,38,,,,,,,,,,,,,,
25,,화공·생명·에너지공학부(★),자연,19,,,,,,,,,,,,,,
25,,컴퓨터공학부(★),자연,34,,,,,,,,,,,,,,
25,,재료공학과(★),자연,22,,,,,,,,,,,,,,
25,,항공우주·모빌리티공학과(★),자연,9,,,,,,,,,,,,,,
25,,생물공학과(★),자연,15,,,,,,,,,,,,,,
25,,산업공학과(★),자연,8,,,,,,,,,,,,,,
25,대학,모집단위,계열,인원,,,,,,,,,,,,,,
25,사회과학대학,정치외교학과,인문,9,,,,,,,,,,,,,,
25,,경제학과(★),인문,23,,,,,,,,,,,,,,
25,,행정학과,인문,14,,,,,,,,,,,,,,
25,,국제무역학과(★),인문,14,,,,,,,,,,,,,,
25,,응용통계학과(★),인문,13,,,,,,,,,,,,,,
25,경영대학,경영학과,인문,47,,,,,,,,,,,,,,
25,,기술경영학과,인문,10,,,,,,,,,,,,,,
25,부동산과학원,부동산학과(★),인문,13,,,,,,,,,,,,,,
25,융합과학기술원,첨단바이오공학부(★),자연,18,,,,,,,,,,,,,,
25,,시스템생명공학과(★),자연,8,,,,,,,,,,,,,,
25,,융합생명공학과(★),자연,8,,,,,,,,,,,,,,
25,생명과학대학,동물자원·식품과학·유통학부,자연,40,,,,,,,,,,,,,,
25,,환경보건·산림조경학부,자연,20,,,,,,,,,,,,,,
25,,생명과학특성학과,자연,11,,,,,,,,,,,,,,
25,,식량자원과학과,자연,10,,,,,,,,,,,,,,
25,수의과대학,수의예과,자연,16,,,,,,,,,,,,,,
25,사범대학,일어교육과(★),인문,16,,,,,,,,,,,,,,
25,,수학교육과(★),자연,6,,,,,,,,,,,,,,
25,,교육공학과(★),인문,12,,,,,,,,,,,,,,
25,,영어교육과(★),인문,8,,,,,,,,,,,,,,
25,상허교양대학,KU자유전공학부*,-,183,,,,,,,,,,,,,,
25,구분,학과(부) 모집,KU자유전공학부 모집,,,,,,,,,,,,,,,
25,내용,"• 교내 활동에 자발적으로 참여하고, 해당 전공에 관심과 
소질이 있어 스스로를 추천할 수 있는 자","• 고교생 수준의 학업적 기초역량과 다양한 경험을 바탕으로 
융·복합적 소양을 길러 스스로를 추천할 수 있는 자
• 학교생활에서 깊이 있는 탐색으로 학문간 응용능력을  
갖추어 스스로를 추천할 수 있는 자",,,,,,,,,,,,,,,
26,"사정단계
서류","면접
합계
선발배수",수능최저학력기준,,,,,,,,,,,,,,,
26,"1,000(100%)
1단계","-
1,000(100%)
3배수",없음,,,,,,,,,,,,,,,
26,"1단계 성적 700(70%)
2단계","300(30%)
1,000(100%)
-",,,,,,,,,,,,,,,,
26,사정단계,전형요소,최고점,최저점,차이,실질 반영비율,,,,,,,,,,,,
26,1단계,서류,"1,000",0,"1,000",100%,,,,,,,,,,,,
26,2단계,1단계 성적,700,0,700,70%,,,,,,,,,,,,
26,,면접,300,0,300,30%,,,,,,,,,,,,
26,학과(부)별 모집,,,KU자유전공학부* 모집,,,,,,,,,,,,,,
26,평가요소,반영비율,평가항목,평가요소,반영비율,평가항목,,,,,,,,,,,,
26,학업역량,30%,"• 학업성취도
• 학업태도
• 탐구력",학업역량,20%,"• 학업성취도
• 학업태도",,,,,,,,,,,,
26,진로역량,40%,"• 전공(계열) 관련 교과 이수 노력
• 전공(계열) 관련 교과 성취도
• 진로 탐색 활동과 경험",성장역량*,50%,"• 자기주도성
• 창의적 문제해결력
• 경험의 다양성",,,,,,,,,,,,
26,공동체역량,30%,"• 협업과 소통능력
• 나눔과 배려
• 성실성과 규칙준수
• 리더십",공동체역량,30%,"• 협업과 소통능력
• 나눔과 배려
• 성실성과 규칙준수
• 리더십",,,,,,,,,,,,
26,학과(부)별 모집,,,KU자유전공학부* 모집,,,,,,,,,,,,,,
26,평가요소,반영비율,평가항목,평가요소,반영비율,평가항목,,,,,,,,,,,,
26,학업역량,30%,• 탐구력,학업역량,20%,"• 학업성취도
• 학업태도",,,,,,,,,,,,
26,진로역량,40%,"• 전공(계열) 관련 교과 이수 노력
• 진로 탐색 활동과 경험",성장역량*,50%,"• 자기주도성
• 창의적 문제해결력
• 경험의 다양성",,,,,,,,,,,,
26,공동체역량,30%,"• 협업과 소통능력
• 나눔과 배려",공동체역량,30%,"• 협업과 소통능력
• 나눔과 배려",,,,,,,,,,,,
27,구분,일정,,,,,,,,,,,,,,,,
27,원서접수,2025. 9. 9.(화) 10:00 ~ 9. 12.(금) 17:00,,,,,,,,,,,,,,,,
27,"서류제출(PDF 업로드) 및 
온라인 입력","2025. 9. 9.(화) 10:00 ~ 9. 16.(화) 17:00
※ 학교생활기록부 대체 서식(해당자) 온라인 입력",,,,,,,,,,,,,,,,
27,1단계 합격자 발표,2025. 11. 14.(금) 14:00 예정,,,,,,,,,,,,,,,,
27,2단계 전형료 납부,1단계 합격자 발표 이후 ~ 2025. 11. 17.(월) 14:00,,,,,,,,,,,,,,,,
27,면접※,"이과대학, 공과대학, 사회과학대학(경제학과, 국제무역학과, 응용통계학과), 
부동산과학원, 융합과학기술원, 사범대학",2025. 11. 29.(토),,,,,,,,,,,,,,,
27,,"문과대학, 건축대학, 사회과학대학(정치외교학과, 행정학과), 경영대학, 
생명과학대학, 수의과대학, 상허교양대학",2025. 11. 30.(일),,,,,,,,,,,,,,,
27,최초합격자 발표,2025. 12. 12.(금) 14:00 예정,,,,,,,,,,,,,,,,
28,대상,,제출서류,,,,,,,,,,,,,,,
28,"국내 정규 
고등학교 
졸업(예정)자","학생부 온라인 제공 
동의자","• 서류제출(PDF 업로드) 불필요
   ※ 대상: 2022년 2월 ~ 2026년 2월 졸업(예정)자
   ※  2005년 2월 ~ 2021년 2월 졸업자 중 희망자의 경우 온라인 생성 신청 시스템 
(apply.neis.go.kr)을 통해 대입전형자료 온라인 신청 가능",,,,,,,,,,,,,,,
28,,"학생부 온라인 제공 
미동의자 및 불가자","• 대입전형용 학교생활기록부 1부
• 교육기관(초·중·고교), 공공기관, 무인민원발급기, 인터넷 발급
• 원서접수 사이트에서 서류제출(PDF 업로드)",,,,,,,,,,,,,,,
28,"고등학교 졸업학력 
검정고시 출신자1)","검정고시 자료 온라인 제공 
동의자","• 서류제출(PDF 업로드) 불필요
   ※ 대상: 2017년 1회차 ~ 2025년 1회차 시험 합격자
   ※  해당 시·도교육청 나이스 홈페이지(www.neis.go.kr)에 접속하여 대입전형자료 
제공 신청",,,,,,,,,,,,,,,
28,,"검정고시 자료 온라인 제공 
미동의자 및 불가자","• 고등학교 졸업학력 검정고시 합격증명서 1부
• 원서접수 사이트에서 서류제출(PDF 업로드)",,,,,,,,,,,,,,,
28,국외 고등학교 출신자1),,"• 국외 고등학교 졸업(예정)증명서 1부
• 국외 고등학교 성적증명서 1부
   ※ 국외 고교 출신자 제출서류 안내(p.58) 필독
• 원서접수 사이트에서 서류제출(PDF 업로드)",,,,,,,,,,,,,,,
28,대상,제출서류,제출방법 및 기한,,,,,,,,,,,,,,,
28,고등학교 졸업학력 검정고시 출신자,학교생활기록부 대체 서식,"•원서접수 시 온라인 입력
•2025. 9. 9.(화) 10:00 ~ 9. 16.(화) 17:00",,,,,,,,,,,,,,,
28,국외 고등학교 출신자,,,,,,,,,,,,,,,,,
28,"검정고시 및 국외 고등학교 출신자 중 
국내 학교생활기록부가 있는 자※",[대상자만] 국내 고교 학교생활기록부 1부,"•원서접수 사이트에서 서류제출(PDF 업로드)
•2025. 9. 9.(화) 10:00 ~ 9. 16.(화) 17:00",,,,,,,,,,,,,,,
28,순위,학과(부)별 모집,,KU자유전공학부 모집,,,,,,,,,,,,,,
28,,"1단계 기준
2단계 기준",,1단계 기준,2단계 기준,,,,,,,,,,,,,
28,1순위,서류 진로역량 점수 우수자,면접 진로역량 점수 우수자,서류 성장역량 점수 우수자,면접 성장역량 점수 우수자,,,,,,,,,,,,,
28,2순위,서류 학업역량 점수 우수자,면접 공동체역량 점수 우수자,서류 학업역량 점수 우수자,면접 공동체역량 점수 우수자,,,,,,,,,,,,,
28,3순위,서류 공동체역량 점수 우수자,면접 학업역량 점수 우수자,서류 공동체역량 점수 우수자,면접 학업역량 점수 우수자,,,,,,,,,,,,,
28,4순위,–,서류 진로역량 점수 우수자,–,서류 성장역량 점수 우수자,,,,,,,,,,,,,
28,5순위,–,서류 학업역량 점수 우수자,–,서류 학업역량 점수 우수자,,,,,,,,,,,,,
29,대학,모집단위,"계열
인원",,,,,,,,,,,,,,,
29,사회과학대학,정치외교학과,인문,1,,,,,,,,,,,,,,
29,,경제학과,인문,3,,,,,,,,,,,,,,
29,,행정학과,인문,2,,,,,,,,,,,,,,
29,,국제무역학과,인문,2,,,,,,,,,,,,,,
29,,응용통계학과,인문,2,,,,,,,,,,,,,,
29,경영대학,경영학과,인문,4,,,,,,,,,,,,,,
29,,기술경영학과,인문,2,,,,,,,,,,,,,,
29,부동산과학원,부동산학과,인문,2,,,,,,,,,,,,,,
29,융합과학기술원,첨단바이오공학부,자연,2,,,,,,,,,,,,,,
29,,시스템생명공학과,자연,1,,,,,,,,,,,,,,
29,,융합생명공학과,자연,1,,,,,,,,,,,,,,
29,생명과학대학,동물자원·식품과학·유통학부,자연,4,,,,,,,,,,,,,,
29,,환경보건·산림조경학부,자연,3,,,,,,,,,,,,,,
29,,생명과학특성학과,자연,2,,,,,,,,,,,,,,
29,,식량자원과학과,자연,2,,,,,,,,,,,,,,
29,수의과대학,수의예과,자연,3,,,,,,,,,,,,,,
29,대학,모집단위,계열,인원,,,,,,,,,,,,,,
29,문과대학,국어국문학과,인문,1,,,,,,,,,,,,,,
29,,영어영문학과,인문,2,,,,,,,,,,,,,,
29,,중어중문학과,인문,2,,,,,,,,,,,,,,
29,,철학과,인문,1,,,,,,,,,,,,,,
29,,사학과,인문,1,,,,,,,,,,,,,,
29,,지리학과,인문,1,,,,,,,,,,,,,,
29,,미디어커뮤니케이션학과,인문,1,,,,,,,,,,,,,,
29,,문화콘텐츠학과,인문,1,,,,,,,,,,,,,,
29,이과대학,수학과,자연,1,,,,,,,,,,,,,,
29,,물리학과,자연,1,,,,,,,,,,,,,,
29,,화학과,자연,1,,,,,,,,,,,,,,
29,건축대학,건축학부,자연,3,,,,,,,,,,,,,,
29,공과대학,사회환경공학부,자연,4,,,,,,,,,,,,,,
29,,기계·로봇·자동차공학부,자연,3,,,,,,,,,,,,,,
29,,전기전자공학부,자연,4,,,,,,,,,,,,,,
29,,화공·생명·에너지공학부,자연,3,,,,,,,,,,,,,,
29,,컴퓨터공학부,자연,4,,,,,,,,,,,,,,
29,,재료공학과,자연,3,,,,,,,,,,,,,,
29,,항공우주·모빌리티공학과,자연,3,,,,,,,,,,,,,,
29,,생물공학과,자연,2,,,,,,,,,,,,,,
29,,산업공학과,자연,2,,,,,,,,,,,,,,
30,"1. 국가보훈대상자
※ 단, 국가보훈대상자 지원자격은 국내 고교 학생부 3학기 이상 학생부(교과정량) 성적 산출내역이 있어야 함
2. 농어촌학생
※ 행정구역(읍·면)의 적용 등 세부 기준
    1. 고등학교(초등학교·중학교) 재학 당시의 행정구역(읍·면) 단위를 기준으로 적용함
    2. 고등학교(초등학교·중학교) 재학 중에 읍·면이 동으로 행정구역이 개편된 경우, 개편된 동 지역을 읍·면 지역으로 인정함
    3. 고등학교(초등학교·중학교) 재학 당시 읍·면이었던 행정구역이 졸업 이후 동으로 개편된 경우, 개편된 동 지역을 읍·면 지역으로 인정함
    4. 2개 이상의 학교에서 재학한 경우에 해당 학교 모두 반드시 읍·면 지역에 소재하는 학교이어야 하나, 동일한 읍·면 지역이 아니어도 됨
    5. 지원자의 거주지, 부모의 거주지, 재학한 학교 소재지가 동일한 읍·면 지역 또는 도서·벽지 지역이 아니어도 됨
    6.  [지원자격 1] 중학교 입학일부터 고등학교 졸업일까지 주민등록표초본 상 본인, 부, 모 중 한 명 이상이 단 하루라도 말소된 기록이 있는 
경우는 지원자격에 해당되지 않음
    7.  [지원자격 2] 초등학교 입학일부터 고등학교 졸업일까지 주민등록표초본 상 본인이 단 하루라도 말소된 기록이 있는 경우는 지원자격에 
해당되지 않음
    8. [지원자격 1] 지원자격 특이자
구분
부모의 이혼
부모의 사망 
3. 기초생활및차상위",,,,,,,,,,,,,,,,,
30,,"「국가보훈 기본법」 제3조제2호에 따른 ‘국가보훈대상자’로서 국가보훈관계 법령에 따른 교육지원 대상자
※ 근거법령
    가.「독립유공자예우에 관한 법률」 제15조
    나. 「국가유공자 등 예우 및 지원에 관한 법률」 제22조
    다. 「5·18민주유공자예우에 관한 법률」 제12조
    라. 「고엽제후유의증 등 환자지원 및 단체설립에 관한 법률」 제7조의5
    마. 「특수임무유공자 예우 및 단체설립에 관한 법률」 제11조
    바. 「보훈보상대상자 지원에 관한 법률」 제25조",,,,,,,,,,,,,,,,
30,,,,,,,,,,,,,,,,,,
30,,"「고등교육법 시행령」 제29조제2항제14호 ‘가’목에 해당하는 자 중 [지원자격 1] 또는 [지원자격 2]에 해당하는 자
•[지원자격 1]  중학교 입학일부터 고등학교 졸업일까지 농어촌 소재지의 중·고등학교 전 교육과정을 연속하여 이수하고, 해당기간 동안 본인 
및 부·모 모두 농어촌 소재지에 거주한 자
•[지원자격 2]  초등학교 입학일부터 고등학교 졸업일까지 농어촌 소재지의 초·중·고등학교 전 교육과정을 연속하여 이수하고, 해당기간 동안 
본인이 농어촌 소재지에 거주한 자
   – 특수목적고(과학고, 산업수요맞춤형고, 외국어고, 국제고, 예술고, 체육고), 특성화고, 학력인정 평생교육시설, 비인가 대안학교, 방송통신고, 
고등기술학교, 각종학교 졸업(예정)자 지원 불가
   – 지원자격 해당기간의 연속된 연수만을 인정함
   – ‘농어촌 소재지’란 「지방자치법」 제3조에 따른 읍·면 지역 및 「도서·벽지 교육진흥법시행규칙」 제2조에 따른 도서·벽지 지역을 의미함
   – 고교 졸업예정자가 최종 합격할 경우 재학 고등학교의 졸업일까지 지원자격(농어촌 지역 거주 및 농어촌 지역 고교 재학)을 유지해야 하며, 
자격을 유지하지 않을 경우 불합격 또는 입학이 취소될 수 있음",,,,,,,,,,,,,,,,
30,,,"자격요건
이혼 전 부모의 주소지와 이혼 후의 주민등록 상 지원자 본인의 양육권이 있는 부(모)의 주소지가  
농어촌 지역이어야 함
①  부모 모두가 사망한 경우에는 부모 모두가 법률 상의 사망일 이전까지의 주소지가 농어촌 지역이어야 하며,  
사망일 이후부터 지원자의 주소지가 농어촌 지역이어야 함
②  부(모)가 사망한 경우에는 부(모)가 법률 상의 사망일 이전까지의 주소지가 농어촌 지역이어야 하며,  
지원자 본인과 생존한 부(모)의 주소지가 농어촌 지역이어야 함",,,,,,,,,,,,,,,
30,,,,,,,,,,,,,,,,,,
30,,,,,,,,,,,,,,,,,,
30,,,,,,,,,,,,,,,,,,
30,,,,,,,,,,,,,,,,,,
30,,,,,,,,,,,,,,,,,,
30,,"「고등교육법 시행령」 제29조제2항제14호 ‘라’목에 해당하는 자
   1. 「국민기초생활 보장법」 제2조제1호에 따른 수급권자 및 제2조제2호에 따른 수급자
   2. 「국민기초생활 보장법」 제2조제10호에 따른 차상위계층
   3. 「한부모가족지원법」 제5조 및 제5조의2에 따른 지원대상자",,,,,,,,,,,,,,,,
30,,,,,,,,,,,,,,,,,,
31,전형요소,최고점,최저점,차이,실질 반영비율,,,,,,,,,,,,,
31,서류,700,0,700,70%,,,,,,,,,,,,,
31,학생부(교과정량),300,0,300,30%,,,,,,,,,,,,,
31,평가요소,반영비율,평가항목,,,,,,,,,,,,,,,
31,학업역량,30%,학업성취도 / 학업태도 / 탐구력,,,,,,,,,,,,,,,
31,진로역량,40%,전공(계열) 관련 교과 이수 노력 / 전공(계열) 관련 교과 성취도 / 진로 탐색 활동과 경험,,,,,,,,,,,,,,,
31,공동체역량,30%,협업과 소통능력 / 나눔과 배려 / 성실성과 규칙준수 / 리더십,,,,,,,,,,,,,,,
31,구분,일정,,,,,,,,,,,,,,,,
31,원서접수,2025. 9. 9.(화) 10:00 ~ 9. 12.(금) 17:00,,,,,,,,,,,,,,,,
31,"서류제출(PDF 업로드) 및 
온라인 입력","2025. 9. 9.(화) 10:00 ~ 9. 16.(화) 17:00
※ 학교생활기록부 대체 서식(해당자) 온라인 입력",,,,,,,,,,,,,,,,
31,최초합격자 발표,2025. 12. 12.(금) 14:00 예정,,,,,,,,,,,,,,,,
32,대상,,제출서류,,,,,,,,,,,,,,,
32,"국내 정규 
고등학교 
졸업(예정)자","학생부 온라인 제공 
동의자","•서류제출(PDF 업로드) 불필요
   ※ 대상: 2022년 2월 ~ 2026년 2월 졸업(예정)자
   ※  2005년 2월 ~ 2021년 2월 졸업자 중 희망자의 경우 온라인 생성 신청 시스템 
(apply.neis.go.kr)을 통해 대입전형자료 온라인 신청 가능",,,,,,,,,,,,,,,
32,,"학생부 온라인 제공 
미동의자 및 불가자","•대입전형용 학교생활기록부 1부
•교육기관(초·중·고교), 공공기관, 무인민원발급기, 인터넷 발급
•원서접수 사이트에서 서류제출(PDF 업로드)",,,,,,,,,,,,,,,
32,"고등학교 졸업학력 
검정고시 출신자1)","검정고시 자료 온라인 제공 
동의자","•서류제출(PDF 업로드) 불필요
   ※ 대상: 2017년 1회차 ~ 2025년 1회차 시험 합격자
   ※  해당 시·도교육청 나이스 홈페이지(www.neis.go.kr)에 접속하여 대입전형자료 
제공 신청",,,,,,,,,,,,,,,
32,,"검정고시 자료 온라인 제공 
미동의자 및 불가자","•고등학교 졸업학력 검정고시 합격증명서 1부
•원서접수 사이트에서 서류제출(PDF 업로드)",,,,,,,,,,,,,,,
32,국외 고등학교 출신자1),,"•국외 고등학교 졸업(예정)증명서 1부
•국외 고등학교 성적증명서 1부
   ※ 국외 고교 출신자 제출서류 안내(p.58) 필독
•원서접수 사이트에서 서류제출(PDF 업로드)",,,,,,,,,,,,,,,
32,대상,제출서류,제출방법 및 기한,,,,,,,,,,,,,,,
32,고등학교 졸업학력 검정고시 출신자,학교생활기록부 대체 서식,"•원서접수 시 온라인 입력
•2025. 9. 9.(화) 10:00 ~ 9. 16.(화) 17:00",,,,,,,,,,,,,,,
32,국외 고등학교 출신자,,,,,,,,,,,,,,,,,
32,"검정고시 및 국외 고등학교 출신자 중 
국내 학교생활기록부가 있는 자※",[대상자만] 국내 고교 학교생활기록부 1부,"•원서접수 사이트에서 서류제출(PDF 업로드)
•2025. 9. 9.(화) 10:00 ~ 9. 16.(화) 17:00",,,,,,,,,,,,,,,
33,구분,제출서류,비고,,,,,,,,,,,,,,,
33,"국가보훈관계 
법령에 따른 
교육지원 대상자",대학입학특별전형대상자증명서,"• 정부24(www.gov.kr) 또는 무인민원발급기에서 발급, 지방보훈청,  
보훈지청 등에서 발급 가능",,,,,,,,,,,,,,,
33,,가족관계증명서,"•지원자 기준
   ※  독립유공자의 손자녀인 경우, 친손은 ‘부’ 기준, 외손은 ‘모’ 기준으로 
발급한 가족관계증명서",,,,,,,,,,,,,,,
33,"[지원자격 1]
중·고등학교
전 교육과정 이수자*",가족관계증명서,•지원자 기준,,,,,,,,,,,,,,,
33,,주민등록표초본,"•부, 모, 지원자 기준 각 1부씩, 총 3부
   ※ 주소변동사항 및 상세내역 포함",,,,,,,,,,,,,,,
33,,중학교 학교생활기록부,"•교육기관(초·중·고교), 공공기관, 무인민원발급기, 인터넷 발급",,,,,,,,,,,,,,,
33,,농어촌학생 지원자격 확인서,"•본교 양식(읍·면 지역을 확인할 수 있도록 지번주소로 작성)
   ※  본교 입학처 홈페이지에 게시된 양식을 다운로드 받아 작성한 후, 
고등학교장 직인 날인한 서류를 스캔하여 PDF 업로드",,,,,,,,,,,,,,,
33,"[지원자격 2]
초·중·고등학교 
전 교육과정 이수자",주민등록표초본,"•지원자 기준
   ※ 주소변동사항 및 상세내역 포함",,,,,,,,,,,,,,,
33,,초·중학교 학교생활기록부,"•교육기관(초·중·고교), 공공기관, 무인민원발급기, 인터넷 발급",,,,,,,,,,,,,,,
33,,농어촌학생 지원자격 확인서,"•본교 양식(읍·면 지역을 확인할 수 있도록 지번주소로 작성)
   ※  본교 입학처 홈페이지에 게시된 양식을 다운로드 받아 작성한 후,  
고등학교장 직인 날인한 서류를 스캔하여 PDF 업로드",,,,,,,,,,,,,,,
33,구분,제출서류,비고,,,,,,,,,,,,,,,
33,부모 이혼,부모 혼인관계증명서,"• 읍·면·동 행정복지센터 또는 대한민국법원 
전자가족관계등록시스템(http://efamily.scourt.go.kr)에서 
발급 가능",,,,,,,,,,,,,,,
33,,기본증명서(지원자 기준),,,,,,,,,,,,,,,,
33,부(모) 또는 부모 사망,"사망한 부(모)의 기본증명서
※ 2008년 이전 사망 시, 제적등본으로 대체",,,,,,,,,,,,,,,,
34,구분,"제출서류
비고",,,,,,,,,,,,,,,,
34,"국민기초생활보장 
수급자",국민기초생활보장수급자증명서,"• 지원자 기준으로 발급
• 정부24(www.gov.kr) 또는 행정복지센터 발급",,,,,,,,,,,,,,,
34,"차상위복지급여 
수급 중인 
차상위계층 학생",차상위계층확인서,"• 행정복지센터 발행 
• 단, 차상위본인부담경감대상자증명서는 국민건강보험공단 발행
   ※  수급(권)자가 지원자 본인이 아닌 경우: 부 또는 모 기준  
가족관계증명서와 주민등록표등본 추가 제출",,,,,,,,,,,,,,,
34,,차상위본인부담경감대상자증명서,,,,,,,,,,,,,,,,
34,,자활근로자확인서,,,,,,,,,,,,,,,,
34,,장애수당대상자확인서,,,,,,,,,,,,,,,,
34,,장애인연금대상자확인서,,,,,,,,,,,,,,,,
34,"한부모가족 
지원대상자",한부모가족증명서,"• 정부24(www.gov.kr) 또는 행정복지센터 발급
   ※  수급(권)자가 지원자 본인이 아닌 경우: 부 또는 모 기준  
가족관계증명서와 주민등록표등본 추가 제출",,,,,,,,,,,,,,,
34,"농어촌학생 최종등록자는 고등학교 졸업 시까지 농어촌 지역에 거주해야 하며, 이를 입증하기 위한 서류를 추가 제출해야 함. 
미제출 시 입학 이후라도 입학이 취소될 수 있음
•대상:  학생부종합(기회균형) 농어촌학생 최종등록자 중 2026년 2월 졸업예정자 
(2025년 기준 고등학교 3학년/ 2025년 12월 및 2026년 1월 졸업예정자 포함)
•제출기한: 2026. 2. 20.(금)까지(마감일 우편소인 인정)
•제출서류
구분
제출서류
1. 고등학교 졸업증명서
[지원자격 1]
2. 부, 모, 지원자 기준 주민등록표초본 각 1부씩, 총 3부
중·고등학교 전 교육과정 이수자
    ※ 고등학교 졸업일 이후 발급분(주소변동사항 포함한 상세내역)
1. 고등학교 졸업증명서
[지원자격 2]
2. 지원자 기준 주민등록표초본
초·중·고등학교 전 교육과정 이수자
    ※ 고등학교 졸업일 이후 발급분(주소변동사항 포함한 상세내역)
•제출방법: 입학처로 우편 제출(방문 제출 불가)",,,,,,,,,,,,,,,,,
34,,,,,,,,,,,,,,,,,,
34,,,,,,,,,,,,,,,,,,
34,순위,기준,,,,,,,,,,,,,,,,
34,1순위,서류 진로역량 점수 우수자,,,,,,,,,,,,,,,,
34,2순위,서류 학업역량 점수 우수자,,,,,,,,,,,,,,,,
34,3순위,서류 공동체역량 점수 우수자,,,,,,,,,,,,,,,,
34,4순위,학생부(교과정량) 성적 총점 우수자,,,,,,,,,,,,,,,,
34,5순위,국어 교과 성적 우수자,,,,,,,,,,,,,,,,
35,대학,모집단위,계열,인원,,,,,,,,,,,,,,
35,건축대학,건축학부,자연,1,,,,,,,,,,,,,,
35,공과대학,사회환경공학부,자연,1,,,,,,,,,,,,,,
35,,기계·로봇·자동차공학부,자연,1,,,,,,,,,,,,,,
35,,전기전자공학부,자연,1,,,,,,,,,,,,,,
35,,화공·생명·에너지공학부,자연,1,,,,,,,,,,,,,,
35,,컴퓨터공학부,자연,2,,,,,,,,,,,,,,
35,,재료공학과,자연,1,,,,,,,,,,,,,,
35,,항공우주·모빌리티공학과,자연,1,,,,,,,,,,,,,,
35,,생물공학과,자연,1,,,,,,,,,,,,,,
35,대학,모집단위,계열,인원,,,,,,,,,,,,,,
35,사회과학대학,정치외교학과,인문,1,,,,,,,,,,,,,,
35,,경제학과,인문,1,,,,,,,,,,,,,,
35,,행정학과,인문,1,,,,,,,,,,,,,,
35,,국제무역학과,인문,1,,,,,,,,,,,,,,
35,,응용통계학과,인문,1,,,,,,,,,,,,,,
35,경영대학,경영학과,인문,1,,,,,,,,,,,,,,
35,,기술경영학과,인문,1,,,,,,,,,,,,,,
35,부동산과학원,부동산학과,인문,1,,,,,,,,,,,,,,
35,생명과학대학,동물자원·식품과학·유통학부,자연,2,,,,,,,,,,,,,,
35,,환경보건·산림조경학부,자연,1,,,,,,,,,,,,,,
35,,식량자원과학과,자연,1,,,,,,,,,,,,,,
36,대학,"모집단위
계열
기준학과",,,,,,,,,,,,,,,,
36,건축대학,건축학부,자연,"토목과, 건축시공과, 조경과, 디자인과, 문화콘텐츠과, 농업토목과, 산업설비과, 
산업안전과",,,,,,,,,,,,,,
36,공과대학,사회환경공학부,자연,"토목과, 건축시공과, 조경과, 디자인과, 문화콘텐츠과, 농업토목과, 환경보건과, 
산업안전과, 산림자원과, 농업기계과",,,,,,,,,,,,,,
36,,기계·로봇·자동차공학부,자연,"기계과, 냉동공조과, 자동차과, 조선과, 항공과, 금속재료과, 세라믹과, 산업설비과, 
전기과, 전자과, 농업기계과, 항해과, 기관과, 정보컴퓨터과, 산업안전과",,,,,,,,,,,,,,
36,,전기전자공학부,자연,"전기과, 전자과, 기계과, 냉동공조과, 자동차과, 조선과, 항공과, 디자인과, 
문화콘텐츠과, 방송·통신과, 정보컴퓨터과, 산업안전과",,,,,,,,,,,,,,
36,,화공·생명·에너지공학부,자연,"화학공업과, 금속재료과, 세라믹과, 산업설비과, 식품가공과, 환경보건과, 
산업안전과, 섬유과",,,,,,,,,,,,,,
36,,컴퓨터공학부,자연,"디자인과, 문화콘텐츠과, 기계과, 방송·통신과, 정보컴퓨터과, 항해과, 전자과, 
산업안전과",,,,,,,,,,,,,,
36,,재료공학과,자연,"화학공업과, 금속재료과, 세라믹과, 산업설비과, 식품가공과, 환경보건과, 
산업안전과, 섬유과",,,,,,,,,,,,,,
36,,항공우주·모빌리티공학과,자연,"기계과, 냉동공조과, 자동차과, 조선과, 항공과, 금속재료과, 세라믹과, 산업설비과, 
전기과, 전자과, 농업기계과, 항해과, 기관과, 정보컴퓨터과, 산업안전과",,,,,,,,,,,,,,
36,,생물공학과,자연,"식품가공과, 환경보건과, 산업안전과, 해양생산과, 수산양식과",,,,,,,,,,,,,,
36,사회과학대학,정치외교학과,인문,"경영·사무과, 재무·회계과, 유통과, 금융과, 판매과, 정보컴퓨터과",,,,,,,,,,,,,,
36,,경제학과,인문,"경영·사무과, 재무·회계과, 유통과, 금융과, 판매과, 정보컴퓨터과, 보육과,  
사회복지과, 보건간호과",,,,,,,,,,,,,,
36,,행정학과,인문,"경영·사무과, 재무·회계과, 유통과, 금융과, 판매과, 정보컴퓨터과, 보육과, 
사회복지과, 보건간호과",,,,,,,,,,,,,,
36,,국제무역학과,인문,"경영·사무과, 재무·회계과, 유통과, 금융과, 판매과, 정보컴퓨터과",,,,,,,,,,,,,,
36,,응용통계학과,인문,"경영·사무과, 재무·회계과, 유통과, 금융과, 판매과, 정보컴퓨터과",,,,,,,,,,,,,,
36,경영대학,경영학과,인문,"경영·사무과, 재무·회계과, 유통과, 금융과, 판매과, 정보컴퓨터과, 문화콘텐츠과",,,,,,,,,,,,,,
36,,기술경영학과,인문,"경영·사무과, 재무·회계과, 유통과, 금융과, 판매과, 정보컴퓨터과, 해양레저과, 
항해과, 기관과",,,,,,,,,,,,,,
36,부동산과학원,부동산학과,인문,"경영·사무과, 재무·회계과, 유통과, 금융과, 판매과, 정보컴퓨터과",,,,,,,,,,,,,,
36,생명과학대학,동물자원·식품과학·유통학부,자연,"농업과, 원예과, 농업기계과, 농업토목과, 동물자원과, 식품가공과, 유통과, 
화학공업과, 해양생산과, 수산양식과",,,,,,,,,,,,,,
36,,환경보건·산림조경학부,자연,"환경보건과, 산업안전과, 농업과, 원예과, 산림자원과, 농업기계과, 농업토목과, 
식품가공과, 조경과",,,,,,,,,,,,,,
36,,식량자원과학과,자연,"농업과, 원예과, 농업기계과, 농업토목과, 식품가공과, 유통과, 화학공업과, 
해양생산과, 수산양식과",,,,,,,,,,,,,,
37,평가요소,반영비율,평가항목,,,,,,,,,,,,,,,
37,학업역량,30%,학업성취도 / 학업태도 / 탐구력,,,,,,,,,,,,,,,
37,진로역량,40%,전공(계열) 관련 교과 이수 노력 / 전공(계열) 관련 교과 성취도 / 진로 탐색 활동과 경험,,,,,,,,,,,,,,,
37,공동체역량,30%,협업과 소통능력 / 나눔과 배려 / 성실성과 규칙준수 / 리더십,,,,,,,,,,,,,,,
37,구분,일정,,,,,,,,,,,,,,,,
37,원서접수,2025. 9. 9.(화) 10:00 ~ 9. 12.(금) 17:00,,,,,,,,,,,,,,,,
37,서류제출(PDF 업로드),2025. 9. 9.(화) 10:00 ~ 9. 16.(화) 17:00,,,,,,,,,,,,,,,,
37,최초합격자 발표,2025. 12. 12.(금) 14:00 예정,,,,,,,,,,,,,,,,
38,제출서류,,비고,,,,,,,,,,,,,,,
38,학교생활기록부,"온라인 제공 
동의자","•서류제출(PDF 업로드) 불필요
   ※ 대상: 2022년 2월 ~ 2026년 2월 졸업(예정)자
   ※  2005년 2월 ~ 2021년 2월 졸업자 중 희망자의 경우 온라인 생성 신청 시스템 
(apply.neis.go.kr)을 통해 대입전형자료 온라인 신청 가능",,,,,,,,,,,,,,,
38,,"온라인 제공 
미동의자 및 불가자","•대입전형용 학교생활기록부 1부
•교육기관(초·중·고교), 공공기관, 무인민원발급기, 인터넷 발급
•원서접수 사이트에서 서류제출(PDF 업로드)",,,,,,,,,,,,,,,
38,대상,"제출서류
제출방법",,,,,,,,,,,,,,,,
38,"모집단위별 기준학과와 
일치하지 않는 지원자",기준학과 인정 확인서,"※  본교 양식을 입학처 홈페이지에서 다운로드하여 작성한 후,  
출신 고등학교장 직인 날인 후 PDF 업로드",,,,,,,,,,,,,,,
38,"졸업 당시 기준학과가 
설정되어 있지 않았던 지원자",,,,,,,,,,,,,,,,,
38,1순위,서류 진로역량 점수 우수자,,,,,,,,,,,,,,,,
38,2순위,서류 학업역량 점수 우수자,,,,,,,,,,,,,,,,
38,3순위,서류 공동체역량 점수 우수자,,,,,,,,,,,,,,,,
38,4순위,학생부(교과정량) 성적 총점 우수자,,,,,,,,,,,,,,,,
38,5순위,국어 교과 성적 우수자,,,,,,,,,,,,,,,,
39,대학,모집단위,계열,인원,,,,,,,,,,,,,,
39,문과대학,국어국문학과,인문,8,,,,,,,,,,,,,,
39,,영어영문학과,인문,,,,,,,,,,,,,,,
39,,중어중문학과,인문,,,,,,,,,,,,,,,
39,,철학과,인문,,,,,,,,,,,,,,,
39,,사학과,인문,,,,,,,,,,,,,,,
39,,지리학과,인문,,,,,,,,,,,,,,,
39,,미디어커뮤니케이션학과,인문,,,,,,,,,,,,,,,
39,,문화콘텐츠학과,인문,,,,,,,,,,,,,,,
39,대학,"모집단위
계열
인원",,,,,,,,,,,,,,,,
39,사회과학대학,정치외교학과,인문,8,,,,,,,,,,,,,,
39,,경제학과,인문,,,,,,,,,,,,,,,
39,,행정학과,인문,,,,,,,,,,,,,,,
39,,국제무역학과,인문,,,,,,,,,,,,,,,
39,,응용통계학과,인문,,,,,,,,,,,,,,,
39,경영대학,경영학과,인문,4,,,,,,,,,,,,,,
39,,기술경영학과,인문,,,,,,,,,,,,,,,
39,부동산과학원,부동산학과,인문,,,,,,,,,,,,,,,
39,사정단계,서류,면접,합계,선발배수,수능최저학력기준,,,,,,,,,,,,
39,1단계,"1,000(100%)",-,"1,000(100%)",3배수,없음,,,,,,,,,,,,
39,2단계,1단계 성적 700(70%),300(30%),"1,000(100%)",-,,,,,,,,,,,,,
39,사정단계,전형요소,최고점,최저점,차이,실질 반영비율,,,,,,,,,,,,
39,1단계,서류,"1,000",0,"1,000",100%,,,,,,,,,,,,
39,2단계,1단계 성적,700,0,700,70%,,,,,,,,,,,,
39,,면접,300,0,300,30%,,,,,,,,,,,,
40,"평가요소
반영비율",,평가항목,,,,,,,,,,,,,,,
40,학업역량,30%,학업성취도 / 학업태도 / 탐구력,,,,,,,,,,,,,,,
40,진로역량,40%,전공(계열) 관련 교과 이수 노력 / 전공(계열) 관련 교과 성취도 / 진로 탐색 활동과 경험,,,,,,,,,,,,,,,
40,공동체역량,30%,협업과 소통능력 / 나눔과 배려 / 성실성과 규칙준수 / 리더십,,,,,,,,,,,,,,,
40,평가요소,반영비율,평가항목,,,,,,,,,,,,,,,
40,학업역량,30%,탐구력,,,,,,,,,,,,,,,
40,진로역량,40%,전공(계열) 관련 교과 이수 노력 / 진로 탐색 활동과 경험,,,,,,,,,,,,,,,
40,공동체역량,30%,협업과 소통능력 / 나눔과 배려,,,,,,,,,,,,,,,
40,구분,일정,,,,,,,,,,,,,,,,
40,원서접수,2025. 9. 9.(화) 10:00 ~ 9. 12.(금) 17:00,,,,,,,,,,,,,,,,
40,"서류제출(PDF 업로드) 및 
온라인 입력","2025. 9. 9.(화) 10:00 ~ 9. 16.(화) 17:00
※ 학교생활기록부 대체 서식(해당자) 온라인 입력",,,,,,,,,,,,,,,,
40,1단계 합격자 발표,2025. 11. 14.(금) 14:00 예정,,,,,,,,,,,,,,,,
40,2단계 전형료 납부,1단계 합격자 발표 이후 ~ 2025. 11. 17.(월) 14:00,,,,,,,,,,,,,,,,
40,면접※,2025. 11. 29.(토),,,,,,,,,,,,,,,,
40,최초합격자 발표,2025. 12. 12.(금) 14:00 예정,,,,,,,,,,,,,,,,
41,대상,,제출서류,,,,,,,,,,,,,,,
41,"국내 정규 
고등학교 
졸업(예정)자","학생부 온라인 제공 
동의자","•서류제출(PDF 업로드) 불필요
   ※ 대상: 2022년 2월 ~ 2026년 2월 졸업(예정)자
   ※  2005년 2월 ~ 2021년 2월 졸업자 중 희망자의 경우 온라인 생성 신청 시스템 
(apply.neis.go.kr)을 통해 대입전형자료 온라인 신청 가능",,,,,,,,,,,,,,,
41,,"학생부 온라인 제공 
미동의자 및 불가자","•대입전형용 학교생활기록부 1부
•교육기관(초·중·고교), 공공기관, 무인민원발급기, 인터넷 발급
•원서접수 사이트에서 서류제출(PDF 업로드)",,,,,,,,,,,,,,,
41,"고등학교 졸업학력 
검정고시 출신자1)","검정고시 자료 온라인 제공 
동의자","•서류제출(PDF 업로드) 불필요
   ※ 대상: 2017년 1회차 ~ 2025년 1회차 시험 합격자
   ※  해당 시·도교육청 나이스 홈페이지(www.neis.go.kr)에 접속하여 대입전형자료 
제공 신청",,,,,,,,,,,,,,,
41,,"검정고시 자료 온라인 제공 
미동의자 및 불가자","•고등학교 졸업학력 검정고시 합격증명서 1부
•원서접수 사이트에서 서류제출(PDF 업로드)",,,,,,,,,,,,,,,
41,국외 고등학교 출신자1),,"•국외 고등학교 졸업(예정)증명서 1부
•국외 고등학교 성적증명서 1부
   ※ 국외 고교 출신자 제출서류 안내(p.58) 필독
•원서접수 사이트에서 서류제출(PDF 업로드)",,,,,,,,,,,,,,,
41,대상,제출서류,제출방법 및 기한,,,,,,,,,,,,,,,
41,고등학교 졸업학력 검정고시 출신자,학교생활기록부 대체 서식,"•원서접수 시 온라인 입력
•2025. 9. 9.(화) 10:00 ~ 9. 16.(화) 17:00",,,,,,,,,,,,,,,
41,국외 고등학교 출신자,,,,,,,,,,,,,,,,,
41,"검정고시 및 국외 고등학교 출신자 중 
국내 학교생활기록부가 있는 자※",[대상자만] 국내 고교 학교생활기록부 1부,"•원서접수 사이트에서 서류제출(PDF 업로드)
•2025. 9. 9.(화) 10:00 ~ 9. 16.(화) 17:00",,,,,,,,,,,,,,,
41,구분,"제출서류
비고",,,,,,,,,,,,,,,,
41,장애인등록자,장애인증명서,"•정부24(www.gov.kr), 무인민원발급기에서 발급",,,,,,,,,,,,,,,
41,상이등록자,국가유공자확인원,"•국가보훈처 발행
   ※ 상이등급이 기재되어 있어야 함",,,,,,,,,,,,,,,
42,순위,"1단계 기준
2단계 기준",,,,,,,,,,,,,,,,
42,1순위,서류 진로역량 점수 우수자,면접 진로역량 점수 우수자,,,,,,,,,,,,,,,
42,2순위,서류 학업역량 점수 우수자,면접 공동체역량 점수 우수자,,,,,,,,,,,,,,,
42,3순위,서류 공동체역량 점수 우수자,면접 학업역량 점수 우수자,,,,,,,,,,,,,,,
42,4순위,–,서류 진로역량 점수 우수자,,,,,,,,,,,,,,,
42,5순위,–,서류 학업역량 점수 우수자,,,,,,,,,,,,,,,
43,"유형
[고사시간]",단과대학,"모집단위
인원",,,,,,,,,,,,,,,
43,"인문
[09:20
~11:00]",문과대학,국어국문학과,5,,,,,,,,,,,,,,
43,,,영어영문학과,3,,,,,,,,,,,,,,
43,,,중어중문학과,3,,,,,,,,,,,,,,
43,,,철학과,3,,,,,,,,,,,,,,
43,,,사학과,3,,,,,,,,,,,,,,
43,,,지리학과,3,,,,,,,,,,,,,,
43,,,미디어커뮤니케이션학과,6,,,,,,,,,,,,,,
43,,,문화콘텐츠학과,3,,,,,,,,,,,,,,
43,,,문과대학자유전공학부,14,,,,,,,,,,,,,,
43,"통합
[09:20
~11:00]",사회과학대학,정치외교학과,4,,,,,,,,,,,,,,
43,,,경제학과,7,,,,,,,,,,,,,,
43,,,행정학과,5,,,,,,,,,,,,,,
43,,,국제무역학과,7,,,,,,,,,,,,,,
43,,,응용통계학과,3,,,,,,,,,,,,,,
43,,,사회과학대학융합전공학부,8,,,,,,,,,,,,,,
43,,경영대학,경영학과,15,,,,,,,,,,,,,,
43,,,기술경영학과,4,,,,,,,,,,,,,,
43,,부동산과학원,부동산학과,5,,,,,,,,,,,,,,
43,,상허교양대학,KU자유전공학부*,65,,,,,,,,,,,,,,
43,"자연
[14:00
~15:40]",이과대학,수학과,4,,,,,,,,,,,,,,
43,,,물리학과,7,,,,,,,,,,,,,,
43,,,화학과,4,,,,,,,,,,,,,,
43,,,이과대학자유전공학부,11,,,,,,,,,,,,,,
43,"유형
[고사시간]",단과대학,모집단위,인원,,,,,,,,,,,,,,
43,"자연
[14:00
~15:40]",건축대학,건축학부,6,,,,,,,,,,,,,,
43,,공과대학,사회환경공학부,7,,,,,,,,,,,,,,
43,,,기계·로봇·자동차공학부,5,,,,,,,,,,,,,,
43,,,전기전자공학부,7,,,,,,,,,,,,,,
43,,,화공·생명·에너지공학부,5,,,,,,,,,,,,,,
43,,,컴퓨터공학부,7,,,,,,,,,,,,,,
43,,,항공우주·모빌리티공학과,5,,,,,,,,,,,,,,
43,,,생물공학과,7,,,,,,,,,,,,,,
43,,,산업공학과,3,,,,,,,,,,,,,,
43,,,공과대학자유전공학부,35,,,,,,,,,,,,,,
43,,융합과학기술원,첨단바이오공학부,3,,,,,,,,,,,,,,
43,,,시스템생명공학과,3,,,,,,,,,,,,,,
43,,,융합생명공학과,3,,,,,,,,,,,,,,
43,,,융합과학기술원자유전공학부,7,,,,,,,,,,,,,,
43,,생명과학대학,동물자원·식품과학·유통학부,4,,,,,,,,,,,,,,
43,,,환경보건·산림조경학부,3,,,,,,,,,,,,,,
43,,,생명과학특성학과,4,,,,,,,,,,,,,,
43,,,식량자원과학과,3,,,,,,,,,,,,,,
43,,,생명과학대학자유전공학부,7,,,,,,,,,,,,,,
43,,수의과대학,수의예과,6,,,,,,,,,,,,,,
43,,사범대학,수학교육과,6,,,,,,,,,,,,,,
43,사정단계,논술,합계,수능최저학력기준,,,,,,,,,,,,,,
43,일괄합산,"1,000(100%)","1,000(100%)",인문계열 모집단위,"국, 수, 영, 사/과탐(1과목) 중 2개 등급 합 5, [한국사 5등급]",,,,,,,,,,,,,
43,,,,"자연계열 모집단위
(수의예과 제외)",,,,,,,,,,,,,,
43,,,,KU자유전공학부,,,,,,,,,,,,,,
43,,,,수의예과,"국, 수, 영, 사/과탐(1과목) 중 3개 등급 합 4, [한국사 5등급]",,,,,,,,,,,,,
44,유형,인문,통합,,자연,,,,,,,,,,,,,
44,고사시간,100분,100분,,100분,,,,,,,,,,,,,
44,문항 수,2문항,1문항,3문항,4문항,,,,,,,,,,,,,
44,글자 수,"401~600자
801~1,000자",401~600자,–,–,,,,,,,,,,,,,
44,출제범위,"국어, 사회","국어, 통합사회",수학,수학,,,,,,,,,,,,,
44,,"• 국어, 사회 교과 분야의 다양한 지문","• (1번)  국어, 통합사회 교과 분야의 
다양한 지문
•(2번) 수학, 수학Ⅰ, 수학Ⅱ",,"• 수학, 수학Ⅰ, 수학Ⅱ, 확률과 통계, 
미적분, 기하",,,,,,,,,,,,,
44,유형,출제 및 평가 방법,,,,,,,,,,,,,,,,
44,인문,"•도표 자료가 포함된 국어, 사회 교과 분야의 다양한 지문을 바탕으로 종합적인 사고를 측정할 수 있도록 출제
•사고의 최종적 결과물 외에 사고 과정까지 평가할 수 있도록 출제
•국어, 사회 교과 분야 지문을 바탕으로 이해력, 분석력, 논증력, 창의성, 표현력 등 평가",,,,,,,,,,,,,,,,
44,통합,"•국어, 통합사회 교과 분야 지문을 바탕으로 이해력, 논증력, 표현력 등 평가
•고교 교육과정에서 습득한 수리, 자연계 관련 지문 제시, 이를 근거로 출제
•사고와 추론의 최종적 결과물뿐만 아니라 추론 과정까지 평가할 수 있도록 출제",,,,,,,,,,,,,,,,
44,자연,"•고교 교육과정에서 습득한 수리, 자연계 관련 지문 제시, 이를 근거로 출제
•사고와 추론의 최종적 결과물뿐만 아니라 추론 과정까지 평가할 수 있도록 출제
•다양한 내용의 지문을 바탕으로 통합적 이해력, 논증력, 표현력, 추론능력 평가",,,,,,,,,,,,,,,,
44,구분,일정,,,,,,,,,,,,,,,,
44,원서접수,2025. 9. 9.(화) 10:00 ~ 9. 12.(금) 17:00,,,,,,,,,,,,,,,,
44,서류제출(PDF 업로드),2025. 9. 9.(화) 10:00 ~ 9. 16.(화) 17:00,,,,,,,,,,,,,,,,
44,"인문, 통합
논술고사
자연","2025. 11. 15.(토) 9:20 ~ 11:00
※  고사장 및 입실완료 시간은 고사 3~4일 전 
본교 입학처 홈페이지에 공고
2025. 11. 15.(토) 14:00 ~ 15:40",,,,,,,,,,,,,,,,
44,,,,,,,,,,,,,,,,,,
44,최초합격자 발표,2025. 12. 12.(금) 14:00 예정,,,,,,,,,,,,,,,,
45,대상,,제출서류,,,,,,,,,,,,,,,
45,"국내 정규 
고등학교 
졸업(예정)자","학생부 온라인 제공 
동의자","•서류제출(PDF 업로드) 불필요
   ※ 대상: 2022년 2월 ~ 2026년 2월 졸업(예정)자
   ※  2005년 2월 ~ 2021년 2월 졸업자 중 희망자의 경우 온라인 생성 신청 시스템 
(apply.neis.go.kr)을 통해 대입전형자료 온라인 신청 가능",,,,,,,,,,,,,,,
45,,"학생부 온라인 제공 
미동의자 및 불가자","•대입전형용 학교생활기록부 1부
•교육기관(초·중·고교), 공공기관, 무인민원발급기, 인터넷 발급
•원서접수 사이트에서 서류제출(PDF 업로드)",,,,,,,,,,,,,,,
45,"고등학교 졸업학력 
검정고시 출신자1)","검정고시 자료 온라인 제공 
동의자","•서류제출(PDF 업로드) 불필요
   ※ 대상: 2017년 1회차 ~ 2025년 1회차 시험 합격자
   ※  해당 시·도교육청 나이스 홈페이지(www.neis.go.kr)에 접속하여 대입전형자료 
제공 신청",,,,,,,,,,,,,,,
45,,"검정고시 자료 온라인 제공 
미동의자 및 불가자","•고등학교 졸업학력 검정고시 합격증명서 1부
•원서접수 사이트에서 서류제출(PDF 업로드)",,,,,,,,,,,,,,,
45,국외 고등학교 출신자1),,"•국외 고등학교 졸업(예정)증명서 1부
•국외 고등학교 성적증명서 1부
   ※ 국외 고교 출신자 제출서류 안내(p.58) 필독
•원서접수 사이트에서 서류제출(PDF 업로드)",,,,,,,,,,,,,,,
45,대상,제출서류,제출방법 및 기한,,,,,,,,,,,,,,,
45,"검정고시 및 국외 고등학교 출신자 중 
국내 학교생활기록부가 있는 자※",[대상자만] 국내 고교 학교생활기록부 1부,"•원서접수 사이트에서 서류제출(PDF 업로드)
•2025. 9. 9.(화) 10:00 ~ 9. 16.(화) 17:00",,,,,,,,,,,,,,,
45,순위,인문,통합,자연,,,,,,,,,,,,,,
45,1순위,2번 문항 고득점자,1번 문항 고득점자,배점비율이 가장 높은 문항 고득점자,,,,,,,,,,,,,,
45,2순위,"원채점자 간 2번 문항 점수 편차가 
작은 득점자",2-3번 문항 고득점자,배점비율이 두 번째 높은 문항 고득점자,,,,,,,,,,,,,,
45,3순위,원채점자 간 총점 편차가 작은 득점자,2-2번 문항 고득점자,배점비율이 세 번째 높은 문항 고득점자,,,,,,,,,,,,,,
45,4순위,–,"1번 문항의 원채점자 간 
점수 편차가 작은 득점자","배점비율이 가장 높은 문항의 
원채점자 간 점수 편차가 작은 득점자",,,,,,,,,,,,,,
45,5순위,–,"2-3번 문항의 원채점자 간 
점수 편차가 작은 득점자","배점비율이 두 번째 높은 문항의 
원채점자 간 점수 편차가 작은 득점자",,,,,,,,,,,,,,
45,6순위,–,원채점자 간 총점 편차가 작은 득점자,원채점자 간 총점 편차가 작은 득점자,,,,,,,,,,,,,,
46,사정단계,"실기
(비대면)","실기
(대면)","학생부
(교과정량)","학생부
합계
(출결정량)",선발배수,"수능최저
학력기준",,,,,,,,,,,
46,1단계,"1,000(100%)",–,–,"–
1,000(100%)",10배수,없음,,,,,,,,,,,
46,2단계,–,700(70%),200(20%),"100(10%)
1,000(100%)",–,,,,,,,,,,,,
46,실기 종목,소요 시간,연습 시간,,,,,,,,,,,,,,,
46,"실기(비대면) [영상 제출]
1단계",2분 이내,–,,,,,,,,,,,,,,,
46,"실기(대면) [자유연기]
2단계",3분 이내,20분 이내,,,,,,,,,,,,,,,
46,등급,1,2,3,4,5,,,,,,,,,,,,
46,미인정 결석 일수,3일 이하,4 ~ 6일,7 ~ 9일,10 ~ 15일,16일 이상,,,,,,,,,,,,
46,점수,100,90,85,70,0,,,,,,,,,,,,
46,사정단계,전형요소,최고점,최저점,차이,실질 반영비율,,,,,,,,,,,,
46,1단계,실기(비대면),"1,000",0,"1,000",100%,,,,,,,,,,,,
46,2단계,실기(대면),700,0,700,70%,,,,,,,,,,,,
46,,학생부(교과정량),200,0,200,20%,,,,,,,,,,,,
46,,학생부(출결정량),100,0,100,10%,,,,,,,,,,,,
47,평가요소,반영비율,평가항목,,,,,,,,,,,,,,,
47,표현력,40%,감정과 의도를 섬세하고 진정성 있게 전달하는 연기 능력,,,,,,,,,,,,,,,
47,창의력,30%,장면 해석과 표현에서 드러나는 독창성과 개성 있는 접근력,,,,,,,,,,,,,,,
47,이해력,30%,캐릭터와 상황에 대한 깊이 있는 이해와 연기적 반영 능력,,,,,,,,,,,,,,,
47,구분,일정,,,,,,,,,,,,,,,,
47,원서접수,2025. 9. 9.(화) 10:00 ~ 9. 12.(금) 17:00,,,,,,,,,,,,,,,,
47,"서류제출(PDF 업로드)/
1단계 영상 업로드*",2025. 9. 9.(화) 10:00 ~ 9. 16.(화) 17:00,,,,,,,,,,,,,,,,
47,1단계 합격자 발표,2025. 10. 16.(목) 14:00 예정,,,,,,,,,,,,,,,,
47,실기(대면),"※  고사장 및 입실완료 시간은 고사 3~4일 전  
2025. 10. 29.(수) ~ 10. 31.(금)
본교 입학처 홈페이지에 공고",,,,,,,,,,,,,,,,
47,최초합격자 발표,2025. 12. 12.(금) 14:00 예정,,,,,,,,,,,,,,,,
48,대상,,제출서류,,,,,,,,,,,,,,,
48,"국내 정규 
고등학교 
졸업(예정)자","학생부 온라인 제공 
동의자","•서류제출(PDF 업로드) 불필요
   ※ 대상: 2022년 2월 ~ 2026년 2월 졸업(예정)자
   ※  2005년 2월 ~ 2021년 2월 졸업자 중 희망자의 경우 온라인 생성 신청 시스템 
(apply.neis.go.kr)을 통해 대입전형자료 온라인 신청 가능",,,,,,,,,,,,,,,
48,,"학생부 온라인 제공 
미동의자 및 불가자","•대입전형용 학교생활기록부 1부
•교육기관(초·중·고교), 공공기관, 무인민원발급기, 인터넷 발급
•원서접수 사이트에서 서류제출(PDF 업로드)",,,,,,,,,,,,,,,
48,"고등학교 졸업학력 
검정고시 출신자1)","검정고시 자료 온라인 제공 
동의자","•서류제출(PDF 업로드) 불필요
   ※ 대상: 2017년 1회차 ~ 2025년 1회차 시험 합격자
   ※  해당 시·도교육청 나이스 홈페이지(www.neis.go.kr)에 접속하여 대입전형자료 
제공 신청",,,,,,,,,,,,,,,
48,,"검정고시 자료 온라인 제공 
미동의자 및 불가자","•고등학교 졸업학력 검정고시 합격증명서 1부
•원서접수 사이트에서 서류제출(PDF 업로드)",,,,,,,,,,,,,,,
48,국외 고등학교 출신자1),,"•국외 고등학교 졸업(예정)증명서 1부
•국외 고등학교 성적증명서 1부
   ※ 국외 고교 출신자 제출서류 안내(p.58) 필독
•원서접수 사이트에서 서류제출(PDF 업로드)",,,,,,,,,,,,,,,
48,대상,제출서류,제출방법 및 기한,,,,,,,,,,,,,,,
48,검정고시 및 국외 고등학교 출신자※,국내 고교 학교생활기록부 1부,"•원서접수 사이트에서 서류제출(PDF 업로드)
•2025. 9. 9.(화) 10:00 ~ 9. 16.(화) 17:00",,,,,,,,,,,,,,,
48,순위,1단계 기준,2단계 기준,,,,,,,,,,,,,,,
48,1순위,"모집단위별 1단계 선발배수에 해당하는 
최종 순위 동점자는 모두 합격",2단계 실기평가(대면) 성적 우수자,,,,,,,,,,,,,,,
48,2순위,,1단계 실기평가(비대면) 성적 우수자,,,,,,,,,,,,,,,
48,3순위,,학생부(교과정량) 성적 우수자,,,,,,,,,,,,,,,
48,4순위,,학생부 반영 교과목 이수학점(단위)의 합이 큰 지원자,,,,,,,,,,,,,,,
49,대학,모집단위,성별,모집인원: 13명,,,,,,,,,,,,,,
49,,,,야구: 8명,테니스,육상,,,,,,,,,,,,
49,,,,"우투수
좌투수
포수
2루수
유격수
외야수",,,,,,,,,,,,,,
49,사범대학,"체육교육과
남자",,"3
1
1
1
1
1",2,3,,,,,,,,,,,,
49,종목,지원자격,,,,,,,,,,,,,,,,
49,야구,"고교 3학년 재학 중 다음의 실적을 모두 갖춘 자
• 대한야구소프트볼협회에서 인정하는 고교야구 대회*에서 소속팀 경기 숫자의 50% 이상 출전하고 투수 25이닝 이상,  
타자 40타석 이상 출전한 자 
(단, 타자는 주 수비 포지션**에서 70이닝 이상 출전한 자여야 하며 주 포지션으로 지원해야 함) 
• 본교에서 인정하는 전국대회***에서 16강 이내의 입상실적이 있는 자
   * 대한야구소프트볼협회에서 인정하는 고교야구 대회: 경기실적증명서에 기재된 대회 기준
   ** 주 수비 포지션: 경기실적증명서 기준으로 가장 많은 이닝을 출전한 포지션
   *** 본교에서 인정하는 전국대회: 이마트배, 황금사자기, 청룡기, 대통령배, 봉황대기",,,,,,,,,,,,,,,,
49,테니스,"고교 재학 중 다음의 실적을 모두 갖춘 자
• 고교 재학 중 ITF(국제테니스연맹)에서 인정하는 국제대회 또는 전국규모의 국내대회 개인전(단식, 복식)에서  
4강 이내의 입상실적이 있는 자
• 고교 재학 중 ITF(국제테니스연맹)에서 인정하는 국제대회 또는 전국규모의 국내대회 개인전(단식, 복식)에서  
3년 이내 15개 대회 이상 출전한 자
   ※ 전대회 출전기록 및 수상실적을 포함한 경기실적 증명서 제출",,,,,,,,,,,,,,,,
49,육상,"고교 재학 중 다음 중 하나 이상의 실적이 있는 자
• 고교 재학 중 전국규모 대회 1,500m, 5,000m, 10,000m, 3,000m 장애물, 10km 종목에서 3위 이내의 입상실적이 있는 자
• 고교 재학 중 전국규모 구간 마라톤 대회에서 개인구간 3위 이내의 입상 실적이 있는 자 (단체 성적 제외)
• 고교 재학 중 올림픽, 세계선수권, 아시안게임의 1,500m, 5,000m, 10,000m, 3,000m 장애물, 10km 종목에서  
국가대표, 국가상비군(후보선수)으로 선발된 자 (경보종목 제외)",,,,,,,,,,,,,,,,
50,종목,사정단계,"경기실적
면접",,실기,"학생부
(교과정량)","학생부
(출결정량)",합계,선발배수,"수능최저
학력기준",,,,,,,,
50,야구,1단계,"1,000(100%)",–,–,–,–,"1,000(100%)",6배수,없음,,,,,,,,
50,,2단계,"1단계 성적
500(50%)",–,300(30%),150(15%),50(5%),"1,000(100%)",–,,,,,,,,,
50,테니스·육상,1단계,"1,000(100%)",–,–,–,–,"1,000(100%)",6배수,없음,,,,,,,,
50,,2단계,"1단계 성적
500(50%)",300(30%),–,150(15%),50(5%),"1,000(100%)",–,,,,,,,,,
50,"종목
평가요소",,세부 내용,,,,,,,,,,,,,,,
50,야구,대표 경력,"•고교 재학 중 청소년대표, 프로 지명",,,,,,,,,,,,,,,
50,,수상 경력,"•고교 3학년 재학 중 다음의 항목 수상 시
   –투수: 우수 투수상 / 타자: 타격상, 홈런상, 타점상",,,,,,,,,,,,,,,
50,,개인 기록,"• 고교 3학년 재학 중 대학야구소프트볼협회에서 인정하는 고교 야구대회 출전 기록에 한함
   –투수: 이닝 수, 방어율, 탈삼진 / 타자: 타석 수, 타율",,,,,,,,,,,,,,,
50,테니스,대표 경력,"•고교 재학 중 국가대표, 국가대표 후보선수, 청소년대표, 청소년대표 후보선수
•4대 메이저 대회(주니어대회 포함) 출전",,,,,,,,,,,,,,,
50,,전국체전,•참가 경력,,,,,,,,,,,,,,,
50,,"전국대회, 국제대회, 
4대 메이저대회(주니어대회 포함)","•우승 ~ 4강(개인, 복식, 단체)",,,,,,,,,,,,,,,
50,육상,대표 경력,"•국가대표, 국가대표 후보선수",,,,,,,,,,,,,,,
50,,신기록,•고등부 최고기록 이상,,,,,,,,,,,,,,,
50,,개인 기록,•1 ~ 3위까지,,,,,,,,,,,,,,,
50,"등급
1","2
3
4",5,,,,,,,,,,,,,,,
50,"3일 이하
미인정 결석 일수","4 ~ 6일
7 ~ 9일
10 ~ 15일",16일 이상,,,,,,,,,,,,,,,
50,"100
점수","90
85
70",0,,,,,,,,,,,,,,,
51,"포지션
항목
반영비율",,,평가방법,,,,,,,,,,,,,,
51,"투수
(30%)",볼스피드,10%,•투구 3개 중 최고 구속을 평가함 (단위는 시속(km/h)임),,,,,,,,,,,,,,
51,,제구력,10%,• 세트 포지션으로 각 3개의 직구를 투구하여 지정된 구역에 투구 성공 시 개당 점수를 부여함,,,,,,,,,,,,,,
51,,변화구,10%,•3개의 변화구를 투구하여 지정된 구역에 투구 성공 시 개당 점수를 부여함,,,,,,,,,,,,,,
51,"포수·내야수· 
외야수
(30%)",포구,10%,"[포수] 플라이볼 3개를 포구하여 성공 시 개당 점수를 부여함
[내야수] 그라운드볼 3개를 포구하여 1스텝으로 지정된 구역에 송구 성공 시 개당 점수를 부여함
[외야수] 그라운드볼 3개를 포구하여 3스텝 이내로 지정된 구역에 송구 성공 시 개당 점수를 부여함",,,,,,,,,,,,,,
51,,송구,10%,•지정된 구역 안(4m)에서 멀리던지기 3개 중 최고 기록을 평가함 (홈플레이트 기준 45° 범위 내),,,,,,,,,,,,,,
51,,타격,10%,"• 지정된 타석 안에서 T바 위에 올려진 공을 3번 타격하여 최고 기록을 평가함  
(홈플레이트 기준 45° 범위 내)",,,,,,,,,,,,,,
51,평가영역,반영비율,평가내용,,,,,,,,,,,,,,,
51,상황판단력,20%,"•상황에 대한 이해력
•상황에 대한 분석력
•상황에 대한 판단력",,,,,,,,,,,,,,,
51,소통 및 문제해결력,30%,"•질문에 대한 답변 내용의 간결성과 요약성
•질문에 대한 답변 내용과 표현의 적절성
•문제해결의 논리성",,,,,,,,,,,,,,,
51,교직태도 및 교직관,30%,"•교직에 대한 관심과 자긍심, 사명감
•학습자의 인권을 존중하고 배려하는 태도
•긍정적인 자아개념, 인생관, 국가관, 세계관
•학습자의 인지적, 정서적, 신체적 발달 과정에 대한 이해",,,,,,,,,,,,,,,
51,인성적 자질,20%,"•열의, 자신감, 정서적 안정감
•도덕성, 책임감, 사회성, 성실성",,,,,,,,,,,,,,,
51,사정단계,전형요소,최고점,최저점,차이,실질 반영비율,,,,,,,,,,,,
51,1단계,경기실적,"1,000",0,"1,000",100%,,,,,,,,,,,,
51,2단계,1단계 성적,500,0,500,50%,,,,,,,,,,,,
51,,"[야구] 실기
[테니스·육상] 면접",300,0,300,30%,,,,,,,,,,,,
51,,학생부(교과정량),150,0,150,15%,,,,,,,,,,,,
51,,학생부(출결정량),50,0,50,5%,,,,,,,,,,,,
52,구분,일정,,,,,,,,,,,,,,,,
52,원서접수,2025. 9. 9.(화) 10:00 ~ 9. 12.(금) 17:00,,,,,,,,,,,,,,,,
52,서류제출(PDF 업로드),2025. 9. 9.(화) 10:00 ~ 9. 16.(화) 17:00,,,,,,,,,,,,,,,,
52,1단계 합격자 발표,2025. 10. 16.(목) 14:00 예정,,,,,,,,,,,,,,,,
52,[야구] 실기고사,"2025. 10. 25.(토)
※  고사장 및 입실완료 시간은 고사 3~4일 전",,,,,,,,,,,,,,,,
52,[테니스·육상] 면접,"본교 입학처 홈페이지에 공고
2025. 11. 8.(토)",,,,,,,,,,,,,,,,
52,최초합격자 발표,2025. 11. 28.(금) 14:00 예정,,,,,,,,,,,,,,,,
52,대상,,제출서류,,,,,,,,,,,,,,,
52,"국내 정규 
고등학교 
졸업(예정)자","학생부 온라인 제공 
동의자","•서류제출(PDF 업로드) 불필요
   ※ 대상: 2022년 2월 ~ 2026년 2월 졸업(예정)자
   ※  2005년 2월 ~ 2021년 2월 졸업자 중 희망자의 경우 온라인 생성 신청 시스템 
(apply.neis.go.kr)을 통해 대입전형자료 온라인 신청 가능",,,,,,,,,,,,,,,
52,,"학생부 온라인 제공 
미동의자 및 불가자","•대입전형용 학교생활기록부 1부
•교육기관(초·중·고교), 공공기관, 무인민원발급기, 인터넷 발급
•원서접수 사이트에서 서류제출(PDF 업로드)",,,,,,,,,,,,,,,
52,"고등학교 졸업학력 
검정고시 출신자1)","검정고시 자료 온라인 제공 
동의자","•서류제출(PDF 업로드) 불필요
   ※ 대상: 2017년 1회차 ~ 2025년 1회차 시험 합격자
   ※  해당 시·도교육청 나이스 홈페이지(www.neis.go.kr)에 접속하여 대입전형자료 
제공 신청",,,,,,,,,,,,,,,
52,,"검정고시 자료 온라인 제공 
미동의자 및 불가자","•고등학교 졸업학력 검정고시 합격증명서 1부
•원서접수 사이트에서 서류제출(PDF 업로드)",,,,,,,,,,,,,,,
52,국외 고등학교 출신자1),,"•국외 고등학교 졸업(예정)증명서 1부
•국외 고등학교 성적증명서 1부
   ※ 국외 고교 출신자 제출서류 안내(p.58) 필독
•원서접수 사이트에서 서류제출(PDF 업로드)",,,,,,,,,,,,,,,
53,"–경기실적증명서
–경기출전증명(확인)서 
–개인성적표
–프로 지명 확인서","–대표선수(후보선수) 선발확인서 
–우수 선수 선발확인서 
–개인 수상 확인서",,,,,,,,,,,,,,,,
53,제출서류,비고,,,,,,,,,,,,,,,,
53,개인(리그) 실적증명서,"•대한체육회 및 산하기관이 발행한 아래 증명서 중 해당 서류 제출 
   ※ 고교 전체 실적 및 고교 졸업 후 모든 경기실적 포함
   ※ 고교 3학년 재학년도 상반기 리그 실적 포함
   ※ 지원자격 확인을 위해 상기 서류 이외에 기타 서류를 제출할 수 있음",,,,,,,,,,,,,,,,
53,,,"–경기실적증명서
–경기출전증명(확인)서 
–개인성적표
–프로 지명 확인서","–대표선수(후보선수) 선발확인서 
–우수 선수 선발확인서 
–개인 수상 확인서",,,,,,,,,,,,,,
53,,,,,,,,,,,,,,,,,,
53,순위,1단계 기준,2단계 기준,,,,,,,,,,,,,,,
53,,,야구,테니스·육상,,,,,,,,,,,,,,
53,1순위,"세부 포지션별 1단계 선발배수에 해당하는 
최종 순위 동점자는 모두 합격",경기실적 성적 우수자,경기실적 성적 우수자,,,,,,,,,,,,,,
53,2순위,,실기 성적 우수자,면접 성적 우수자,,,,,,,,,,,,,,
53,3순위,,학생부(교과정량) 성적 우수자,학생부(교과정량) 성적 우수자,,,,,,,,,,,,,,
55,전형요소,최고점,최저점,차이,실질 반영비율,,,,,,,,,,,,,
55,서류,700,0,700,70%,,,,,,,,,,,,,
55,학생부(교과정량),300,0,300,30%,,,,,,,,,,,,,
55,평가요소,반영비율,평가항목,,,,,,,,,,,,,,,
55,학업역량,30%,학업성취도 / 학업태도 / 탐구력,,,,,,,,,,,,,,,
55,진로역량,40%,전공(계열) 관련 교과 이수 노력 / 전공(계열) 관련 교과 성취도 / 진로 탐색 활동과 경험,,,,,,,,,,,,,,,
55,공동체역량,30%,협업과 소통능력 / 나눔과 배려 / 성실성과 규칙준수 / 리더십,,,,,,,,,,,,,,,
55,구분,일정,비고,,,,,,,,,,,,,,,
55,원서접수,2025. 9. 9.(화) 10:00 ~ 9. 12.(금) 17:00,"• 전형기간 자율화 전형으로 수시모집 지원횟수 
제한사항을 적용하지 않음",,,,,,,,,,,,,,,
55,서류제출(PDF 업로드),2025. 9. 9.(화) 10:00 ~ 9. 16.(화) 17:00,,,,,,,,,,,,,,,,
55,최초합격자 발표,2025. 12. 12.(금) 14:00 예정,,,,,,,,,,,,,,,,
55,추가합격자 발표,2025. 12. 18.(목) 10:00 ~ 12. 23.(화) 18:00,,,,,,,,,,,,,,,,
55,등록금 납부 이후 충원,2026. 2. 6.(금) ~ 2. 27.(금),• 상세 일정은 추후 본교 입학처 홈페이지 공고,,,,,,,,,,,,,,,
56,제출서류,,비고,,,,,,,,,,,,,,,
56,학교생활기록부,"온라인 제공 
동의자","•서류제출(PDF 업로드) 불필요
   ※ 대상: 2022년 2월 ~ 2026년 2월 졸업(예정)자
   ※  2005년 2월 ~ 2021년 2월 졸업자 중 희망자의 경우 온라인 생성 신청 시스템 
(apply.neis.go.kr)을 통해 대입전형자료 온라인 신청 가능",,,,,,,,,,,,,,,
56,,"온라인 제공 
미동의자 및 불가자","•대입전형용 학교생활기록부 1부
•교육기관(초·중·고교), 공공기관, 무인민원발급기, 인터넷 발급
•원서접수 사이트에서 서류제출(PDF 업로드)",,,,,,,,,,,,,,,
56,순위,기준,,,,,,,,,,,,,,,,
56,1순위,서류 진로역량 점수 우수자,,,,,,,,,,,,,,,,
56,2순위,서류 학업역량 점수 우수자,,,,,,,,,,,,,,,,
56,3순위,서류 공동체역량 점수 우수자,,,,,,,,,,,,,,,,
56,4순위,학생부(교과정량) 성적 총점 우수자,,,,,,,,,,,,,,,,
56,5순위,국어 교과 성적 우수자,,,,,,,,,,,,,,,,
57,구분,,제출서류,,,,,,,,,,,,,,,
57,"국내 정규 
고등학교 
졸업(예정)자","학생부 온라인 제공 
동의자","•서류제출(PDF 업로드) 불필요
   ※ 대상: 2022년 2월 ~ 2026년 2월 졸업(예정)자
   ※  2005년 2월 ~ 2021년 2월 졸업자 중 희망자의 경우 온라인 생성 신청 시스템 
(apply.neis.go.kr)을 통해 대입전형자료 온라인 신청 가능",,,,,,,,,,,,,,,
57,,"학생부 온라인 제공 
미동의자 및 불가자","•대입전형용 학교생활기록부 1부
•교육기관(초·중·고교), 공공기관, 무인민원발급기, 인터넷 발급
•원서접수 사이트에서 서류제출(PDF 업로드)",,,,,,,,,,,,,,,
57,"고등학교 졸업학력 
검정고시 출신자","온라인 제공 
동의자","•서류제출(PDF 업로드) 불필요
   ※ 대상: 2017년 1회차 ~ 2025년 1회차 시험 합격자
   ※  해당 시·도교육청 나이스 홈페이지(www.neis.go.kr)에 접속하여 대입전형자료 
제공 신청",,,,,,,,,,,,,,,
57,,"온라인 제공 
미동의 및 불가자","•고등학교 졸업학력 검정고시 합격증명서 1부
•원서접수 사이트에서 서류제출(PDF 업로드)",,,,,,,,,,,,,,,
57,,"국내 고교 이수학기가 
있는 자*","•국내 고교 학교생활기록부
•원서접수 사이트에서 서류제출(PDF 업로드)",,,,,,,,,,,,,,,
57,"국외 고등학교 
출신자",지원자 전체,"•국외 고등학교 졸업(예정)증명서 1부
•국외 고등학교 성적증명서 1부
   ※ 국외 고교 출신자 제출서류 안내(p.58) 필독
•원서접수 사이트에서 서류제출(PDF 업로드)",,,,,,,,,,,,,,,
57,,"국내 고교 이수학기가 
있는 자*","•국내 고교 학교생활기록부
•원서접수 사이트에서 서류제출(PDF 업로드)",,,,,,,,,,,,,,,
57,전형명,대상,"제출서류
제출방식",,제출기한,,,,,,,,,,,,,
57,"학생부종합(KU자기추천)
학생부종합(기회균형)
학생부종합(특수교육대상자)","학교생활기록부 미보유자
(검정고시, 국외고)","학교생활기록부 
대체 서식","• 원서접수 시  
온라인 입력","2025.  9. 9.(화) 10:00 ~ 
9. 16.(화) 17:00",,,,,,,,,,,,,
57,학생부종합(기회균형),농어촌학생 지원자 전체,"농어촌학생  
지원자격 확인서","• 본교 양식을 입학처 
홈페이지에서 
내려받아 작성 후, 
원서접수 사이트에서 
서류제출(PDF 업로드)",,,,,,,,,,,,,,
57,"학생부종합
(특성화고교졸업자)","지원 모집단위의  
기준학과 미충족자","기준학과 인정 
확인서",,,,,,,,,,,,,,,
57,,"졸업 당시 기준학과가 
설정되어 있지 않았던 지원자",,,,,,,,,,,,,,,,
58,전형,대상,제출서류,기한,,,,,,,,,,,,,,
58,수시 전체 전형,"• 최종등록자 중 원서접수 시 
서류를 PDF로 업로드하여 
제출한 자",•PDF로 업로드한 서류 전체,"•2026. 2. 20.(금)까지
•마감일 우편소인 인정",,,,,,,,,,,,,,
58,학생부종합(기회균형),"• 농어촌학생 최종등록자 중 
2026년 2월 졸업예정자 
(2025년 기준 고등학교 3학년)","•[지원자격1]
   – 주민등록표초본 
(지원자, 부, 모 기준 각 1부)
   – 고등학교 졸업증명서
      ※  위 서류 모두 졸업일 이후 
발급분으로 제출
•[지원자격2]
   – 주민등록표초본 
(지원자 기준 1부)
   – 고등학교 졸업증명서
      ※  위 서류 모두 졸업일 이후 
발급분으로 제출",,,,,,,,,,,,,,,
58,학생부종합(특성화고졸재직자),• 최종등록자 전원,"• 국민건강보험자격득실확인서 등  
지원자격 증빙서류
•2026. 3. 1.(일) 이후 발급분","•2026. 3. 6.(금)까지
•마감일 우편소인 인정",,,,,,,,,,,,,,
59,해당 전형,,반영교과목,반영요소,,,,,,,,,,,,,,
59,학생부교과,KU지역균형,"• 국어, 수학, 영어, 과학, 사회, 한국사 전 과목
   – 석차등급 및 이수학점(단위)이 표기된 전 과목
   – 학년별, 교과별 가중치 없음","• 석차등급 및 이수학점(단위)
   ※ 등급의 기준점수를 반영
   ※  단, 진로선택과목은 전 과목을  
‘정성평가’로만 반영",,,,,,,,,,,,,,
59,학생부종합,기회균형,,,,,,,,,,,,,,,,
59,,특성화고교졸업자,,,,,,,,,,,,,,,,
59,,특성화고졸재직자,,,,,,,,,,,,,,,,
59,실기/실적,KU연기우수자,"• 국어(50%), 영어(50%)
   – 위 교과 중 석차등급 및  
이수학점(단위)이 표기된 전 과목
   ※  단, 진로선택과목은 반영교과 기준  
성취도 상위 3과목*","• 석차등급 및 이수학점(단위)
   ※  단, 진로선택과목은 성취도(A·B·C) 및 
이수학점(단위)
   ※ 등급 및 성취도의 기준점수를 반영",,,,,,,,,,,,,,
59,,KU체육특기자,,,,,,,,,,,,,,,,
59,해당 전형,,산출식,,,,,,,,,,,,,,,
59,학생부교과,KU지역균형,"∑ (기준점수 × 과목별 이수학점(단위))
반영교과 전과목 이수학점(단위)의 합",,,,,,,,,,,,,,,
59,학생부종합,기회균형,,,,,,,,,,,,,,,,
59,,특성화고교졸업자,,,,,,,,,,,,,,,,
59,,특성화고졸재직자,,,,,,,,,,,,,,,,
59,실기/실적,KU연기우수자,"∑ (기준점수 × 과목별 이수학점(단위))
교과별 
반영비율
반영교과 전과목 이수학점(단위)의 합",,,,,,,,,,,,,,,
59,,KU체육특기자,,,,,,,,,,,,,,,,
60,시기,전형,비교 요소,적용 대상,,,,,,,,,,,,,,
60,수시,"학생부종합(기회균형)
학생부종합(특성화고교졸업자)
학생부종합(특성화고졸재직자)",서류평가,"• 2007년 이전 졸업자(2007년 졸업자 포함), 
검정고시 출신자, 국외고교 출신자 등",,,,,,,,,,,,,,
60,,실기/실적(KU체육특기자),경기실적,,,,,,,,,,,,,,,
60,,학생부종합(기회균형) 중 기초생활및차상위,서류평가,"• 학생부 교과 3학기 이상 학생부(교과정량)  
성적 산출내역이 없는 자",,,,,,,,,,,,,,
60,「학교폭력예방 및 대책에 관한 법률」 제17조제1항,감점 비율,,,,,,,,,,,,,,,,
60,제1호 (피해학생에 대한 서면사과),감점 없음,,,,,,,,,,,,,,,,
60,"제2호 (피해학생 신고·고발 학생에 대한 접촉, 협박 및 보복행위의 금지)",20점(2%),,,,,,,,,,,,,,,,
60,제3호 (학교에서의 봉사),30점(3%),,,,,,,,,,,,,,,,
60,제4호 (사회봉사),200점(20%),,,,,,,,,,,,,,,,
60,제5호 (학내외 전문가에 의한 특별교육 이수 또는 심리치료),300점(30%),,,,,,,,,,,,,,,,
60,제6호 (출석정지),500점(50%),,,,,,,,,,,,,,,,
60,제7호 (학급교체),,,,,,,,,,,,,,,,,
60,제8호 (전학),,,,,,,,,,,,,,,,,
60,제9호 (퇴학처분),,,,,,,,,,,,,,,,,
61,단계별 전형,,,,,,,,,,,,,,,,,
61,2 단 계,"서류검토
질문도출",,,,,,,,,,,,,,,,
61,,면접평가,,,,,,,,,,,,,,,,
61,,면접재심의,,,,,,,,,,,,,,,,
61,,면접실사,,,,,,,,,,,,,,,,
61,"구분
학교생활기록부",,학교생활기록부 평가영역,,,,,,,,,,,,,,,
61,학생부교과(KU지역균형),◯,•학교생활기록부 내 ‘교과학습발달상황’만 대상으로 평가,,,,,,,,,,,,,,,
61,학생부종합전형 전체,◯,"•학교생활기록부 전체
※ 학교생활기록부 대체 서식 제출 대상자는 해당 서류로 평가",,,,,,,,,,,,,,,
62,구분,학생부교과(KU지역균형),,,,,,,,,,,,,,,,
62,,배점,평가항목,,,,,,,,,,,,,,,
62,학업역량,200점,"•학업성취도
•학업태도",,,,,,,,,,,,,,,
62,진로역량,100점,"•전공(계열) 관련 교과 이수 노력
•전공(계열) 관련 교과 성취도",,,,,,,,,,,,,,,
62,합계,300점,,,,,,,,,,,,,,,,
62,학과(부)별 모집,,,KU자유전공학부1) 모집,,,,,,,,,,,,,,
62,평가요소,배점,평가항목,평가요소,배점,평가항목,,,,,,,,,,,,
62,학업역량,300점,"• 학업성취도
• 학업태도
• 탐구력",학업역량,200점,"• 학업성취도
• 학업태도",,,,,,,,,,,,
62,진로역량,400점,"• 전공(계열) 관련 교과 이수 노력
• 전공(계열) 관련 교과 성취도
• 진로 탐색 활동과 경험",성장역량2),500점,"• 자기주도성
• 창의적 문제해결력
• 경험의 다양성",,,,,,,,,,,,
62,공동체역량,300점,"• 협업과 소통능력
• 나눔과 배려
• 성실성과 규칙준수
• 리더십",공동체역량,300점,"• 협업과 소통능력
• 나눔과 배려
• 성실성과 규칙준수
• 리더십",,,,,,,,,,,,
62,합계,"1,000점",,합계,"1,000점",,,,,,,,,,,,,
63,평가요소,평가항목,정의,,,,,,,,,,,,,,,
63,"학업역량
대학 교육을
충실히
이수하는 데
필요한 수학 능력",학업성취도,고교교육과정에서이수한교과의성취수준이나학업발전의정도,,,,,,,,,,,,,,,
63,,,"– 대학 수학에 필요한 기본 교과목(예: 국어, 수학, 영어, 사회, 과학, 한국사 등)의 교과성적은 적절한가?  
그 외 교과목의 교과성적은 어느 정도인가? 유난히 소홀한 과목이 있는가?
– 학기별/학년별 성적의 추이는 어떠한가?",,,,,,,,,,,,,,,
63,,학업태도,학업을수행하고학습해나가려는의지와노력,,,,,,,,,,,,,,,
63,,,"– 새로운 지식을 획득하기 위해 자기주도적으로 노력하고 있는가?
– 교과 수업에 적극적으로 참여해 수업 내용을 이해하려는 태도와 열정이 있는가?",,,,,,,,,,,,,,,
63,,탐구력,"지적호기심을바탕으로사물과현상에대해탐구하고,문제를해결하려는노력",,,,,,,,,,,,,,,
63,,,"– 교내 활동에서 학문에 대한 열의와 지적 관심이 드러나고 있는가?
– 교과와 각종 탐구활동에서 구체적인 성과를 보이고 있는가?",,,,,,,,,,,,,,,
63,"진로역량
자신의 진로와 
전공(계열)에 관한
탐색 노력과 
준비 정도","전공(계열)
관련
교과이수노력",고교교육과정에서전공(계열)에필요한과목을선택하여이수한정도,,,,,,,,,,,,,,,
63,,,"– 전공(계열)과 관련된 과목을 적절하게 선택하고, 이수한 과목은 얼마나 되는가? 
– 전공(계열)과 관련된 과목을 이수하기 위하여 추가적인 노력을 하였는가? 
(예: 공동교육과정, 온라인수업, 소인수과목 등)
- 선택과목(일반/진로)은 교과목 학습단계(위계)에 따라 이수하였는가?",,,,,,,,,,,,,,,
63,,"전공(계열)
관련
교과성취도",고교교육과정에서전공(계열)에필요한과목을수강하고취득한학업성취수준,,,,,,,,,,,,,,,
63,,,"– 전공(계열)과 관련된 과목의 성취 수준은 적절한가? 
– 전공(계열)과 관련된 동일 교과 내 일반선택과목 대비 진로선택과목의 성취수준은 어떠한가?",,,,,,,,,,,,,,,
63,,"진로탐색
활동과경험",자신의진로를탐색하는과정에서이루어진활동이나경험및노력정도,,,,,,,,,,,,,,,
63,,,"– 자신의 관심 분야나 흥미와 관련한 다양한 활동에 참여하여 노력한 경험이 있는가?
– 교과활동이나 창의적 체험활동에서 전공(계열)에 대한 관심을 가지고 탐색한 경험이 있는가?",,,,,,,,,,,,,,,
63,"성장역량
현재의 상황이나 
수준보다 
질적으로 더 
높은 단계로 
향상 시킬 수 있는 
능력",자기주도성,스스로목표를설정하고적절한전략을선택하여계획을수립하고실행하는성향,,,,,,,,,,,,,,,
63,,,"– 학교생활에서 주도적으로 계획을 수립하고 이를 실행한 경험이 있는가?
– 설정한 목표를 이루기 위하여 자신을 돌아보고 개선하려는 의지가 있는가?",,,,,,,,,,,,,,,
63,,"창의적
문제해결력",창조적이고논리적인사고로문제를해결하는능력,,,,,,,,,,,,,,,
63,,,"– 학교생활에서 창의적인 발상을 통해 일을 진행한 경험이 있는가?
– 학교생활에서 나타나는 문제점을 적극적으로 해결하기 위해 노력하였는가?",,,,,,,,,,,,,,,
63,,"경험의
다양성",학교교육의다양한영역에서직접겪거나활동하면서얻은성장과정및결과,,,,,,,,,,,,,,,
63,,,"– 학교생활을 통해 다양한 교과목을 활용하여 융합적 소양을 쌓으려고 노력하였는가?
– 자율, 동아리, 진로활동 등 교내 활동을 통해 다양한 경험을 쌓았는가?",,,,,,,,,,,,,,,
63,"공동체역량
공동체의 
일원으로서 갖춰야 할 
바람직한 
사고와 행동","협업과
소통능력","공동체의목표를달성하기위해협력하며,구성원들과합리적인의사소통을할수있는능력",,,,,,,,,,,,,,,
63,,,"– 구성원들과 협력을 통하여 공동의 과제를 수행하고 완성한 경험이 있는가?
– 타인의 의견에 공감하고 수용하는 태도를 보이며, 자신의 정보와 생각을 잘 전달하는가?",,,,,,,,,,,,,,,
63,,나눔과배려,"상대방을존중하고이해하여원만한관계를형성하며,타인을위하여기꺼이나누어주고자하는태도와행동",,,,,,,,,,,,,,,
63,,,"– 학교생활 속에서 나눔을 실천하고 생활화한 경험이 있는가?
– 타인을 위하여 양보하거나 배려를 실천한 구체적 경험이 있는가?",,,,,,,,,,,,,,,
63,,"성실성과
규칙준수","책임감을바탕으로자신의의무를다하고,공동체의기본윤리와원칙을준수하는태도",,,,,,,,,,,,,,,
63,,,"– 교내 활동에서 자신이 맡은 역할에 최선을 다하려고 노력한 경험이 있는가?
– 자신이 속한 공동체가 정한 규칙과 규정을 준수하고 있는가?",,,,,,,,,,,,,,,
63,,리더십,공동체의목표달성을위해구성원들의상호작용을이끌어가는능력,,,,,,,,,,,,,,,
63,,,"– 공동체의 목표를 달성하기 위해 계획하고 실행을 주도한 경험이 있는가?
– 구성원들의 인정과 신뢰를 바탕으로 참여를 이끌어내고 조율한 경험이 있는가?",,,,,,,,,,,,,,,
65,학과(부)별 모집,,,KU자유전공학부1) 모집,,,,,,,,,,,,,,
65,"평가요소
배점",,평가항목,평가요소,"배점
평가항목",,,,,,,,,,,,,
65,학업역량,300점,• 탐구력,학업역량,200점,"• 학업성취도
• 학업태도",,,,,,,,,,,,
65,진로역량,400점,"• 전공(계열) 관련 교과 이수 노력
• 진로 탐색 활동과 경험",성장역량2),500점,"• 자기주도성
• 창의적 문제해결력
• 경험의 다양성",,,,,,,,,,,,
65,공동체역량,300점,"• 협업과 소통능력
• 나눔과 배려",공동체역량,300점,"• 협업과 소통능력
• 나눔과 배려",,,,,,,,,,,,
65,합계,"1,000점",,합계,"1,000점",,,,,,,,,,,,,
68,전형명,1단계 전형료,2단계 전형료,,,,,,,,,,,,,,,
68,학생부교과(KU지역균형),"65,000원",-,,,,,,,,,,,,,,,
68,학생부종합(KU자기추천),"65,000원","25,000원",,,,,,,,,,,,,,,
68,"국가보훈대상자, 기초생활및차상위
학생부종합(기회균형) 
농어촌학생","면제
65,000원",-,,,,,,,,,,,,,,,
68,,,,,,,,,,,,,,,,,,
68,학생부종합(특성화고교졸업자),"65,000원",-,,,,,,,,,,,,,,,
68,학생부종합(특성화고졸재직자),"65,000원",-,,,,,,,,,,,,,,,
68,학생부종합(특수교육대상자),면제,,,,,,,,,,,,,,,,
68,전형명,전형료,1단계 불합격자 환불액,,,,,,,,,,,,,,,
68,논술(KU논술우수자),"65,000원",-,,,,,,,,,,,,,,,
68,"실기/실적(KU연기우수자, KU체육특기자)","95,000원","20,000원",,,,,,,,,,,,,,,
69,반환 사유,반환액,,,,,,,,,,,,,,,,
69,응시자의 착오로 과납한 경우,과납액 전액,,,,,,,,,,,,,,,,
69,본교의 귀책 사유,전형료 전액,,,,,,,,,,,,,,,,
69,천재지변으로 인하여 입학전형에 응시하지 못한 경우,"전형료 전액
※ 단, 해당 사항을 증명할 수 있는 
경우만 가능",,,,,,,,,,,,,,,,
69,질병 또는 사고 등으로 의료기관에 입원하여 입학전형에 응시하지 못한 경우,,,,,,,,,,,,,,,,,
69,본인의 사망으로 입학전형에 응시하지 못한 경우,,,,,,,,,,,,,,,,,
69,전형료 반환 신청 시점,반환액,,,,,,,,,,,,,,,,
69,원서접수 마감 이전,전형료에서 원서접수 수수료를 제외한 금액,,,,,,,,,,,,,,,,
69,원서접수 마감 후 일주일 이내,전형료에서 원서접수 수수료를 제외한 금액의 50%,,,,,,,,,,,,,,,,
69,원서접수 마감 일주일 경과 후 ~ 전형 1일 이전,전형료에서 원서접수 수수료를 제외한 금액의 25%,,,,,,,,,,,,,,,,
69,전형별 고사일 이후,없음,,,,,,,,,,,,,,,,
70,장학명,구분,내용,,,,,,,,,,,,,,,
70,"KU지역균형
우수장학",대상,학생부교과(KU지역균형) 전형점수가 본교가 정한 일정 점수 이상인 자,,,,,,,,,,,,,,,
70,,장학혜택,"① 전형점수 최상위자 - 4년간 수업료 전액(수의예과는 6년간)
② 전형점수 계열별(인문, 자연) 최상위자 - 2년간 수업료 전액(수의예과는 3년간)
③ 전형점수 단과대학별 상위 5% 이내인 자 - 1개 학기(첫 번째 학기) 수업료 50%",,,,,,,,,,,,,,,
70,"KU자기추천
우수장학",대상,학생부종합(KU자기추천) 전형점수가 본교가 정한 일정 점수 이상인 자,,,,,,,,,,,,,,,
70,,장학혜택,"① 전형점수 최상위자 - 4년간 수업료 전액(수의예과는 6년간)
② 전형점수 계열별(인문, 자연) 최상위자 - 2년간 수업료 전액(수의예과는 3년간)
③ 전형점수 단과대학별 상위 5% 이내인 자 - 1개 학기(첫 번째 학기) 수업료 50%",,,,,,,,,,,,,,,
70,장학명,구분,내용,,,,,,,,,,,,,,,
70,"예술디자인 
우수장학",대상,"예술디자인대학 실기대회 디자인 및 미술 분야 총장상 및 금상 수상자 중 시상년도 포함  
4년 이내 입학자",,,,,,,,,,,,,,,
70,,장학혜택,"분야
총장상
금상
수업료 2년간 전액 
수업료 1년간 전액
디자인
수업료 1년간 전액
수업료 1학기 전액
미술",,,,,,,,,,,,,,,
70,목련장학,대상,"건국대학교 사범대학 부속중학교, 부속고등학교를 모두 졸업한 자
(직전학기 12학점 이수, 평점 2.0 이상 충족 시 계속 장학생 유지)",,,,,,,,,,,,,,,
70,,장학혜택,4년간 수업료 50%,,,,,,,,,,,,,,,
71,구분,내용,,,,,,,,,,,,,,,,
71,신청자격,•3~8학기 등록(진급) 예정자(편입생 포함),,,,,,,,,,,,,,,,
71,신청시기,"•1월, 7월(신청 및 포기기간이 동일)",,,,,,,,,,,,,,,,
71,신청방법,•포탈[학사행정 → 학적 → 제2전공신청/포기 → 다(부)전공신청],,,,,,,,,,,,,,,,
71,선발인원,•학과(전공)의 수용능력을 감안하여 학과(전공)별로 결정,,,,,,,,,,,,,,,,
71,전공학점 이수,다전공,원전공 이수학점,다전공 이수학점,,,,,,,,,,,,,,
71,,,36학점 이상,36학점 이상,,,,,,,,,,,,,,
71,,부전공,원전공 이수학점,부전공 이수학점,,,,,,,,,,,,,,
71,,,51 또는 54학점 이상,21 또는 24학점 이상,,,,,,,,,,,,,,
71,신청제한,"• 일반학과 학생은 예체능계학과(단, 의상디자인학과로는 신청 가능), 수의과대학, 신산업융합학과,  
K뷰티산업융합학과, 국제대학, KU자유전공학부, 단과대학 자유전공학부로 신청 불가",,,,,,,,,,,,,,,,
71,,•사범대 학과 다(부)전공은 원전공의 교직과정 이수예정자로 선발된 자만 신청 가능,,,,,,,,,,,,,,,,
71,학위수여,"•다전공: 제1전공과 제2(3)전공 학위명이 함께 표기된 학위증 수여
•부전공: 부전공 학과명이 표기된 원전공 학위증 수여(부전공은 학위가 수여되지 않음)",,,,,,,,,,,,,,,,
71,전공이수 형태,"졸업에 필요한 최저 이수학점
내용
제1전공
제2전공",,,,,,,,,,,,,,,,
71,다전공,•재학 중 제1전공 외 1개 이상의 전공 학위 취득을 목적으로 이수하는 형태,36학점,36학점,,,,,,,,,,,,,,
71,주·부전공,•재학 중 제1전공 외 1개 이상 부전공 의무 이수,51 또는 54학점,21 또는 24학점,,,,,,,,,,,,,,
71,심화전공,•제1전공을 심화하여 이수하는 형태,72학점,–,,,,,,,,,,,,,,
72,구분,내용,,,,,,,,,,,,,,,,
72,신청대상,•2학년 1~2학기 등록 재학생(교직과정이 설치되어 있는 학과에 한함),,,,,,,,,,,,,,,,
72,신청방법,"• 매년 봄학기(4월, 9월) 정해진 신청기간에 포탈(학사행정 → 교직)에서 신청 및 학과(전공)사무실로 신청서 제출 
(4월 선발 후 잔여인원을 9월에 선발함)",,,,,,,,,,,,,,,,
72,선발방법,"• 교육부에서 승인된 인원수 내에서 1차 전형인 교직 적·인성검사와 2차 전형인  
성적 + 면접 전형을 실시 후(해당 학과), 교직과에서 3차 최종 면접을 실시하여 선발",,,,,,,,,,,,,,,,
72,이수학점,"• 전공과목 50학점(교과교육영역 3과목 및 기본이수과목 21학점 포함) 이상, 교직과목 22학점 이상 취득 
(상세 내용은 선발 후 공지)",,,,,,,,,,,,,,,,
72,모집단위,표시과목,,,,,,,,,,,,,,,,
72,국어국문학과,국어,,,,,,,,,,,,,,,,
72,중어중문학과,중국어,,,,,,,,,,,,,,,,
72,철학과,철학,,,,,,,,,,,,,,,,
72,사학과,역사,,,,,,,,,,,,,,,,
72,지리학과,지리,,,,,,,,,,,,,,,,
72,물리학과,물리,,,,,,,,,,,,,,,,
72,화학과,화학,,,,,,,,,,,,,,,,
72,모집단위,표시과목,,,,,,,,,,,,,,,,
72,건축학부(건축학전공),건설,,,,,,,,,,,,,,,,
72,컴퓨터공학부,정보·컴퓨터,,,,,,,,,,,,,,,,
72,정치외교학과,일반사회,,,,,,,,,,,,,,,,
72,경제학과,일반사회,,,,,,,,,,,,,,,,
72,행정학과,일반사회,,,,,,,,,,,,,,,,
72,국제무역학과,상업,,,,,,,,,,,,,,,,
72,경영학과,상업,,,,,,,,,,,,,,,,
72,모집단위,표시과목,,,,,,,,,,,,,,,,
72,첨단바이오공학부*,동물자원,,,,,,,,,,,,,,,,
72,생명과학특성학과,생물,,,,,,,,,,,,,,,,
72,"동물자원·식품과학·유통학부
(동물자원전공)",동물자원,,,,,,,,,,,,,,,,
72,커뮤니케이션디자인학과,디자인,,,,,,,,,,,,,,,,
72,의상디자인학과,의상,,,,,,,,,,,,,,,,
72,리빙디자인학과,디자인,,,,,,,,,,,,,,,,
72,영상학과,연극영화,,,,,,,,,,,,,,,,
72,매체연기학과,연극영화,,,,,,,,,,,,,,,,
73,구분,,1학년,2학년,3학년,4학년,,,,,,,,,,,,
73,,,자기이해와 진로탐색,진로설정과 직업탐색,취업전략과 경력개발,실전 취업역량개발,,,,,,,,,,,,
73,교과,,CSP진로탐색,진로설계와 직업탐색,"기업/직무 분석 및 역량개발, 
커리어설계 실습과 코칭","실전 취업 특강, 
외국계 기업 취업실전전략,
면접과 PT스피치 실습",,,,,,,,,,,,
73,비 교 과,기초,KU Career Class,,"Junior Elite Program,
취업 스터디, 
면접 미리패스",,,,,,,,,,,,,
73,,심화,"KU Career Coaching,
KU 진로탐험대
직무의 발견",,"KU Elite Program,
릴레이 직무 컨설팅 프로그램,
상·하반기 채용 대비 
입사지원서/면접 프로그램,
자소서 하루 완성 프로그램,
면접 하이패스","대기업 직무적성검사 
대비 프로그램,
현장실습 지원 대비 프로그램,
제로인턴십 일경험 연계 
프로그램,
이공계 5대 산업 
취업전략 특강,
KU Global Career 
Start Program",,,,,,,,,,,,
73,,,"기업 탐방, 현직자 동문선배 멘토링 프로그램 ‘맨토래담’",,,,,,,,,,,,,,,
73,,상시,"진로·취업 1:1 상담, 채용설명회 & 상담회, 추천채용, 맨토래담 서비스, 코멘토, 잡플래닛, AI역량검사(잡다CC)",,,,,,,,,,,,,,,
73,구분,,창업기초,아이디어 구현,창업실무,창업체험 및 사업화,,,,,,,,,,,,
73,교과,,"Startup Base Camp,
청년창업과 기업가정신","창업의 기회,
비즈니스 모델","기술창업: 지식서비스
창업 금융과 투자","창업기획 및 실행,
기술사업화 실무",,,,,,,,,,,,
73,학사제도,,창업장학금,스타트업 인턴십,창업휴학제,드림학기제: 창업연계형,,,,,,,,,,,,
73,비 교 과,교육,스타트업 내비게이션,스타트업 아카데미,스타트업 스테이션,스타트업 데스티네이션,,,,,,,,,,,,
73,,,KU 창업캠프,"학생창업 
엑셀러레이터 활동",KU 창업클럽,"KU 글로벌 스타트업 
프런티어",,,,,,,,,,,,
73,,실전,"네트워킹 
퍼스트 스타트업 
네트워킹 데이",학생 창업 유망팀300+,"사업화 자금 
예비창업패키지, 
청년창업사관학교","캠퍼스타운 입주, 글로벌 
창업 박람회(CES) 참가지원",,,,,,,,,,,,
73,상시,,"1:1 원스톱 창업 멘토링 서비스 (위인전에서 신청, 창업상담전문교수)",,,,,,,,,,,,,,,
75,구분,실습시기,학점 인정 학기,,,,,,,,,,,,,,,
75,학기 중,1학기(3 ~ 6월),해당 정규학기,,,,,,,,,,,,,,,
75,,2학기(9 ~ 12월),,,,,,,,,,,,,,,,
75,방학 중,하계방학(7 ~ 8월),해당 계절학기,,,,,,,,,,,,,,,
75,,동계방학(1 ~ 2월),,,,,,,,,,,,,,,,
77,구분,보증금,기숙사비(2인실),,,,,,,,,,,,,,,
77,,,"비전홀, 프론티어홀, 드림홀",레이크홀,비고,,,,,,,,,,,,,
77,학기 중,"100,000","1,603,000","1,822,000","※매 학기 학사일정에 따른 입주일 
변동으로 차이가 있을 수 있음",,,,,,,,,,,,,
77,6개월,"100,000","2,411,000","2,741,000",,,,,,,,,,,,,,
78,"학교생활기록부 대체 서식
※ 검정고시 출신자와 외국소재 고등학교 출신자 및 
국내 학력인정 외국교육 기관 출신자(교육부 인가 재외 한국학교 제외)만 작성하여 제출",,,,,,,,,,,,,,,,,
78,"지원자 
정보",,전형명,,,,,,,,,,,,,,,
78,,,모집단위,"(학부/학과/전공)
수험번호",,,,,,,,,,,,,,
78,,,성명,생년월일,,,,,,,,,,,,,,
78,,,,,,,,,,,,,,,,,,
78,"학력정보
(※ 해당 부분에
 
 표시)",,"검정고시
출신자",합격지역:,,합격일:              년              월              일,,,,,,,,,,,,
78,,,"외국소재 고등학교 
출신자 및 
국내 학력인정 
외국교육 기관 출신자
(※ 최근 순으로 
작성)",①,소재국가:,"입학일:      년    월    일
졸업(예정)일:      년    월    일",,,,,,,,,,,,
78,,,,,학교명:,,,,,,,,,,,,,
78,,,,②,"소재국가:
입학일:      년    월    일
전출일:      년    월    일",,,,,,,,,,,,,
78,,,,,학교명:,,,,,,,,,,,,,
78,,,,③,"소재국가:
입학일:      년    월    일
전출일:      년    월    일",,,,,,,,,,,,,
78,,,,,학교명:,,,,,,,,,,,,,
78,,,,,,,,,,,,,,,,,,
78,"[ 작성 유의사항 ]
1.해당서류는중요한전형자료이므로,반드시사실에기초하여본인이작성합니다.
2.기술된사항에대한사실확인을요청할경우지원자는적극협조하여야합니다.
3.허위사실기재,기타부정한사실등이발견될경우,불합격처리되며합격이후라도입학이취소될수있습니다.
4.공인어학성적및수학·과학·외국어교과에대한교외수상실적을기재할경우서류평가에서불이익을받을수있으니,
작성을금지합니다.
    가. 공인어학성적
영어(TOEIC, TOEFL, TEPS), 중국어(HSK), 일본어(JPT, JLPT), 프랑스어(DELF, DALF), 독일어(ZD, TESTDAF, DSH, DSD), 러시아어(TORFL), 
스페인어(DELE), 상공회의소한자시험, 한자능력검정, 실용한자, 한자급수자격검정, YBM 상무한검, 한자급수인증시험, 한자자격검정 등
    나. 수학·과학·외국어 교과에 대한 교외 수상실적
수학
과학
외국어
※   위에서 열거된 항목 외에도, 대회 명칭에 수학·과학(물리, 화학, 생물, 지구과학, 천문)·외국어(영어 등) 교과명이 명시된 학교 외 
각종 대회(경시대회, 올림피아드 등)의 수상실적을 작성했을 경우 불이익을 받을 수 있음
※   ‘교외 수상실적’이란 학교 외 기관이 개최한 대회 수상실적을 의미하며, 학교장의 참가 허락을 받은 교외 수상실적이라도 작성 시 
불이익을 받을 수 있음","한국수학올림피아드(KMO), 한국수학인증시험(KMC), 온라인 창의수학 경시대회, 도시대항 국제수학토너먼트(TofT), 국제수학올림피아드(IMO) 등
한국물리올림피아드(KPHO), 한국화학올림피아드(KCHO), 한국생물올림피아드(KBO), 한국천문올림피아드(KAO), 
한국지구과학올림피아드(KESO), 한국뇌과학올림피아드, 전국정보과학올림피아드, 국제물리올림피아드, 국제지구과학올림피아드, 
국제생물올림피아드, 국제천문올림피아드, 한국중등과학올림피아드 등
전국 초중고 외국어(영어, 중국어, 일본어, 프랑스어, 독일어, 러시아어, 스페인어) 경시대회, IET 국제영어대회, IEWC 국제영어글쓰기대회, 
글로벌 리더십 영어 경연대회, SIFEC 전국영어말하기대회, 국제영어논술대회 등",,,,,,,,,,,,,,,,
78,,,,,,,,,,,,,,,,,,
78,,,,,,,,,,,,,,,,,,
78,,,,,,,,,,,,,,,,,,
78,,,,,,,,,,,,,,,,,,
79,"[학교생활기록부 대체 서식 작성방법]

1.활동기간
•검정고시출신자:검정고시합격이전고등학교재학기간에준하는기간중활동에참여한시기
•외국소재고등학교출신자및국내학력인정외국교육기관출신자:고등학교재학기간중활동에참여한시기
2.활동내용:고등학교학교생활기록부내용에준하는활동
(※작성유의사항의제한내용확인필수,활동내용칸작성시활동(발행)기관명기재금지)
3.분량:각연번에한개씩,최대5개의활동을작성(항목별최대300자)",,,,,,,,,,,,,,,,,
79,"(학부/학과/전공)
모집단위
지원자 
정보
수험번호",,,,,,,,,,,,,,,,,
79,,,,,,,,,,,,,,,,,,
79,,,,,,,,,,,,,,,,,,
79,연번,"활동일자
( 년  월  일  ~  년  월  일 )",활동내용,활동(발행)기관,,,,,,,,,,,,,,
79,1,.      .      .  ~      .      .      .,,,,,,,,,,,,,,,,
79,2,.      .      .  ~      .      .      .,,,,,,,,,,,,,,,,
79,3,.      .      .  ~      .      .      .,,,,,,,,,,,,,,,,
79,4,.      .      .  ~      .      .      .,,,,,,,,,,,,,,,,
79,5,.      .      .  ~      .      .      .,,,,,,,,,,,,,,,,
79,"본인은 학교생활기록부 대체 서식 ‘작성 유의사항’을 숙지했으며, 해당사항 위반에 따른 조치에 대해서는 
이의를 제기하지 않겠습니다. ( 동의:  )
2025년          월          일
지 원 자 :                        (인)
건국대학교 총장 귀하",,,,,,,,,,,,,,,,,
79,"※ 본 서식은 참고용으로, 원서접수 후 입력기간 내에 온라인으로 작성하여 제출합니다.",,,,,,,,,,,,,,,,,
80,기준학과 인정 확인서,,,,,,,,,,,,,,,,,
80,"(학부/학과/전공)
모집단위
지원자
정보
성명
수험번호",,,,,,,,,,,,,,,,,
80,,,,,,,,,,,,,,,,,,
80,,,,,,,,,,,,,,,,,,
80,"담임교사
성명
학교 연락처
정보",,,,,,,,,,,,,,,,,
80,,,,,,,,,,,,,,,,,,
80,"고교명
교과과정
재학기간
출신고교
.     .     .     ~      .     .     .
및
고등학교
전공
재학기간
.     .     .     ~      .     .     .
고등학교
전공",,,,,,,,,,,,,,,,,
80,,,,,,,,,,,,,,,,,,
80,,,,,,,,,,,,,,,,,,
80,,,,,,,,,,,,,,,,,,
80,"지원자
기준학과
충족여부
판단근거","※ 해당 모집단위와 관련된 전문교과에 준하여 작성하시기 바랍니다.
학년/학기",교과계열,교과목명,이수학점(단위),"학년/학기
합계",교과계열,교과목명,이수학점(단위),,,,,,,,,
80,,,,,,,,,,,,,,,,,,
80,,,,,,,,,,,,,,,,,,
80,,,,,,,,,,,,,,,,,,
80,,,,,,,,,,,,,,,,,,
80,,,,,,,,,,,,,,,,,,
80,,,,,,,,,,,,,,,,,,
80,,,,,,,,,,,,,,,,,,
80,,,,,,,,,,,,,,,,,,
80,,,,,,,,,,,,,,,,,,
80,,,,,,,,,,,,,,,,,,
80,,※ 지원자의 기준학과 충족 여부 판단근거(띄어쓰기 포함 500자 이내),,,,,,,,,,,,,,,,
80,,,,,,,,,,,,,,,,,,
80,"1.   [기준학과 인정 확인서]는 지원자가 고등학교에서 이수한 학과가 지원 모집단위에서 제시한 기준학과에 충족함을 인정하여 추천
하는 서류입니다. 고등학교에서 설정한 기준학과가 모집단위별 기준학과와 일치하지 않는 경우에만 제출합니다.
2.  고등학교에서 해당 모집단위와 관련된 전문 교과로 30학점(단위) 이상 이수하였는지를 확인하여, 학년별로 이수한 전문 교과목의  
구분(계열) 및 이수학점(단위)을 작성해 주시기 바랍니다. 
※ 졸업예정자의 전 교육과정 이수기간과 재학기간은 원서접수 마감일을 기준으로 합니다.
3.  교과계열은 경영·금융, 보건·복지, 디자인·문화 콘텐츠, 미용·관광·레저, 음식 조리, 건설, 기계, 재료, 화학공업, 섬유·의류,  
전기·전자, 정보·통신, 식품 가공, 인쇄·출판·공예, 환경·안전, 농림·수산 해양, 선박 운항 등으로 구분하여 작성하십시오.",,,,,,,,,,,,,,,,,
80,"위 지원자는 특성화고등학교에 입학하여 전 교육과정을 이수한 졸업(예정)자로서,
지원 모집단위와 관련된 전문교과를 30학점(단위) 이상 이수하였기에 이를 확인합니다.
2025년          월          일
직인
확 인 자 :                        고등학교장
건국대학교 총장 귀하",,,,,,,,,,,,,,,,,
80,농어촌학생 지원자격 확인서,,,,,,,,,,,,,,,,,
80,지원자 정보,모집단위,,(학부/학과/전공),,생년월일,,,,,,,,,,,,
80,,성명,,,,수험번호,,,,,,,,,,,,
80,,,,,,,,,,,,,,,,,,
80,"지원자격
(※ 해당 자격에 
 표시)",,,"[지원자격 1: 중·고등학교 전 교육과정 이수자]
중학교 입학일부터 고등학교 졸업일까지 농어촌 소재지의 중·고등학교 전 교육과정을  
연속하여 이수하고, 해당 기간 동안 본인 및 부·모 모두 농어촌 소재지에 거주한 자",,,,,,,,,,,,,,
80,,,,"[지원자격 2: 초·중·고등학교 전 교육과정 이수자]
초등학교 입학일부터 고등학교 졸업일까지 농어촌 소재지의 초·중·고등학교  
전 교육과정을 연속하여 이수하고, 해당기간 동안 본인이 농어촌 소재지에 거주한 자",,,,,,,,,,,,,,
80,,,,,,,,,,,,,,,,,,
80,구분,,학교명,,"지원자 재학기간
(   년  월  일  ~  년  월  일)",,"재학기간 중 학교주소
(읍/면 이하 상세주소까지 작성)",,,,,,,,,,,
80,"초등학교 정보
(대상자만 작성)",,,,.     .     .     ~      .     .     .,,도(시),,군(구),,,,,,,,,
80,,,,,,,읍(면),,,,,,,,,,,
80,,,,,.     .     .     ~      .     .     .,,도(시),,군(구),,,,,,,,,
80,,,,,,,읍(면),,,,,,,,,,,
80,중학교 정보,,,,.     .     .     ~      .     .     .,,도(시),,군(구),,,,,,,,,
80,,,,,,,읍(면),,,,,,,,,,,
80,,,,,.     .     .     ~      .     .     .,,도(시),,군(구),,,,,,,,,
80,,,,,,,읍(면),,,,,,,,,,,
80,고등학교 정보,,,,.     .     .     ~      .     .     .,,도(시),,군(구),,,,,,,,,
80,,,,,,,읍(면),,,,,,,,,,,
80,,,,,.     .     .     ~      .     .     .,,도(시),,군(구),,,,,,,,,
80,,,,,,,읍(면),,,,,,,,,,,
80,"1.   학교 주소는 도로명 주소가 아닌 지번주소로 작성해 주십시오.   
예)   서울특별시 광진구 화양동 1 건국대학교 ()   
서울특별시 광진구 능동로 120 건국대학교 (×) 
2.   재학기간 중 재적사항의 변동(전학 등)이 있을 경우, 출신학교를 모두 기입하여 주시기 바랍니다.
3.   초등학교 정보는 [지원자격 2] 지원자만 작성해 주십시오.
4. 행정구역 변경으로 인한 주소명 변경의 경우, 변경 이후의 주소만 기재해 주십시오.",,,,,,,,,,,,,,,,,
80,"지원자와 본교는 지원자격과 관련한 상기 내용에 이상이 없음을 확인합니다.
2025년          월          일
지 원 자 :                        (인)
확 인 자 :                        고등학교장
직인
건국대학교 총장 귀하",,,,,,,,,,,,,,,,,
